labelIndex,modelLabel,scientificName,taxonClass
0,Abroscopus albogularis,Abroscopus albogularis,Aves
1,Abroscopus schisticeps,Abroscopus schisticeps,Aves
2,Abroscopus superciliaris,Abroscopus superciliaris,Aves
3,Aburria aburri,Aburria aburri,Aves
4,Acanthagenys rufogularis,Acanthagenys rufogularis,Aves
5,Acanthidops bairdi,Acanthidops bairdi,Aves
6,Acanthis cabaret,,
7,Acanthis flammea,Acanthis flammea,Aves
8,Acanthis hornemanni,,
9,Acanthisitta chloris,Acanthisitta chloris,Aves
10,Acanthiza apicalis,Acanthiza apicalis,Aves
11,Acanthiza chrysorrhoa,Acanthiza chrysorrhoa,Aves
12,Acanthiza ewingii,Acanthiza ewingii,Aves
13,Acanthiza inornata,Acanthiza inornata,Aves
14,Acanthiza lineata,Acanthiza lineata,Aves
15,Acanthiza nana,Acanthiza nana,Aves
16,Acanthiza pusilla,Acanthiza pusilla,Aves
17,Acanthiza reguloides,Acanthiza reguloides,Aves
18,Acanthiza uropygialis,Acanthiza uropygialis,Aves
19,Acanthorhynchus superciliosus,Acanthorhynchus superciliosus,Aves
20,Acanthorhynchus tenuirostris,Acanthorhynchus tenuirostris,Aves
21,Accipiter badius,Tachyspiza badia,Aves
22,Accipiter bicolor,Astur bicolor,Aves
23,Accipiter cirrocephalus,Tachyspiza cirrocephala,Aves
24,Accipiter cooperii,Astur cooperii,Aves
25,Accipiter fasciatus,Tachyspiza fasciata,Aves
26,Accipiter gentilis,Astur gentilis,Aves
27,Accipiter gularis,Tachyspiza gularis,Aves
28,Accipiter hiogaster,Tachyspiza hiogaster,Aves
29,Accipiter melanoleucus,Astur melanoleucus,Aves
30,Accipiter minullus,Tachyspiza minulla,Aves
31,Accipiter nisus,Accipiter nisus,Aves
32,Accipiter novaehollandiae,Tachyspiza novaehollandiae,Aves
33,Accipiter poliogaster,Accipiter poliogaster,Aves
34,Accipiter soloensis,Tachyspiza soloensis,Aves
35,Accipiter striatus,Accipiter striatus,Aves
36,Accipiter superciliosus,Microspizias superciliosus,Aves
37,Accipiter tachiro,Aerospiza tachiro,Aves
38,Accipiter trinotatus,Tachyspiza trinotata,Aves
39,Accipiter trivirgatus,Lophospiza trivirgata,Aves
40,Accipiter virgatus,Tachyspiza virgata,Aves
41,Aceros nipalensis,Aceros nipalensis,Aves
42,Achaetops pycnopygius,Achaetops pycnopygius,Aves
43,Acridotheres burmannicus,Acridotheres burmannicus,Aves
44,Acridotheres cristatellus,Acridotheres cristatellus,Aves
45,Acridotheres fuscus,Acridotheres fuscus,Aves
46,Acridotheres ginginianus,Acridotheres ginginianus,Aves
47,Acridotheres grandis,Acridotheres grandis,Aves
48,Acridotheres javanicus,Acridotheres javanicus,Aves
49,Acridotheres tristis,Acridotheres tristis,Aves
50,Acris crepitans,Acris crepitans,Aves
51,Acris gryllus,,
52,Acrobatornis fonsecai,Acrobatornis fonsecai,Aves
53,Acrocephalus agricola,Acrocephalus agricola,Aves
54,Acrocephalus arundinaceus,Acrocephalus arundinaceus,Aves
55,Acrocephalus australis,Acrocephalus australis,Aves
56,Acrocephalus baeticatus,,
57,Acrocephalus bistrigiceps,Acrocephalus bistrigiceps,Aves
58,Acrocephalus concinens,Acrocephalus concinens,Aves
59,Acrocephalus dumetorum,Acrocephalus dumetorum,Aves
60,Acrocephalus gracilirostris,Acrocephalus gracilirostris,Aves
61,Acrocephalus griseldis,Acrocephalus griseldis,Aves
62,Acrocephalus melanopogon,Acrocephalus melanopogon,Aves
63,Acrocephalus newtoni,Acrocephalus newtoni,Aves
64,Acrocephalus orientalis,Acrocephalus orientalis,Aves
65,Acrocephalus paludicola,Acrocephalus paludicola,Aves
66,Acrocephalus palustris,Acrocephalus palustris,Aves
67,Acrocephalus rufescens,Acrocephalus rufescens,Aves
68,Acrocephalus schoenobaenus,Acrocephalus schoenobaenus,Aves
69,Acrocephalus scirpaceus,Acrocephalus scirpaceus,Aves
70,Acrocephalus stentoreus,Acrocephalus stentoreus,Aves
71,Acrocephalus tangorum,Acrocephalus tangorum,Aves
72,Acropternis orthonyx,Acropternis orthonyx,Aves
73,Actenoides concretus,Actenoides concretus,Aves
74,Actenoides lindsayi,Actenoides lindsayi,Aves
75,Actenoides monachus,Actenoides monachus,Aves
76,Actinodura cyanouroptera,Actinodura cyanouroptera,Aves
77,Actinodura egertoni,Actinodura egertoni,Aves
78,Actinodura nipalensis,Actinodura nipalensis,Aves
79,Actinodura ramsayi,Actinodura ramsayi,Aves
80,Actinodura strigula,Actinodura strigula,Aves
81,Actinodura waldeni,Actinodura waldeni,Aves
82,Actitis hypoleucos,Actitis hypoleucos,Aves
83,Actitis macularius,Actitis macularius,Aves
84,Actophilornis africanus,Actophilornis africanus,Aves
85,Adelomyia melanogenys,Adelomyia melanogenys,Aves
86,Aechmophorus clarkii,Aechmophorus clarkii,Aves
87,Aechmophorus occidentalis,Aechmophorus occidentalis,Aves
88,Aegithalos caudatus,Aegithalos caudatus,Aves
89,Aegithalos concinnus,Aegithalos concinnus,Aves
90,Aegithalos glaucogularis,Aegithalos glaucogularis,Aves
91,Aegithalos iouschistos,Aegithalos iouschistos,Aves
92,Aegithalos niveogularis,Aegithalos niveogularis,Aves
93,Aegithina nigrolutea,Aegithina nigrolutea,Aves
94,Aegithina tiphia,Aegithina tiphia,Aves
95,Aegithina viridissima,Aegithina viridissima,Aves
96,Aegolius acadicus,Aegolius acadicus,Aves
97,Aegolius funereus,Aegolius funereus,Aves
98,Aegolius harrisii,Aegolius harrisii,Aves
99,Aegolius ridgwayi,Aegolius ridgwayi,Aves
100,Aegotheles cristatus,Aegotheles cristatus,Aves
101,Aegypius monachus,Aegypius monachus,Aves
102,Aerodramus bartschi,Aerodramus bartschi,Aves
103,Aerodramus fuciphagus,Aerodramus fuciphagus,Aves
104,Aerodramus maximus,Aerodramus maximus,Aves
105,Aeronautes andecolus,Aeronautes andecolus,Aves
106,Aeronautes montivagus,Aeronautes montivagus,Aves
107,Aeronautes saxatalis,Aeronautes saxatalis,Aves
108,Aethia pusilla,Aethia pusilla,Aves
109,Aethia pygmaea,Aethia pygmaea,Aves
110,Aethopyga christinae,Aethopyga christinae,Aves
111,Aethopyga gouldiae,Aethopyga gouldiae,Aves
112,Aethopyga ignicauda,Aethopyga ignicauda,Aves
113,Aethopyga nipalensis,Aethopyga nipalensis,Aves
114,Aethopyga saturata,Aethopyga saturata,Aves
115,Aethopyga siparaja,Aethopyga siparaja,Aves
116,Aethopyga temminckii,Aethopyga temminckii,Aves
117,Aethopyga vigorsii,Aethopyga vigorsii,Aves
118,Agapornis canus,Agapornis canus,Aves
119,Agapornis fischeri,Agapornis fischeri,Aves
120,Agapornis personatus,Agapornis personatus,Aves
121,Agapornis roseicollis,Agapornis roseicollis,Aves
122,Agapornis taranta,Agapornis taranta,Aves
123,Agelaioides badius,Agelaioides badius,Aves
124,Agelaius phoeniceus,Agelaius phoeniceus,Aves
125,Agelaius tricolor,Agelaius tricolor,Aves
126,Agelasticus cyanopus,Agelasticus cyanopus,Aves
127,Agelasticus thilius,Agelasticus thilius,Aves
128,Agelasticus xanthophthalmus,Agelasticus xanthophthalmus,Aves
129,Aglaiocercus coelestis,Aglaiocercus coelestis,Aves
130,Aglaiocercus kingii,Aglaiocercus kingii,Aves
131,Agriornis montanus,Agriornis montanus,Aves
132,Agropsar philippensis,Agropsar philippensis,Aves
133,Agropsar sturninus,Agropsar sturninus,Aves
134,Ailuroedus crassirostris,Ailuroedus crassirostris,Aves
135,Ailuroedus maculosus,Ailuroedus maculosus,Aves
136,Aimophila notosticta,Aimophila notosticta,Aves
137,Aimophila rufescens,Aimophila rufescens,Aves
138,Aimophila ruficeps,Aimophila ruficeps,Aves
139,Aix galericulata,Aix galericulata,Aves
140,Aix sponsa,Aix sponsa,Aves
141,Akletos goeldii,Akletos goeldii,Aves
142,Akletos melanoceps,Akletos melanoceps,Aves
143,Alaemon alaudipes,Alaemon alaudipes,Aves
144,Alauda arvensis,Alauda arvensis,Aves
145,Alauda gulgula,Alauda gulgula,Aves
146,Alaudala cheleensis,Alaudala cheleensis,Aves
147,Alaudala heinei,Alaudala heinei,Aves
148,Alaudala raytal,Alaudala raytal,Aves
149,Alaudala rufescens,Alaudala rufescens,Aves
150,Alaudala somalica,Alaudala somalica,Aves
151,Alca torda,Alca torda,Aves
152,Alcedo atthis,Alcedo atthis,Aves
153,Alcedo meninting,Alcedo meninting,Aves
154,Alcippe brunneicauda,Alcippe brunneicauda,Aves
155,Alcippe fratercula,Alcippe fratercula,Aves
156,Alcippe hueti,Alcippe hueti,Aves
157,Alcippe morrisonia,Alcippe morrisonia,Aves
158,Alcippe nipalensis,Alcippe nipalensis,Aves
159,Alcippe peracensis,Alcippe peracensis,Aves
160,Alcippe poioicephala,Alcippe poioicephala,Aves
161,Alcippe pyrrhoptera,Alcippe pyrrhoptera,Aves
162,Aleadryas rufinucha,Aleadryas rufinucha,Aves
163,Alectoris barbara,Alectoris barbara,Aves
164,Alectoris chukar,Alectoris chukar,Aves
165,Alectoris graeca,Alectoris graeca,Aves
166,Alectoris rufa,Alectoris rufa,Aves
167,Alectura lathami,Alectura lathami,Aves
168,Alethe castanea,Alethe castanea,Aves
169,Alethe diademata,Alethe diademata,Aves
170,Alipiopsitta xanthops,Alipiopsitta xanthops,Aves
171,Alisterus scapularis,Alisterus scapularis,Aves
172,Allenia fusca,Allenia fusca,Aves
173,Allonemobius allardi,Allonemobius allardi,Aves
174,Allonemobius tinnulus,Allonemobius tinnulus,Aves
175,Allonemobius walkeri,,
176,Alophoixus finschii,Iole finschii,Aves
177,Alophoixus flaveolus,Alophoixus flaveolus,Aves
178,Alophoixus ochraceus,Alophoixus ochraceus,Aves
179,Alophoixus pallidus,Alophoixus pallidus,Aves
180,Alophoixus phaeocephalus,Alophoixus phaeocephalus,Aves
181,Alophoixus tephrogenys,Alophoixus tephrogenys,Aves
182,Alopochelidon fucata,Alopochelidon fucata,Aves
183,Alopochen aegyptiaca,Alopochen aegyptiaca,Aves
184,Alouatta pigra,,
185,Amalocichla incerta,Amalocichla incerta,Aves
186,Amandava amandava,Amandava amandava,Aves
187,Amaurolimnas concolor,Amaurolimnas concolor,Aves
188,Amaurornis isabellina,Amaurornis isabellina,Aves
189,Amaurornis moluccana,Amaurornis moluccana,Aves
190,Amaurornis phoenicurus,Amaurornis phoenicurus,Aves
191,Amaurospiza concolor,Amaurospiza concolor,Aves
192,Amaurospiza moesta,Amaurospiza moesta,Aves
193,Amazilia luciae,Amazilia luciae,Aves
194,Amazilia rutila,Amazilia rutila,Aves
195,Amazilia tzacatl,Amazilia tzacatl,Aves
196,Amazilia yucatanensis,Amazilia yucatanensis,Aves
197,Amazilis amazilia,Amazilis amazilia,Aves
198,Amazona aestiva,Amazona aestiva,Aves
199,Amazona agilis,Amazona agilis,Aves
200,Amazona albifrons,Amazona albifrons,Aves
201,Amazona amazonica,Amazona amazonica,Aves
202,Amazona auropalliata,Amazona auropalliata,Aves
203,Amazona autumnalis,Amazona autumnalis,Aves
204,Amazona brasiliensis,Amazona brasiliensis,Aves
205,Amazona dufresniana,Amazona dufresniana,Aves
206,Amazona farinosa,Amazona farinosa,Aves
207,Amazona festiva,Amazona festiva,Aves
208,Amazona finschi,Amazona finschi,Aves
209,Amazona kawalli,Amazona kawalli,Aves
210,Amazona leucocephala,Amazona leucocephala,Aves
211,Amazona mercenarius,Amazona mercenarius,Aves
212,Amazona ochrocephala,Amazona ochrocephala,Aves
213,Amazona oratrix,Amazona oratrix,Aves
214,Amazona rhodocorytha,Amazona rhodocorytha,Aves
215,Amazona tucumana,Amazona tucumana,Aves
216,Amazona ventralis,Amazona ventralis,Aves
217,Amazona vinacea,Amazona vinacea,Aves
218,Amazona viridigenalis,Amazona viridigenalis,Aves
219,Amazona xantholora,Amazona xantholora,Aves
220,Amazonetta brasiliensis,Amazonetta brasiliensis,Aves
221,Amblycercus holosericeus,Amblycercus holosericeus,Aves
222,Amblycorypha alexanderi,,
223,Amblycorypha longinicta,Amblycorypha longinicta,Aves
224,Amblycorypha oblongifolia,Amblycorypha oblongifolia,Aves
225,Amblycorypha rotundifolia,Amblycorypha rotundifolia,Aves
226,Amblyornis newtoniana,Prionodura newtoniana,Aves
227,Amblyospiza albifrons,Amblyospiza albifrons,Aves
228,Amblyramphus holosericeus,Amblyramphus holosericeus,Aves
229,Ammodramus aurifrons,Ammodramus aurifrons,Aves
230,Ammodramus humeralis,Ammodramus humeralis,Aves
231,Ammodramus savannarum,Ammodramus savannarum,Aves
232,Ammomanes cinctura,Ammomanes cinctura,Aves
233,Ammomanes deserti,Ammomanes deserti,Aves
234,Ammomanes phoenicura,Ammomanes phoenicura,Aves
235,Ammonastes pelzelni,Ammonastes pelzelni,Aves
236,Ammospiza caudacuta,Ammospiza caudacuta,Aves
237,Ammospiza leconteii,Ammospiza leconteii,Aves
238,Ammospiza maritima,Ammospiza maritima,Aves
239,Ammospiza nelsoni,Ammospiza nelsoni,Aves
240,Ampelioides tschudii,Ampelioides tschudii,Aves
241,Ampelion rubrocristatus,Ampelion rubrocristatus,Aves
242,Ampelion rufaxilla,Ampelion rufaxilla,Aves
243,Ampelornis griseiceps,Ampelornis griseiceps,Aves
244,Amphispiza bilineata,Amphispiza bilineata,Aves
245,Amphispizopsis quinquestriata,Amphispizopsis quinquestriata,Aves
246,Anabacerthia amaurotis,Anabacerthia amaurotis,Aves
247,Anabacerthia lichtensteini,Anabacerthia lichtensteini,Aves
248,Anabacerthia ruficaudata,Anabacerthia ruficaudata,Aves
249,Anabacerthia striaticollis,Anabacerthia striaticollis,Aves
250,Anabacerthia variegaticeps,Anabacerthia variegaticeps,Aves
251,Anabazenops dorsalis,Anabazenops dorsalis,Aves
252,Anabazenops fuscus,Anabazenops fuscus,Aves
253,Anairetes alpinus,Anairetes alpinus,Aves
254,Anairetes flavirostris,Anairetes flavirostris,Aves
255,Anairetes nigrocristatus,Anairetes nigrocristatus,Aves
256,Anairetes parulus,Anairetes parulus,Aves
257,Anairetes reguloides,Anairetes reguloides,Aves
258,Anas acuta,Anas acuta,Aves
259,Anas andium,Anas andium,Aves
260,Anas castanea,Anas castanea,Aves
261,Anas crecca,Anas crecca,Aves
262,Anas diazi,Anas diazi,Aves
263,Anas flavirostris,Anas flavirostris,Aves
264,Anas fulvigula,Anas fulvigula,Aves
265,Anas georgica,Anas georgica,Aves
266,Anas gracilis,Anas gracilis,Aves
267,Anas platyrhynchos,Anas platyrhynchos,Aves
268,Anas poecilorhyncha,Anas poecilorhyncha,Aves
269,Anas rubripes,Anas rubripes,Aves
270,Anas superciliosa,Anas superciliosa,Aves
271,Anas undulata,Anas undulata,Aves
272,Anas wyvilliana,Anas wyvilliana,Aves
273,Anas zonorhyncha,Anas zonorhyncha,Aves
274,Anastomus oscitans,Anastomus oscitans,Aves
275,Anaxipha exigua,Anaxipha exigua,Aves
276,Anaxyrus americanus,Anaxyrus americanus,Aves
277,Anaxyrus canorus,,
278,Anaxyrus cognatus,,
279,Anaxyrus fowleri,Anaxyrus fowleri,Aves
280,Anaxyrus houstonensis,,
281,Anaxyrus microscaphus,,
282,Anaxyrus quercicus,,
283,Anaxyrus speciosus,,
284,Anaxyrus terrestris,,
285,Anaxyrus woodhousii,,
286,Ancistrops strigilatus,Ancistrops strigilatus,Aves
287,Andigena hypoglauca,Andigena hypoglauca,Aves
288,Andigena laminirostris,Andigena laminirostris,Aves
289,Andigena nigrirostris,Andigena nigrirostris,Aves
290,Androdon aequatorialis,Androdon aequatorialis,Aves
291,Andropadus importunus,Andropadus importunus,Aves
292,Anhima cornuta,Anhima cornuta,Aves
293,Anhinga anhinga,Anhinga anhinga,Aves
294,Anhinga melanogaster,Anhinga melanogaster,Aves
295,Anhinga novaehollandiae,Anhinga novaehollandiae,Aves
296,Anisognathus igniventris,Anisognathus igniventris,Aves
297,Anisognathus lacrymosus,Anisognathus lacrymosus,Aves
298,Anisognathus somptuosus,Anisognathus somptuosus,Aves
299,Anodorhynchus hyacinthinus,Anodorhynchus hyacinthinus,Aves
300,Anodorhynchus leari,Anodorhynchus leari,Aves
301,Anorrhinus galeritus,Anorrhinus galeritus,Aves
302,Anous ceruleus,Anous ceruleus,Aves
303,Anous minutus,Anous minutus,Aves
304,Anous stolidus,Anous stolidus,Aves
305,Anous tenuirostris,Anous tenuirostris,Aves
306,Anser albifrons,Anser albifrons,Aves
307,Anser anser,Anser anser,Aves
308,Anser brachyrhynchus,Anser brachyrhynchus,Aves
309,Anser caerulescens,Anser caerulescens,Aves
310,Anser canagicus,Anser canagicus,Aves
311,Anser cygnoides,Anser cygnoides,Aves
312,Anser erythropus,Anser erythropus,Aves
313,Anser fabalis,Anser fabalis,Aves
314,Anser indicus,Anser indicus,Aves
315,Anser rossii,Anser rossii,Aves
316,Anser serrirostris,Anser serrirostris,Aves
317,Anseranas semipalmata,Anseranas semipalmata,Aves
318,Anthipes monileger,Anthipes monileger,Aves
319,Anthipes solitaris,Anthipes solitaris,Aves
320,Anthobaphes violacea,Anthobaphes violacea,Aves
321,Anthochaera carunculata,Anthochaera carunculata,Aves
322,Anthochaera chrysoptera,Anthochaera chrysoptera,Aves
323,Anthochaera lunulata,Anthochaera lunulata,Aves
324,Anthochaera paradoxa,Anthochaera paradoxa,Aves
325,Anthochaera phrygia,Anthochaera phrygia,Aves
326,Anthornis melanura,Anthornis melanura,Aves
327,Anthoscopus minutus,Anthoscopus minutus,Aves
328,Anthoscopus musculus,Anthoscopus musculus,Aves
329,Anthracoceros albirostris,Anthracoceros albirostris,Aves
330,Anthracoceros coronatus,Anthracoceros coronatus,Aves
331,Anthracoceros malayanus,Anthracoceros malayanus,Aves
332,Anthracothorax nigricollis,Anthracothorax nigricollis,Aves
333,Anthreptes malacensis,Anthreptes malacensis,Aves
334,Anthreptes orientalis,Anthreptes orientalis,Aves
335,Anthropoides paradiseus,Grus paradisea,Aves
336,Anthropoides virgo,Grus virgo,Aves
337,Anthus berthelotii,Anthus berthelotii,Aves
338,Anthus bogotensis,Anthus bogotensis,Aves
339,Anthus campestris,Anthus campestris,Aves
340,Anthus cervinus,Anthus cervinus,Aves
341,Anthus chacoensis,Anthus chacoensis,Aves
342,Anthus cinnamomeus,Anthus cinnamomeus,Aves
343,Anthus correndera,Anthus correndera,Aves
344,Anthus crenatus,Anthus crenatus,Aves
345,Anthus furcatus,Anthus furcatus,Aves
346,Anthus godlewskii,Anthus godlewskii,Aves
347,Anthus gustavi,Anthus gustavi,Aves
348,Anthus hellmayri,Anthus hellmayri,Aves
349,Anthus hodgsoni,Anthus hodgsoni,Aves
350,Anthus leucophrys,Anthus leucophrys,Aves
351,Anthus lineiventris,Anthus lineiventris,Aves
352,Anthus lutescens,Anthus chii,Aves
353,Anthus nattereri,Anthus nattereri,Aves
354,Anthus novaeseelandiae,Anthus novaeseelandiae,Aves
355,Anthus peruvianus,Anthus peruvianus,Aves
356,Anthus petrosus,Anthus petrosus,Aves
357,Anthus pratensis,Anthus pratensis,Aves
358,Anthus richardi,Anthus richardi,Aves
359,Anthus roseatus,Anthus roseatus,Aves
360,Anthus rubescens,Anthus rubescens,Aves
361,Anthus rufulus,Anthus rufulus,Aves
362,Anthus similis,Anthus similis,Aves
363,Anthus spinoletta,Anthus spinoletta,Aves
364,Anthus spragueii,Anthus spragueii,Aves
365,Anthus sylvanus,Anthus sylvanus,Aves
366,Anthus trivialis,Anthus trivialis,Aves
367,Antigone antigone,Antigone antigone,Aves
368,Antigone canadensis,Antigone canadensis,Aves
369,Antigone rubicunda,Antigone rubicunda,Aves
370,Antigone vipio,Antigone vipio,Aves
371,Antilophia bokermanni,Chiroxiphia bokermanni,Aves
372,Antilophia galeata,Chiroxiphia galeata,Aves
373,Antrostomus arizonae,Antrostomus arizonae,Aves
374,Antrostomus badius,Antrostomus badius,Aves
375,Antrostomus carolinensis,Antrostomus carolinensis,Aves
376,Antrostomus noctitherus,Antrostomus noctitherus,Aves
377,Antrostomus ridgwayi,Antrostomus ridgwayi,Aves
378,Antrostomus rufus,Antrostomus rufus,Aves
379,Antrostomus salvini,Antrostomus salvini,Aves
380,Antrostomus saturatus,Antrostomus saturatus,Aves
381,Antrostomus sericocaudatus,Antrostomus sericocaudatus,Aves
382,Antrostomus vociferus,Antrostomus vociferus,Aves
383,Anumbius annumbi,Anumbius annumbi,Aves
384,Anurolimnas castaneiceps,Anurolimnas castaneiceps,Aves
385,Anurolimnas fasciatus,Rufirallus fasciatus,Aves
386,Anurolimnas viridis,Rufirallus viridis,Aves
387,Apalis alticola,Apalis alticola,Aves
388,Apalis chapini,Apalis chapini,Aves
389,Apalis cinerea,Apalis cinerea,Aves
390,Apalis flavida,Apalis flavida,Aves
391,Apalis jacksoni,Apalis jacksoni,Aves
392,Apalis melanocephala,Apalis melanocephala,Aves
393,Apalis personata,Apalis personata,Aves
394,Apalis porphyrolaema,Apalis porphyrolaema,Aves
395,Apalis ruddi,Apalis ruddi,Aves
396,Apalis rufogularis,Apalis rufogularis,Aves
397,Apalis sharpii,Apalis sharpii,Aves
398,Apalis thoracica,Apalis thoracica,Aves
399,Apaloderma narina,Apaloderma narina,Aves
400,Apaloderma vittatum,Apaloderma vittatum,Aves
401,Aphanotriccus audax,Aphanotriccus audax,Aves
402,Aphanotriccus capitalis,Aphanotriccus capitalis,Aves
403,Aphelocephala leucopsis,Aphelocephala leucopsis,Aves
404,Aphelocoma californica,Aphelocoma californica,Aves
405,Aphelocoma coerulescens,Aphelocoma coerulescens,Aves
406,Aphelocoma ultramarina,Aphelocoma ultramarina,Aves
407,Aphelocoma unicolor,Aphelocoma unicolor,Aves
408,Aphelocoma wollweberi,Aphelocoma wollweberi,Aves
409,Aphelocoma woodhouseii,Aphelocoma woodhouseii,Aves
410,Aphrastura spinicauda,Aphrastura spinicauda,Aves
411,Apis mellifera,Apis mellifera,Aves
412,Aplonis atrifusca,Aplonis atrifusca,Aves
413,Aplonis grandis,Aplonis grandis,Aves
414,Aplonis metallica,Aplonis metallica,Aves
415,Aplonis mysolensis,Aplonis mysolensis,Aves
416,Aplonis opaca,Aplonis opaca,Aves
417,Aplonis panayensis,Aplonis panayensis,Aves
418,Aplonis tabuensis,Aplonis tabuensis,Aves
419,Aprosmictus erythropterus,Aprosmictus erythropterus,Aves
420,Aptenodytes patagonicus,Aptenodytes patagonicus,Aves
421,Apteryx mantelli,Apteryx mantelli,Aves
422,Apus affinis,Apus affinis,Aves
423,Apus apus,Apus apus,Aves
424,Apus caffer,Apus caffer,Aves
425,Apus melba,Tachymarptis melba,Aves
426,Apus nipalensis,Apus nipalensis,Aves
427,Apus pacificus,Apus pacificus,Aves
428,Apus pallidus,Apus pallidus,Aves
429,Apus unicolor,Apus unicolor,Aves
430,Aquila adalberti,Aquila adalberti,Aves
431,Aquila chrysaetos,Aquila chrysaetos,Aves
432,Aquila heliaca,Aquila heliaca,Aves
433,Aquila nipalensis,Aquila nipalensis,Aves
434,Ara ambiguus,Ara ambiguus,Aves
435,Ara ararauna,Ara ararauna,Aves
436,Ara chloropterus,Ara chloropterus,Aves
437,Ara glaucogularis,Ara glaucogularis,Aves
438,Ara macao,Ara macao,Aves
439,Ara militaris,Ara militaris,Aves
440,Ara severus,Ara severus,Aves
441,Arachnothera chrysogenys,Arachnothera chrysogenys,Aves
442,Arachnothera crassirostris,Arachnothera crassirostris,Aves
443,Arachnothera flavigaster,Arachnothera flavigaster,Aves
444,Arachnothera longirostra,Arachnothera longirostra,Aves
445,Arachnothera magna,Arachnothera magna,Aves
446,Aramides albiventris,Aramides albiventris,Aves
447,Aramides axillaris,Aramides axillaris,Aves
448,Aramides cajaneus,Aramides cajaneus,Aves
449,Aramides saracura,Aramides saracura,Aves
450,Aramides wolfi,Aramides wolfi,Aves
451,Aramides ypecaha,Aramides ypecaha,Aves
452,Aramus guarauna,Aramus guarauna,Aves
453,Aratinga auricapillus,Aratinga auricapillus,Aves
454,Aratinga jandaya,Aratinga jandaya,Aves
455,Aratinga nenday,Aratinga nenday,Aves
456,Aratinga weddellii,Aratinga weddellii,Aves
457,Arborophila atrogularis,Arborophila atrogularis,Aves
458,Arborophila brunneopectus,Arborophila brunneopectus,Aves
459,Arborophila crudigularis,Arborophila crudigularis,Aves
460,Arborophila hyperythra,Arborophila hyperythra,Aves
461,Arborophila javanica,Arborophila javanica,Aves
462,Arborophila mandellii,Arborophila mandellii,Aves
463,Arborophila rufogularis,Arborophila rufogularis,Aves
464,Arborophila torqueola,Arborophila torqueola,Aves
465,Archilochus alexandri,Archilochus alexandri,Aves
466,Archilochus colubris,Archilochus colubris,Aves
467,Ardea alba,Ardea alba,Aves
468,Ardea cinerea,Ardea cinerea,Aves
469,Ardea cocoi,Ardea cocoi,Aves
470,Ardea herodias,Ardea herodias,Aves
471,Ardea intermedia,Ardea intermedia,Aves
472,Ardea melanocephala,Ardea melanocephala,Aves
473,Ardea purpurea,Ardea purpurea,Aves
474,Ardea sumatrana,Ardea sumatrana,Aves
475,Ardenna bulleri,Ardenna bulleri,Aves
476,Ardenna carneipes,Ardenna carneipes,Aves
477,Ardenna creatopus,Ardenna creatopus,Aves
478,Ardenna grisea,Ardenna grisea,Aves
479,Ardenna pacifica,Ardenna pacifica,Aves
480,Ardenna tenuirostris,Ardenna tenuirostris,Aves
481,Ardeola bacchus,Ardeola bacchus,Aves
482,Ardeola grayii,Ardeola grayii,Aves
483,Ardeola ralloides,Ardeola ralloides,Aves
484,Ardeola speciosa,Ardeola speciosa,Aves
485,Arenaria interpres,Arenaria interpres,Aves
486,Arenaria melanocephala,Arenaria melanocephala,Aves
487,Argusianus argus,Argusianus argus,Aves
488,Argya affinis,Argya affinis,Aves
489,Argya caudata,Argya caudata,Aves
490,Argya earlei,Argya earlei,Aves
491,Argya malcolmi,Argya malcolmi,Aves
492,Argya striata,Argya striata,Aves
493,Argya subrufa,Argya subrufa,Aves
494,Arizelocichla masukuensis,Arizelocichla masukuensis,Aves
495,Arizelocichla milanjensis,Arizelocichla milanjensis,Aves
496,Arizelocichla nigriceps,Arizelocichla nigriceps,Aves
497,Arremon abeillei,Arremon abeillei,Aves
498,Arremon assimilis,Arremon assimilis,Aves
499,Arremon atricapillus,Arremon atricapillus,Aves
500,Arremon aurantiirostris,Arremon aurantiirostris,Aves
501,Arremon basilicus,Arremon basilicus,Aves
502,Arremon brunneinucha,Arremon brunneinucha,Aves
503,Arremon castaneiceps,Arremon castaneiceps,Aves
504,Arremon costaricensis,Arremon costaricensis,Aves
505,Arremon crassirostris,Arremon crassirostris,Aves
506,Arremon flavirostris,Arremon flavirostris,Aves
507,Arremon franciscanus,Arremon franciscanus,Aves
508,Arremon perijanus,Arremon perijanus,Aves
509,Arremon schlegeli,Arremon schlegeli,Aves
510,Arremon semitorquatus,Arremon semitorquatus,Aves
511,Arremon taciturnus,Arremon taciturnus,Aves
512,Arremon torquatus,Arremon torquatus,Aves
513,Arremon virenticeps,Arremon virenticeps,Aves
514,Arremonops chloronotus,Arremonops chloronotus,Aves
515,Arremonops conirostris,Arremonops conirostris,Aves
516,Arremonops rufivirgatus,Arremonops rufivirgatus,Aves
517,Arremonops tocuyensis,Arremonops tocuyensis,Aves
518,Arses telescopthalmus,Arses telescopthalmus,Aves
519,Artamus cinereus,Artamus cinereus,Aves
520,Artamus cyanopterus,Artamus cyanopterus,Aves
521,Artamus fuscus,Artamus fuscus,Aves
522,Artamus leucorynchus,Artamus leucorynchus,Aves
523,Artamus personatus,Artamus personatus,Aves
524,Artamus superciliosus,Artamus superciliosus,Aves
525,Artemisiospiza belli,Artemisiospiza belli,Aves
526,Artemisiospiza nevadensis,Artemisiospiza nevadensis,Aves
527,Artisornis metopias,Artisornis metopias,Aves
528,Artisornis moreaui,Artisornis moreaui,Aves
529,Arundinax aedon,Arundinax aedon,Aves
530,Arundinicola leucocephala,Arundinicola leucocephala,Aves
531,Asemospiza fuliginosa,Asemospiza fuliginosa,Aves
532,Asemospiza obscura,Asemospiza obscura,Aves
533,Asio clamator,Asio clamator,Aves
534,Asio flammeus,Asio flammeus,Aves
535,Asio grammicus,Asio grammicus,Aves
536,Asio otus,Asio otus,Aves
537,Asio stygius,Asio stygius,Aves
538,Aspatha gularis,Aspatha gularis,Aves
539,Asthenes anthoides,Asthenes anthoides,Aves
540,Asthenes baeri,Asthenes baeri,Aves
541,Asthenes coryi,Asthenes coryi,Aves
542,Asthenes dorbignyi,Asthenes dorbignyi,Aves
543,Asthenes flammulata,Asthenes flammulata,Aves
544,Asthenes fuliginosa,Asthenes fuliginosa,Aves
545,Asthenes griseomurina,Asthenes griseomurina,Aves
546,Asthenes harterti,Asthenes harterti,Aves
547,Asthenes helleri,Asthenes helleri,Aves
548,Asthenes heterura,Asthenes heterura,Aves
549,Asthenes hudsoni,Asthenes hudsoni,Aves
550,Asthenes humilis,Asthenes humilis,Aves
551,Asthenes maculicauda,Asthenes maculicauda,Aves
552,Asthenes modesta,Asthenes modesta,Aves
553,Asthenes moreirae,Asthenes moreirae,Aves
554,Asthenes ottonis,Asthenes ottonis,Aves
555,Asthenes palpebralis,Asthenes palpebralis,Aves
556,Asthenes perijana,Asthenes perijana,Aves
557,Asthenes pudibunda,Asthenes pudibunda,Aves
558,Asthenes pyrrholeuca,Asthenes pyrrholeuca,Aves
559,Asthenes sclateri,,
560,Asthenes urubambensis,Asthenes urubambensis,Aves
561,Asthenes virgata,Asthenes virgata,Aves
562,Asthenes wyatti,Asthenes wyatti,Aves
563,Atalotriccus pilaris,Atalotriccus pilaris,Aves
564,Atelornis crossleyi,Atelornis crossleyi,Aves
565,Atelornis pittoides,Atelornis pittoides,Aves
566,Athene blewitti,Athene blewitti,Aves
567,Athene brama,Athene brama,Aves
568,Athene cunicularia,Athene cunicularia,Aves
569,Athene noctua,Athene noctua,Aves
570,Athene superciliaris,Athene superciliaris,Aves
571,Atimastillas flavicollis,Atimastillas flavicollis,Aves
572,Atlanticus testaceus,,
573,Atlapetes albinucha,Atlapetes albinucha,Aves
574,Atlapetes albofrenatus,Atlapetes albofrenatus,Aves
575,Atlapetes citrinellus,Atlapetes citrinellus,Aves
576,Atlapetes flaviceps,Atlapetes flaviceps,Aves
577,Atlapetes fulviceps,Atlapetes fulviceps,Aves
578,Atlapetes fuscoolivaceus,Atlapetes fuscoolivaceus,Aves
579,Atlapetes latinuchus,Atlapetes latinuchus,Aves
580,Atlapetes leucopis,Atlapetes leucopis,Aves
581,Atlapetes leucopterus,Atlapetes leucopterus,Aves
582,Atlapetes melanocephalus,Atlapetes melanocephalus,Aves
583,Atlapetes melanolaemus,Atlapetes melanolaemus,Aves
584,Atlapetes pallidiceps,Atlapetes pallidiceps,Aves
585,Atlapetes pallidinucha,Atlapetes pallidinucha,Aves
586,Atlapetes personatus,Atlapetes personatus,Aves
587,Atlapetes pileatus,Atlapetes pileatus,Aves
588,Atlapetes rufigenis,Atlapetes rufigenis,Aves
589,Atlapetes rufinucha,Atlapetes rufinucha,Aves
590,Atlapetes schistaceus,Atlapetes schistaceus,Aves
591,Atlapetes semirufus,Atlapetes semirufus,Aves
592,Atlapetes tibialis,Atlapetes tibialis,Aves
593,Atlapetes tricolor,Atlapetes tricolor,Aves
594,Atrichornis clamosus,Atrichornis clamosus,Aves
595,Atrichornis rufescens,Atrichornis rufescens,Aves
596,Attagis gayi,Attagis gayi,Aves
597,Atticora fasciata,Atticora fasciata,Aves
598,Atticora pileata,Atticora pileata,Aves
599,Atticora tibialis,Atticora tibialis,Aves
600,Attila bolivianus,Attila bolivianus,Aves
601,Attila cinnamomeus,Attila cinnamomeus,Aves
602,Attila citriniventris,Attila citriniventris,Aves
603,Attila phoenicurus,Attila phoenicurus,Aves
604,Attila rufus,Attila rufus,Aves
605,Attila spadiceus,Attila spadiceus,Aves
606,Attila torridus,Attila torridus,Aves
607,Augastes lumachella,Augastes lumachella,Aves
608,Augastes scutatus,Augastes scutatus,Aves
609,Aulacorhynchus albivitta,Aulacorhynchus albivitta,Aves
610,Aulacorhynchus coeruleicinctis,Aulacorhynchus coeruleicinctis,Aves
611,Aulacorhynchus derbianus,Aulacorhynchus derbianus,Aves
612,Aulacorhynchus haematopygus,Aulacorhynchus haematopygus,Aves
613,Aulacorhynchus prasinus,Aulacorhynchus prasinus,Aves
614,Aulacorhynchus sulcatus,Aulacorhynchus sulcatus,Aves
615,Auriparus flaviceps,Auriparus flaviceps,Aves
616,Automolus exsertus,Automolus exsertus,Aves
617,Automolus infuscatus,Automolus infuscatus,Aves
618,Automolus leucophthalmus,Automolus leucophthalmus,Aves
619,Automolus melanopezus,Automolus melanopezus,Aves
620,Automolus ochrolaemus,Automolus ochrolaemus,Aves
621,Automolus paraensis,Automolus paraensis,Aves
622,Automolus rufipileatus,Automolus rufipileatus,Aves
623,Automolus subulatus,Automolus subulatus,Aves
624,Aviceda jerdoni,Aviceda jerdoni,Aves
625,Aviceda leuphotes,Aviceda leuphotes,Aves
626,Aviceda subcristata,Aviceda subcristata,Aves
627,Aythya affinis,Aythya affinis,Aves
628,Aythya americana,Aythya americana,Aves
629,Aythya collaris,Aythya collaris,Aves
630,Aythya ferina,Aythya ferina,Aves
631,Aythya fuligula,Aythya fuligula,Aves
632,Aythya marila,Aythya marila,Aves
633,Aythya nyroca,Aythya nyroca,Aves
634,Aythya valisineria,Aythya valisineria,Aves
635,Baeolophus atricristatus,Baeolophus atricristatus,Aves
636,Baeolophus bicolor,Baeolophus bicolor,Aves
637,Baeolophus inornatus,Baeolophus inornatus,Aves
638,Baeolophus ridgwayi,Baeolophus ridgwayi,Aves
639,Baeolophus wollweberi,Baeolophus wollweberi,Aves
640,Baeopogon indicator,Baeopogon indicator,Aves
641,Balearica regulorum,Balearica regulorum,Aves
642,Bambusicola fytchii,Bambusicola fytchii,Aves
643,Bambusicola sonorivox,Bambusicola sonorivox,Aves
644,Bambusicola thoracicus,Bambusicola thoracicus,Aves
645,Bangsia aureocincta,Bangsia aureocincta,Aves
646,Bangsia edwardsi,Bangsia edwardsi,Aves
647,Bangsia melanochlamys,Bangsia melanochlamys,Aves
648,Barnardius zonarius,Barnardius zonarius,Aves
649,Bartramia longicauda,Bartramia longicauda,Aves
650,Baryphthengus martii,Baryphthengus martii,Aves
651,Baryphthengus ruficapillus,Baryphthengus ruficapillus,Aves
652,Basileuterus belli,Basileuterus belli,Aves
653,Basileuterus culicivorus,Basileuterus culicivorus,Aves
654,Basileuterus delattrii,Basileuterus delattrii,Aves
655,Basileuterus lachrymosus,Basileuterus lachrymosus,Aves
656,Basileuterus melanogenys,Basileuterus melanogenys,Aves
657,Basileuterus melanotis,Basileuterus melanotis,Aves
658,Basileuterus rufifrons,Basileuterus rufifrons,Aves
659,Basileuterus trifasciatus,Basileuterus trifasciatus,Aves
660,Basileuterus tristriatus,Basileuterus tristriatus,Aves
661,Basilinna leucotis,Basilinna leucotis,Aves
662,Batara cinerea,Batara cinerea,Aves
663,Bathmocercus rufus,Bathmocercus rufus,Aves
664,Batis capensis,Batis capensis,Aves
665,Batis erlangeri,Batis erlangeri,Aves
666,Batis mixta,Batis mixta,Aves
667,Batis molitor,Batis molitor,Aves
668,Batis orientalis,Batis orientalis,Aves
669,Batis perkeo,Batis perkeo,Aves
670,Batis pririt,Batis pririt,Aves
671,Batis soror,Batis soror,Aves
672,Batrachostomus affinis,Batrachostomus affinis,Aves
673,Batrachostomus auritus,Batrachostomus auritus,Aves
674,Batrachostomus cornutus,Batrachostomus cornutus,Aves
675,Batrachostomus hodgsoni,Batrachostomus hodgsoni,Aves
676,Batrachostomus moniliger,Batrachostomus moniliger,Aves
677,Batrachostomus septimus,Batrachostomus septimus,Aves
678,Batrachostomus stellatus,Batrachostomus stellatus,Aves
679,Berenicornis comatus,Berenicornis comatus,Aves
680,Berlepschia rikeri,Berlepschia rikeri,Aves
681,Bernieria madagascariensis,Bernieria madagascariensis,Aves
682,Bias musicus,Bias musicus,Aves
683,Biatas nigropectus,Biatas nigropectus,Aves
684,Biziura lobata,Biziura lobata,Aves
685,Bleda canicapillus,Bleda canicapillus,Aves
686,Bleda notatus,Bleda notatus,Aves
687,Bleda syndactylus,Bleda syndactylus,Aves
688,Blythipicus pyrrhotis,Blythipicus pyrrhotis,Aves
689,Blythipicus rubiginosus,Blythipicus rubiginosus,Aves
690,Boissonneaua flavescens,Boissonneaua flavescens,Aves
691,Boissonneaua jardini,Boissonneaua jardini,Aves
692,Boissonneaua matthewsii,Boissonneaua matthewsii,Aves
693,Bolbopsittacus lunulatus,Bolbopsittacus lunulatus,Aves
694,Bolborhynchus lineola,Bolborhynchus lineola,Aves
695,Bolborhynchus orbygnesius,Bolborhynchus orbygnesius,Aves
696,Bolemoreus frenatus,Bolemoreus frenatus,Aves
697,Bombycilla cedrorum,Bombycilla cedrorum,Aves
698,Bombycilla garrulus,Bombycilla garrulus,Aves
699,Bombycilla japonica,Bombycilla japonica,Aves
700,Bonasa umbellus,Bonasa umbellus,Aves
701,Bostrychia carunculata,Bostrychia carunculata,Aves
702,Bostrychia hagedash,Bostrychia hagedash,Aves
703,Botaurus lentiginosus,Botaurus lentiginosus,Aves
704,Botaurus stellaris,Botaurus stellaris,Aves
705,Brachygalba albogularis,Brachygalba albogularis,Aves
706,Brachygalba lugubris,Brachygalba lugubris,Aves
707,Brachypodius eutilotus,Euptilotus eutilotus,Aves
708,Brachypodius melanocephalos,Brachypodius melanocephalos,Aves
709,Brachypodius melanoleucos,Microtarsus melanoleucos,Aves
710,Brachypodius priocephalus,Brachypodius priocephalus,Aves
711,Brachypodius urostictus,Poliolophus urostictus,Aves
712,Brachypteryx cruralis,Brachypteryx cruralis,Aves
713,Brachypteryx goodfellowi,Brachypteryx goodfellowi,Aves
714,Brachypteryx hyperythra,Brachypteryx hyperythra,Aves
715,Brachypteryx leucophris,Brachypteryx leucophris,Aves
716,Brachypteryx montana,Brachypteryx montana,Aves
717,Brachyramphus marmoratus,Brachyramphus marmoratus,Aves
718,Bradornis microrhynchus,Bradornis microrhynchus,Aves
719,Bradypterus baboecala,Bradypterus baboecala,Aves
720,Bradypterus barratti,Bradypterus barratti,Aves
721,Bradypterus brunneus,Bradypterus brunneus,Aves
722,Bradypterus carpalis,Bradypterus carpalis,Aves
723,Bradypterus cinnamomeus,Bradypterus cinnamomeus,Aves
724,Bradypterus lopezi,Bradypterus lopezi,Aves
725,Bradypterus sylvaticus,Bradypterus sylvaticus,Aves
726,Branta bernicla,Branta bernicla,Aves
727,Branta canadensis,Branta canadensis,Aves
728,Branta hutchinsii,Branta hutchinsii,Aves
729,Branta leucopsis,Branta leucopsis,Aves
730,Branta sandvicensis,Branta sandvicensis,Aves
731,Brotogeris chiriri,Brotogeris chiriri,Aves
732,Brotogeris chrysoptera,Brotogeris chrysoptera,Aves
733,Brotogeris cyanoptera,Brotogeris cyanoptera,Aves
734,Brotogeris jugularis,Brotogeris jugularis,Aves
735,Brotogeris pyrrhoptera,Brotogeris pyrrhoptera,Aves
736,Brotogeris sanctithomae,Brotogeris sanctithomae,Aves
737,Brotogeris tirica,Brotogeris tirica,Aves
738,Brotogeris versicolurus,Brotogeris versicolurus,Aves
739,Bubalornis albirostris,Bubalornis albirostris,Aves
740,Bubalornis niger,Bubalornis niger,Aves
741,Bubo africanus,Bubo africanus,Aves
742,Bubo bengalensis,Bubo bengalensis,Aves
743,Bubo bubo,Bubo bubo,Aves
744,Bubo coromandus,Ketupa coromanda,Aves
745,Bubo lacteus,Ketupa lactea,Aves
746,Bubo nipalensis,Ketupa nipalensis,Aves
747,Bubo scandiacus,Bubo scandiacus,Aves
748,Bubo sumatranus,Ketupa sumatrana,Aves
749,Bubo virginianus,Bubo virginianus,Aves
750,Bubulcus ibis,Ardea ibis,Aves
751,Bucanetes githagineus,Bucanetes githagineus,Aves
752,Buccanodon duchaillui,Buccanodon duchaillui,Aves
753,Bucco capensis,Bucco capensis,Aves
754,Bucco macrodactylus,Bucco macrodactylus,Aves
755,Bucco tamatia,Bucco tamatia,Aves
756,Bucephala albeola,Bucephala albeola,Aves
757,Bucephala clangula,Bucephala clangula,Aves
758,Bucephala islandica,Bucephala islandica,Aves
759,Buceros bicornis,Buceros bicornis,Aves
760,Buceros hydrocorax,Buceros hydrocorax,Aves
761,Buceros rhinoceros,Buceros rhinoceros,Aves
762,Buceros vigil,Rhinoplax vigil,Aves
763,Bucorvus leadbeateri,Bucorvus leadbeateri,Aves
764,Bulweria bulwerii,Bulweria bulwerii,Aves
765,Buphagus africanus,Buphagus africanus,Aves
766,Buphagus erythrorynchus,Buphagus erythrorynchus,Aves
767,Burhinus bistriatus,Hesperoburhinus bistriatus,Aves
768,Burhinus capensis,Burhinus capensis,Aves
769,Burhinus grallarius,Burhinus grallarius,Aves
770,Burhinus indicus,Burhinus indicus,Aves
771,Burhinus oedicnemus,Burhinus oedicnemus,Aves
772,Burhinus senegalensis,Burhinus senegalensis,Aves
773,Burhinus superciliaris,Hesperoburhinus superciliaris,Aves
774,Burhinus vermiculatus,Burhinus vermiculatus,Aves
775,Busarellus nigricollis,Busarellus nigricollis,Aves
776,Butastur indicus,Butastur indicus,Aves
777,Butastur teesa,Butastur teesa,Aves
778,Buteo albigula,Buteo albigula,Aves
779,Buteo albonotatus,Buteo albonotatus,Aves
780,Buteo augur,Buteo augur,Aves
781,Buteo brachypterus,Buteo brachypterus,Aves
782,Buteo brachyurus,Buteo brachyurus,Aves
783,Buteo buteo,Buteo buteo,Aves
784,Buteo jamaicensis,Buteo jamaicensis,Aves
785,Buteo japonicus,Buteo japonicus,Aves
786,Buteo lagopus,Buteo lagopus,Aves
787,Buteo lineatus,Buteo lineatus,Aves
788,Buteo nitidus,Buteo nitidus,Aves
789,Buteo oreophilus,Buteo oreophilus,Aves
790,Buteo plagiatus,Buteo plagiatus,Aves
791,Buteo platypterus,Buteo platypterus,Aves
792,Buteo regalis,Buteo regalis,Aves
793,Buteo ridgwayi,Buteo ridgwayi,Aves
794,Buteo solitarius,Buteo solitarius,Aves
795,Buteo swainsoni,Buteo swainsoni,Aves
796,Buteogallus anthracinus,Buteogallus anthracinus,Aves
797,Buteogallus coronatus,Buteogallus coronatus,Aves
798,Buteogallus meridionalis,Buteogallus meridionalis,Aves
799,Buteogallus schistaceus,Buteogallus schistaceus,Aves
800,Buteogallus solitarius,Buteogallus solitarius,Aves
801,Buteogallus urubitinga,Buteogallus urubitinga,Aves
802,Buthraupis montana,Buthraupis montana,Aves
803,Butorides striata,Butorides striata,Aves
804,Butorides virescens,Butorides virescens,Aves
805,Bycanistes albotibialis,Bycanistes albotibialis,Aves
806,Bycanistes brevis,Bycanistes brevis,Aves
807,Bycanistes bucinator,Bycanistes bucinator,Aves
808,Bycanistes fistulator,Bycanistes fistulator,Aves
809,Bycanistes subcylindricus,Bycanistes subcylindricus,Aves
810,Cacatua alba,Cacatua alba,Aves
811,Cacatua ducorpsii,Cacatua ducorpsii,Aves
812,Cacatua galerita,Cacatua galerita,Aves
813,Cacatua goffiniana,Cacatua goffiniana,Aves
814,Cacatua sanguinea,Cacatua sanguinea,Aves
815,Cacatua tenuirostris,Cacatua tenuirostris,Aves
816,Cacicus cela,Cacicus cela,Aves
817,Cacicus chrysonotus,Cacicus chrysonotus,Aves
818,Cacicus chrysopterus,Cacicus chrysopterus,Aves
819,Cacicus haemorrhous,Cacicus haemorrhous,Aves
820,Cacicus latirostris,Cacicus latirostris,Aves
821,Cacicus oseryi,Cacicus oseryi,Aves
822,Cacicus solitarius,Cacicus solitarius,Aves
823,Cacicus uropygialis,Cacicus uropygialis,Aves
824,Cacomantis castaneiventris,Cacomantis castaneiventris,Aves
825,Cacomantis flabelliformis,Cacomantis flabelliformis,Aves
826,Cacomantis leucolophus,Caliechthrus leucolophus,Aves
827,Cacomantis merulinus,Cacomantis merulinus,Aves
828,Cacomantis pallidus,Heteroscenes pallidus,Aves
829,Cacomantis passerinus,Cacomantis passerinus,Aves
830,Cacomantis sonneratii,Cacomantis sonneratii,Aves
831,Cacomantis variolosus,Cacomantis variolosus,Aves
832,Cairina moschata,Cairina moschata,Aves
833,Calamanthus fuliginosus,Calamanthus fuliginosus,Aves
834,Calamonastes fasciolatus,Calamonastes fasciolatus,Aves
835,Calamonastes simplex,Calamonastes simplex,Aves
836,Calamonastes stierlingi,Calamonastes stierlingi,Aves
837,Calamospiza melanocorys,Calamospiza melanocorys,Aves
838,Calandrella acutirostris,Calandrella acutirostris,Aves
839,Calandrella brachydactyla,Calandrella brachydactyla,Aves
840,Calandrella cinerea,Calandrella cinerea,Aves
841,Calandrella dukhunensis,Calandrella dukhunensis,Aves
842,Calcarius lapponicus,Calcarius lapponicus,Aves
843,Calcarius ornatus,Calcarius ornatus,Aves
844,Calcarius pictus,Calcarius pictus,Aves
845,Calendulauda africanoides,Calendulauda africanoides,Aves
846,Calendulauda albescens,Calendulauda albescens,Aves
847,Calendulauda alopex,,
848,Calendulauda poecilosterna,Calendulauda poecilosterna,Aves
849,Calendulauda sabota,Calendulauda sabota,Aves
850,Calicalicus madagascariensis,Calicalicus madagascariensis,Aves
851,Calidris acuminata,Calidris acuminata,Aves
852,Calidris alba,Calidris alba,Aves
853,Calidris alpina,Calidris alpina,Aves
854,Calidris bairdii,Calidris bairdii,Aves
855,Calidris canutus,Calidris canutus,Aves
856,Calidris falcinellus,Calidris falcinellus,Aves
857,Calidris ferruginea,Calidris ferruginea,Aves
858,Calidris fuscicollis,Calidris fuscicollis,Aves
859,Calidris himantopus,Calidris himantopus,Aves
860,Calidris maritima,Calidris maritima,Aves
861,Calidris mauri,Calidris mauri,Aves
862,Calidris melanotos,Calidris melanotos,Aves
863,Calidris minuta,Calidris minuta,Aves
864,Calidris minutilla,Calidris minutilla,Aves
865,Calidris ptilocnemis,Calidris ptilocnemis,Aves
866,Calidris pugnax,Calidris pugnax,Aves
867,Calidris pusilla,Calidris pusilla,Aves
868,Calidris pygmaea,Calidris pygmaea,Aves
869,Calidris ruficollis,Calidris ruficollis,Aves
870,Calidris subminuta,Calidris subminuta,Aves
871,Calidris subruficollis,Calidris subruficollis,Aves
872,Calidris temminckii,Calidris temminckii,Aves
873,Calidris tenuirostris,Calidris tenuirostris,Aves
874,Calidris virgata,Calidris virgata,Aves
875,Caligavis chrysops,Caligavis chrysops,Aves
876,Caligavis subfrenata,Caligavis subfrenata,Aves
877,Callacanthis burtoni,Callacanthis burtoni,Aves
878,Callaeas wilsoni,Callaeas wilsoni,Aves
879,Calliope calliope,Calliope calliope,Aves
880,Calliope pectardens,Calliope pectardens,Aves
881,Calliope pectoralis,Calliope pectoralis,Aves
882,Calliope tschebaiewi,Calliope tschebaiewi,Aves
883,Callipepla californica,Callipepla californica,Aves
884,Callipepla douglasii,Callipepla douglasii,Aves
885,Callipepla gambelii,Callipepla gambelii,Aves
886,Callipepla squamata,Callipepla squamata,Aves
887,Callocephalon fimbriatum,Callocephalon fimbriatum,Aves
888,Calocitta colliei,Cyanocorax colliei,Aves
889,Calocitta formosa,Cyanocorax formosus,Aves
890,Calonectris diomedea,Calonectris diomedea,Aves
891,Caloramphus fuliginosus,Caloramphus fuliginosus,Aves
892,Calothorax lucifer,Calothorax lucifer,Aves
893,Calypte anna,Calypte anna,Aves
894,Calypte costae,Calypte costae,Aves
895,Calyptomena viridis,Calyptomena viridis,Aves
896,Calyptomena whiteheadi,Calyptomena whiteheadi,Aves
897,Calyptophilus frugivorus,Calyptophilus frugivorus,Aves
898,Calyptophilus tertius,Calyptophilus tertius,Aves
899,Calyptorhynchus banksii,Calyptorhynchus banksii,Aves
900,Calyptorhynchus funereus,Zanda funerea,Aves
901,Calyptorhynchus lathami,Calyptorhynchus lathami,Aves
902,Calyptorhynchus latirostris,Zanda latirostris,Aves
903,Camaroptera brachyura,Camaroptera brachyura,Aves
904,Camaroptera chloronota,Camaroptera chloronota,Aves
905,Camaroptera superciliaris,Camaroptera superciliaris,Aves
906,Campephaga flava,Campephaga flava,Aves
907,Campephaga quiscalina,Campephaga quiscalina,Aves
908,Campephilus gayaquilensis,Campephilus gayaquilensis,Aves
909,Campephilus guatemalensis,Campephilus guatemalensis,Aves
910,Campephilus haematogaster,Campephilus haematogaster,Aves
911,Campephilus leucopogon,Campephilus leucopogon,Aves
912,Campephilus magellanicus,Campephilus magellanicus,Aves
913,Campephilus melanoleucos,Campephilus melanoleucos,Aves
914,Campephilus pollens,Campephilus pollens,Aves
915,Campephilus robustus,Campephilus robustus,Aves
916,Campephilus rubricollis,Campephilus rubricollis,Aves
917,Campethera abingoni,Campethera abingoni,Aves
918,Campethera cailliautii,Campethera cailliautii,Aves
919,Campethera mombassica,Campethera mombassica,Aves
920,Campethera nubica,Campethera nubica,Aves
921,Camptostoma imberbe,Camptostoma imberbe,Aves
922,Camptostoma obsoletum,Camptostoma obsoletum,Aves
923,Campylopterus falcatus,Campylopterus falcatus,Aves
924,Campylopterus hemileucurus,Campylopterus hemileucurus,Aves
925,Campylopterus largipennis,Campylopterus largipennis,Aves
926,Campylorhamphus falcularius,Campylorhamphus falcularius,Aves
927,Campylorhamphus procurvoides,Campylorhamphus procurvoides,Aves
928,Campylorhamphus pusillus,Campylorhamphus pusillus,Aves
929,Campylorhamphus trochilirostris,Campylorhamphus trochilirostris,Aves
930,Campylorhynchus albobrunneus,Campylorhynchus albobrunneus,Aves
931,Campylorhynchus brunneicapillus,Campylorhynchus brunneicapillus,Aves
932,Campylorhynchus chiapensis,Campylorhynchus chiapensis,Aves
933,Campylorhynchus fasciatus,Campylorhynchus fasciatus,Aves
934,Campylorhynchus griseus,Campylorhynchus griseus,Aves
935,Campylorhynchus gularis,Campylorhynchus gularis,Aves
936,Campylorhynchus jocosus,Campylorhynchus jocosus,Aves
937,Campylorhynchus megalopterus,Campylorhynchus megalopterus,Aves
938,Campylorhynchus nuchalis,Campylorhynchus nuchalis,Aves
939,Campylorhynchus rufinucha,Campylorhynchus rufinucha,Aves
940,Campylorhynchus turdinus,Campylorhynchus turdinus,Aves
941,Campylorhynchus yucatanicus,Campylorhynchus yucatanicus,Aves
942,Campylorhynchus zonatus,Campylorhynchus zonatus,Aves
943,Canachites canadensis,Canachites canadensis,Aves
944,Canis latrans,Canis latrans,Aves
945,Canis lupus,Canis lupus,Aves
946,Cantorchilus elutus,Cantorchilus elutus,Aves
947,Cantorchilus guarayanus,Cantorchilus guarayanus,Aves
948,Cantorchilus leucopogon,Cantorchilus leucopogon,Aves
949,Cantorchilus leucotis,Cantorchilus leucotis,Aves
950,Cantorchilus longirostris,Cantorchilus longirostris,Aves
951,Cantorchilus modestus,Cantorchilus modestus,Aves
952,Cantorchilus nigricapillus,Cantorchilus nigricapillus,Aves
953,Cantorchilus semibadius,Cantorchilus semibadius,Aves
954,Cantorchilus superciliaris,Cantorchilus superciliaris,Aves
955,Cantorchilus thoracicus,Cantorchilus thoracicus,Aves
956,Cantorchilus zeledoni,Cantorchilus zeledoni,Aves
957,Capito auratus,Capito auratus,Aves
958,Capito aurovirens,Capito aurovirens,Aves
959,Capito dayi,Capito dayi,Aves
960,Capito hypoleucus,Capito hypoleucus,Aves
961,Capito niger,Capito niger,Aves
962,Capito quinticolor,Capito quinticolor,Aves
963,Capito squamatus,Capito squamatus,Aves
964,Capito wallacei,Capito wallacei,Aves
965,Caprimulgus affinis,Caprimulgus affinis,Aves
966,Caprimulgus asiaticus,Caprimulgus asiaticus,Aves
967,Caprimulgus atripennis,Caprimulgus atripennis,Aves
968,Caprimulgus clarus,Caprimulgus clarus,Aves
969,Caprimulgus climacurus,Caprimulgus climacurus,Aves
970,Caprimulgus europaeus,Caprimulgus europaeus,Aves
971,Caprimulgus fossii,Caprimulgus fossii,Aves
972,Caprimulgus indicus,Caprimulgus indicus,Aves
973,Caprimulgus jotaka,Caprimulgus jotaka,Aves
974,Caprimulgus macrurus,Caprimulgus macrurus,Aves
975,Caprimulgus madagascariensis,Caprimulgus madagascariensis,Aves
976,Caprimulgus manillensis,Caprimulgus manillensis,Aves
977,Caprimulgus natalensis,Caprimulgus natalensis,Aves
978,Caprimulgus nigriscapularis,,
979,Caprimulgus pectoralis,Caprimulgus pectoralis,Aves
980,Caprimulgus poliocephalus,Caprimulgus poliocephalus,Aves
981,Caprimulgus ruficollis,Caprimulgus ruficollis,Aves
982,Caprimulgus rufigena,Caprimulgus rufigena,Aves
983,Caprimulgus tristigma,Caprimulgus tristigma,Aves
984,Capsiempis flaveola,Capsiempis flaveola,Aves
985,Caracara plancus,Caracara plancus,Aves
986,Cardellina canadensis,Cardellina canadensis,Aves
987,Cardellina pusilla,Cardellina pusilla,Aves
988,Cardellina rubra,Cardellina rubra,Aves
989,Cardellina rubrifrons,Cardellina rubrifrons,Aves
990,Cardellina versicolor,Cardellina versicolor,Aves
991,Cardinalis cardinalis,Cardinalis cardinalis,Aves
992,Cardinalis phoeniceus,Cardinalis phoeniceus,Aves
993,Cardinalis sinuatus,Cardinalis sinuatus,Aves
994,Carduelis carduelis,Carduelis carduelis,Aves
995,Carduelis citrinella,Carduelis citrinella,Aves
996,Carduelis corsicana,Carduelis corsicana,Aves
997,Cariama cristata,Cariama cristata,Aves
998,Carpococcyx radiceus,Carpococcyx radiceus,Aves
999,Carpococcyx renauldi,Carpococcyx renauldi,Aves
1000,Carpodacus dubius,Carpodacus dubius,Aves
1001,Carpodacus erythrinus,Carpodacus erythrinus,Aves
1002,Carpodacus puniceus,Carpodacus puniceus,Aves
1003,Carpodacus rodochroa,Carpodacus rodochroa,Aves
1004,Carpodacus rubicilla,Carpodacus rubicilla,Aves
1005,Carpodacus rubicilloides,Carpodacus rubicilloides,Aves
1006,Carpodacus sibiricus,Carpodacus sibiricus,Aves
1007,Carpodacus synoicus,Carpodacus synoicus,Aves
1008,Carpodacus thura,Carpodacus thura,Aves
1009,Carpornis cucullata,Carpornis cucullata,Aves
1010,Carpornis melanocephala,Carpornis melanocephala,Aves
1011,Carpospiza brachydactyla,Carpospiza brachydactyla,Aves
1012,Carterornis chrysomela,Carterornis chrysomela,Aves
1013,Carterornis leucotis,Carterornis leucotis,Aves
1014,Carterornis pileatus,Carterornis pileatus,Aves
1015,Caryothraustes canadensis,Caryothraustes canadensis,Aves
1016,Caryothraustes poliogaster,Caryothraustes poliogaster,Aves
1017,Casiornis rufus,Casiornis rufus,Aves
1018,Cassiculus melanicterus,Cassiculus melanicterus,Aves
1019,Casuarius casuarius,Casuarius casuarius,Aves
1020,Catamblyrhynchus diadema,Catamblyrhynchus diadema,Aves
1021,Catamenia analis,Catamenia analis,Aves
1022,Catamenia homochroa,Catamenia homochroa,Aves
1023,Catamenia inornata,Catamenia inornata,Aves
1024,Cathartes aura,Cathartes aura,Aves
1025,Catharus aurantiirostris,Catharus aurantiirostris,Aves
1026,Catharus bicknelli,Catharus bicknelli,Aves
1027,Catharus dryas,Catharus dryas,Aves
1028,Catharus frantzii,Catharus frantzii,Aves
1029,Catharus fuscater,Catharus fuscater,Aves
1030,Catharus fuscescens,Catharus fuscescens,Aves
1031,Catharus gracilirostris,Catharus gracilirostris,Aves
1032,Catharus guttatus,Catharus guttatus,Aves
1033,Catharus maculatus,Catharus maculatus,Aves
1034,Catharus mexicanus,Catharus mexicanus,Aves
1035,Catharus minimus,Catharus minimus,Aves
1036,Catharus occidentalis,Catharus occidentalis,Aves
1037,Catharus ustulatus,Catharus ustulatus,Aves
1038,Catherpes mexicanus,Catherpes mexicanus,Aves
1039,Catreus wallichii,Catreus wallichii,Aves
1040,Cecropis abyssinica,Cecropis abyssinica,Aves
1041,Cecropis cucullata,Cecropis cucullata,Aves
1042,Cecropis daurica,Cecropis daurica,Aves
1043,Cecropis semirufa,Cecropis semirufa,Aves
1044,Cecropis striolata,,
1045,Celeus castaneus,Celeus castaneus,Aves
1046,Celeus elegans,Celeus elegans,Aves
1047,Celeus flavescens,Celeus flavescens,Aves
1048,Celeus flavus,Celeus flavus,Aves
1049,Celeus galeatus,Celeus galeatus,Aves
1050,Celeus grammicus,,
1051,Celeus loricatus,Celeus loricatus,Aves
1052,Celeus lugubris,Celeus lugubris,Aves
1053,Celeus obrieni,Celeus obrieni,Aves
1054,Celeus ochraceus,Celeus ochraceus,Aves
1055,Celeus spectabilis,Celeus spectabilis,Aves
1056,Celeus torquatus,Celeus torquatus,Aves
1057,Celeus undatus,Celeus undatus,Aves
1058,Centrocercus urophasianus,Centrocercus urophasianus,Aves
1059,Centronyx bairdii,Centronyx bairdii,Aves
1060,Centronyx henslowii,Centronyx henslowii,Aves
1061,Centropus andamanensis,Centropus andamanensis,Aves
1062,Centropus bengalensis,Centropus bengalensis,Aves
1063,Centropus celebensis,Centropus celebensis,Aves
1064,Centropus chlororhynchos,Centropus chlororhynchos,Aves
1065,Centropus leucogaster,Centropus leucogaster,Aves
1066,Centropus melanops,Centropus melanops,Aves
1067,Centropus menbeki,Centropus menbeki,Aves
1068,Centropus milo,Centropus milo,Aves
1069,Centropus monachus,Centropus monachus,Aves
1070,Centropus phasianinus,Centropus phasianinus,Aves
1071,Centropus rectunguis,Centropus rectunguis,Aves
1072,Centropus senegalensis,Centropus senegalensis,Aves
1073,Centropus sinensis,Centropus sinensis,Aves
1074,Centropus superciliosus,Centropus superciliosus,Aves
1075,Centropus toulou,Centropus toulou,Aves
1076,Centropus viridis,Centropus viridis,Aves
1077,Cephalopterus penduliger,Cephalopterus penduliger,Aves
1078,Cepphus columba,Cepphus columba,Aves
1079,Cepphus grylle,Cepphus grylle,Aves
1080,Ceratogymna atrata,Ceratogymna atrata,Aves
1081,Ceratopipra chloromeros,Ceratopipra chloromeros,Aves
1082,Ceratopipra cornuta,Ceratopipra cornuta,Aves
1083,Ceratopipra erythrocephala,Ceratopipra erythrocephala,Aves
1084,Ceratopipra mentalis,Ceratopipra mentalis,Aves
1085,Ceratopipra rubrocapilla,Ceratopipra rubrocapilla,Aves
1086,Cercibis oxycerca,Cercibis oxycerca,Aves
1087,Cercococcyx mechowi,Cercococcyx mechowi,Aves
1088,Cercococcyx montanus,Cercococcyx montanus,Aves
1089,Cercococcyx olivinus,Cercococcyx olivinus,Aves
1090,Cercomacra brasiliana,Cercomacra brasiliana,Aves
1091,Cercomacra carbonaria,Cercomacra carbonaria,Aves
1092,Cercomacra cinerascens,Cercomacra cinerascens,Aves
1093,Cercomacra ferdinandi,Cercomacra ferdinandi,Aves
1094,Cercomacra manu,Cercomacra manu,Aves
1095,Cercomacra melanaria,Cercomacra melanaria,Aves
1096,Cercomacra nigricans,Cercomacra nigricans,Aves
1097,Cercomacroides fuscicauda,Cercomacroides fuscicauda,Aves
1098,Cercomacroides laeta,Cercomacroides laeta,Aves
1099,Cercomacroides nigrescens,Cercomacroides nigrescens,Aves
1100,Cercomacroides parkeri,Cercomacroides parkeri,Aves
1101,Cercomacroides serva,Cercomacroides serva,Aves
1102,Cercomacroides tyrannina,Cercomacroides tyrannina,Aves
1103,Cercotrichas barbata,Tychaedon barbata,Aves
1104,Cercotrichas coryphoeus,Tychaedon coryphoeus,Aves
1105,Cercotrichas galactotes,Cercotrichas galactotes,Aves
1106,Cercotrichas hartlaubi,Cercotrichas hartlaubi,Aves
1107,Cercotrichas leucophrys,Cercotrichas leucophrys,Aves
1108,Cercotrichas paena,Cercotrichas paena,Aves
1109,Cercotrichas podobe,Cercotrichas podobe,Aves
1110,Cercotrichas quadrivirgata,Tychaedon quadrivirgata,Aves
1111,Cercotrichas signata,Tychaedon signata,Aves
1112,Certhia americana,Certhia americana,Aves
1113,Certhia brachydactyla,Certhia brachydactyla,Aves
1114,Certhia discolor,Certhia discolor,Aves
1115,Certhia familiaris,Certhia familiaris,Aves
1116,Certhia himalayana,Certhia himalayana,Aves
1117,Certhia hodgsoni,Certhia hodgsoni,Aves
1118,Certhia manipurensis,Certhia manipurensis,Aves
1119,Certhiasomus stictolaemus,Certhiasomus stictolaemus,Aves
1120,Certhiaxis cinnamomeus,Certhiaxis cinnamomeus,Aves
1121,Certhiaxis mustelinus,Certhiaxis mustelinus,Aves
1122,Certhilauda chuana,Certhilauda chuana,Aves
1123,Certhilauda semitorquata,Certhilauda semitorquata,Aves
1124,Certhilauda subcoronata,Certhilauda subcoronata,Aves
1125,Certhionyx variegatus,Certhionyx variegatus,Aves
1126,Ceryle rudis,Ceryle rudis,Aves
1127,Cettia brunnifrons,Cettia brunnifrons,Aves
1128,Cettia castaneocoronata,Cettia castaneocoronata,Aves
1129,Cettia cetti,Cettia cetti,Aves
1130,Cettia major,Cettia major,Aves
1131,Ceuthmochares aereus,Ceuthmochares aereus,Aves
1132,Ceuthmochares australis,Ceuthmochares australis,Aves
1133,Ceyx azureus,Ceyx azureus,Aves
1134,Ceyx erithaca,Ceyx erithaca,Aves
1135,Chaetocercus mulsant,Chaetocercus mulsant,Aves
1136,Chaetops frenatus,Chaetops frenatus,Aves
1137,Chaetura brachyura,Chaetura brachyura,Aves
1138,Chaetura chapmani,Chaetura chapmani,Aves
1139,Chaetura cinereiventris,Chaetura cinereiventris,Aves
1140,Chaetura meridionalis,Chaetura meridionalis,Aves
1141,Chaetura pelagica,Chaetura pelagica,Aves
1142,Chaetura spinicaudus,Chaetura spinicaudus,Aves
1143,Chaetura vauxi,Chaetura vauxi,Aves
1144,Chalcomitra amethystina,Chalcomitra amethystina,Aves
1145,Chalcomitra senegalensis,Chalcomitra senegalensis,Aves
1146,Chalcoparia singalensis,Chalcoparia singalensis,Aves
1147,Chalcophaps indica,Chalcophaps indica,Aves
1148,Chalcophaps longirostris,Chalcophaps longirostris,Aves
1149,Chalcophaps stephani,Chalcophaps stephani,Aves
1150,Chalybura buffonii,Chalybura buffonii,Aves
1151,Chalybura urochrysia,Chalybura urochrysia,Aves
1152,Chamaea fasciata,Chamaea fasciata,Aves
1153,Chamaepetes goudotii,Chamaepetes goudotii,Aves
1154,Chamaepetes unicolor,Chamaepetes unicolor,Aves
1155,Chamaetylas fuelleborni,Chamaetylas fuelleborni,Aves
1156,Chamaetylas poliocephala,Chamaetylas poliocephala,Aves
1157,Chamaeza campanisona,Chamaeza campanisona,Aves
1158,Chamaeza meruloides,Chamaeza meruloides,Aves
1159,Chamaeza mollissima,Chamaeza mollissima,Aves
1160,Chamaeza nobilis,Chamaeza nobilis,Aves
1161,Chamaeza ruficauda,Chamaeza ruficauda,Aves
1162,Chamaeza turdina,Chamaeza turdina,Aves
1163,Charadrius alexandrinus,Anarhynchus nivosus,Aves
1164,Charadrius bicinctus,Anarhynchus bicinctus,Aves
1165,Charadrius collaris,Anarhynchus collaris,Aves
1166,Charadrius dubius,Charadrius dubius,Aves
1167,Charadrius falklandicus,Anarhynchus falklandicus,Aves
1168,Charadrius hiaticula,Charadrius hiaticula,Aves
1169,Charadrius javanicus,Anarhynchus javanicus,Aves
1170,Charadrius leschenaultii,Anarhynchus leschenaultii,Aves
1171,Charadrius melodus,Charadrius melodus,Aves
1172,Charadrius modestus,Zonibyx modestus,Aves
1173,Charadrius mongolus,Anarhynchus mongolus,Aves
1174,Charadrius montanus,Anarhynchus montanus,Aves
1175,Charadrius morinellus,Eudromias morinellus,Aves
1176,Charadrius nivosus,Anarhynchus nivosus,Aves
1177,Charadrius peronii,Anarhynchus peronii,Aves
1178,Charadrius placidus,Charadrius placidus,Aves
1179,Charadrius semipalmatus,Charadrius semipalmatus,Aves
1180,Charadrius tricollaris,Charadrius tricollaris,Aves
1181,Charadrius veredus,Anarhynchus veredus,Aves
1182,Charadrius vociferus,Charadrius vociferus,Aves
1183,Charadrius wilsonia,Anarhynchus wilsonia,Aves
1184,Charitospiza eucosma,Charitospiza eucosma,Aves
1185,Charmosyna papou,Charmosyna papou,Aves
1186,Chasiempis ibidis,Chasiempis ibidis,Aves
1187,Chasiempis sandwichensis,Chasiempis sandwichensis,Aves
1188,Chasiempis sclateri,Chasiempis sclateri,Aves
1189,Chauna chavaria,Chauna chavaria,Aves
1190,Chauna torquata,Chauna torquata,Aves
1191,Chelidoptera tenebrosa,Chelidoptera tenebrosa,Aves
1192,Chelidorhynx hypoxanthus,Chelidorhynx hypoxanthus,Aves
1193,Chenonetta jubata,Chenonetta jubata,Aves
1194,Chersomanes albofasciata,Chersomanes albofasciata,Aves
1195,Chersophilus duponti,Chersophilus duponti,Aves
1196,Chionomesa fimbriata,Chionomesa fimbriata,Aves
1197,Chionomesa lactea,Chionomesa lactea,Aves
1198,Chiroxiphia boliviana,Chiroxiphia boliviana,Aves
1199,Chiroxiphia caudata,Chiroxiphia caudata,Aves
1200,Chiroxiphia lanceolata,Chiroxiphia lanceolata,Aves
1201,Chiroxiphia linearis,Chiroxiphia linearis,Aves
1202,Chiroxiphia pareola,Chiroxiphia pareola,Aves
1203,Chlamydera maculata,Chlamydera maculata,Aves
1204,Chlamydera nuchalis,Chlamydera nuchalis,Aves
1205,Chlidonias albostriatus,Chlidonias albostriatus,Aves
1206,Chlidonias hybrida,Chlidonias hybrida,Aves
1207,Chlidonias leucopterus,Chlidonias leucopterus,Aves
1208,Chlidonias niger,Chlidonias niger,Aves
1209,Chloephaga picta,Chloephaga picta,Aves
1210,Chlorestes candida,Chlorestes candida,Aves
1211,Chlorestes cyanus,Chlorestes cyanus,Aves
1212,Chlorestes eliciae,Chlorestes eliciae,Aves
1213,Chlorestes julie,Chlorestes julie,Aves
1214,Chlorestes notata,Chlorestes notata,Aves
1215,Chloris chloris,Chloris chloris,Aves
1216,Chloris monguilloti,Chloris monguilloti,Aves
1217,Chloris sinica,Chloris sinica,Aves
1218,Chloris spinoides,Chloris spinoides,Aves
1219,Chloroceryle aenea,Chloroceryle aenea,Aves
1220,Chloroceryle amazona,Chloroceryle amazona,Aves
1221,Chloroceryle americana,Chloroceryle americana,Aves
1222,Chloroceryle inda,Chloroceryle inda,Aves
1223,Chlorochrysa phoenicotis,Chlorochrysa phoenicotis,Aves
1224,Chlorocichla flaviventris,Chlorocichla flaviventris,Aves
1225,Chlorocichla laetissima,Chlorocichla laetissima,Aves
1226,Chlorocichla simplex,Chlorocichla simplex,Aves
1227,Chlorodrepanis flava,Chlorodrepanis flava,Aves
1228,Chlorodrepanis stejnegeri,Chlorodrepanis stejnegeri,Aves
1229,Chlorodrepanis virens,Chlorodrepanis virens,Aves
1230,Chlorophanes spiza,Chlorophanes spiza,Aves
1231,Chlorophonia callophrys,Chlorophonia callophrys,Aves
1232,Chlorophonia cyanea,Chlorophonia cyanea,Aves
1233,Chlorophonia cyanocephala,Chlorophonia cyanocephala,Aves
1234,Chlorophonia elegantissima,Chlorophonia elegantissima,Aves
1235,Chlorophonia flavirostris,Chlorophonia flavirostris,Aves
1236,Chlorophonia musica,Chlorophonia musica,Aves
1237,Chlorophonia occipitalis,Chlorophonia occipitalis,Aves
1238,Chlorophonia pyrrhophrys,Chlorophonia pyrrhophrys,Aves
1239,Chloropicus fuscescens,Dendropicos fuscescens,Aves
1240,Chloropicus goertae,Dendropicos goertae,Aves
1241,Chloropicus griseocephalus,Dendropicos griseocephalus,Aves
1242,Chloropicus namaquus,Chloropicus namaquus,Aves
1243,Chloropicus spodocephalus,Dendropicos spodocephalus,Aves
1244,Chloropsis aurifrons,Chloropsis aurifrons,Aves
1245,Chloropsis cochinchinensis,Chloropsis cochinchinensis,Aves
1246,Chloropsis cyanopogon,Chloropsis cyanopogon,Aves
1247,Chloropsis hardwickii,Chloropsis hardwickii,Aves
1248,Chloropsis jerdoni,Chloropsis jerdoni,Aves
1249,Chloropsis sonnerati,Chloropsis sonnerati,Aves
1250,Chlorornis riefferii,Chlorornis riefferii,Aves
1251,Chlorospingus canigularis,Chlorospingus canigularis,Aves
1252,Chlorospingus flavigularis,Chlorospingus flavigularis,Aves
1253,Chlorospingus flavopectus,Chlorospingus flavopectus,Aves
1254,Chlorospingus pileatus,Chlorospingus pileatus,Aves
1255,Chlorospingus semifuscus,Chlorospingus semifuscus,Aves
1256,Chlorostilbon gibsoni,Chlorostilbon gibsoni,Aves
1257,Chlorostilbon lucidus,Chlorostilbon lucidus,Aves
1258,Chlorostilbon mellisugus,Chlorostilbon mellisugus,Aves
1259,Chlorothraupis carmioli,Chlorothraupis carmioli,Aves
1260,Chlorothraupis olivacea,Chlorothraupis olivacea,Aves
1261,Chlorothraupis stolzmanni,Chlorothraupis stolzmanni,Aves
1262,Cholornis unicolor,Paradoxornis unicolor,Aves
1263,Chondestes grammacus,Chondestes grammacus,Aves
1264,Chondrohierax uncinatus,Chondrohierax uncinatus,Aves
1265,Chordeiles acutipennis,Chordeiles acutipennis,Aves
1266,Chordeiles gundlachii,Chordeiles gundlachii,Aves
1267,Chordeiles minor,Chordeiles minor,Aves
1268,Chordeiles nacunda,Chordeiles nacunda,Aves
1269,Chordeiles pusillus,Chordeiles pusillus,Aves
1270,Chroicocephalus brunnicephalus,Chroicocephalus brunnicephalus,Aves
1271,Chroicocephalus cirrocephalus,Chroicocephalus cirrocephalus,Aves
1272,Chroicocephalus genei,Chroicocephalus genei,Aves
1273,Chroicocephalus maculipennis,Chroicocephalus maculipennis,Aves
1274,Chroicocephalus novaehollandiae,Chroicocephalus novaehollandiae,Aves
1275,Chroicocephalus philadelphia,Chroicocephalus philadelphia,Aves
1276,Chroicocephalus ridibundus,Chroicocephalus ridibundus,Aves
1277,Chroicocephalus serranus,Chroicocephalus serranus,Aves
1278,Chrysococcyx basalis,Chalcites basalis,Aves
1279,Chrysococcyx caprius,Chrysococcyx caprius,Aves
1280,Chrysococcyx cupreus,Chrysococcyx cupreus,Aves
1281,Chrysococcyx klaas,Chrysococcyx klaas,Aves
1282,Chrysococcyx lucidus,Chalcites lucidus,Aves
1283,Chrysococcyx maculatus,Chrysococcyx maculatus,Aves
1284,Chrysococcyx minutillus,Chalcites minutillus,Aves
1285,Chrysococcyx osculans,Chalcites osculans,Aves
1286,Chrysococcyx xanthorhynchus,Chrysococcyx xanthorhynchus,Aves
1287,Chrysocolaptes festivus,Chrysocolaptes festivus,Aves
1288,Chrysocolaptes guttacristatus,Chrysocolaptes guttacristatus,Aves
1289,Chrysolampis mosquitus,Chrysolampis mosquitus,Aves
1290,Chrysolophus amherstiae,Chrysolophus amherstiae,Aves
1291,Chrysolophus pictus,Chrysolophus pictus,Aves
1292,Chrysomma altirostre,Chrysomma altirostre,Aves
1293,Chrysomma sinense,Chrysomma sinense,Aves
1294,Chrysomus icterocephalus,Chrysomus icterocephalus,Aves
1295,Chrysomus ruficapillus,Chrysomus ruficapillus,Aves
1296,Chrysophlegma flavinucha,Chrysophlegma flavinucha,Aves
1297,Chrysophlegma mentale,Chrysophlegma mentale,Aves
1298,Chrysophlegma miniaceum,Chrysophlegma miniaceum,Aves
1299,Chrysothlypis chrysomelas,Chrysothlypis chrysomelas,Aves
1300,Chrysothlypis salmoni,Chrysothlypis salmoni,Aves
1301,Chrysuronia oenone,Chrysuronia oenone,Aves
1302,Chrysuronia versicolor,Chrysuronia versicolor,Aves
1303,Chunga burmeisteri,Chunga burmeisteri,Aves
1304,Ciccaba albitarsis,Strix albitarsis,Aves
1305,Ciccaba huhula,Strix huhula,Aves
1306,Ciccaba nigrolineata,Strix nigrolineata,Aves
1307,Ciccaba virgata,Strix virgata,Aves
1308,Cichladusa arquata,Cichladusa arquata,Aves
1309,Cichladusa guttata,Cichladusa guttata,Aves
1310,Cichlocolaptes leucophrus,Cichlocolaptes leucophrus,Aves
1311,Cichlopsis leucogenys,Cichlopsis leucogenys,Aves
1312,Cicinnurus magnificus,Diphyllodes magnificus,Aves
1313,Cicinnurus regius,Cicinnurus regius,Aves
1314,Cicinnurus respublica,Diphyllodes respublica,Aves
1315,Ciconia ciconia,Ciconia ciconia,Aves
1316,Ciconia nigra,Ciconia nigra,Aves
1317,Cinclidium frontale,Cinclidium frontale,Aves
1318,Cinclocerthia gutturalis,Cinclocerthia gutturalis,Aves
1319,Cinclodes albidiventris,Cinclodes albidiventris,Aves
1320,Cinclodes albiventris,Cinclodes albiventris,Aves
1321,Cinclodes excelsior,Cinclodes excelsior,Aves
1322,Cinclodes fuscus,Cinclodes fuscus,Aves
1323,Cinclodes nigrofumosus,Cinclodes nigrofumosus,Aves
1324,Cinclodes oustaleti,Cinclodes oustaleti,Aves
1325,Cinclodes pabsti,Cinclodes pabsti,Aves
1326,Cinclodes patagonicus,Cinclodes patagonicus,Aves
1327,Cincloramphus cruralis,Cincloramphus cruralis,Aves
1328,Cincloramphus macrurus,Cincloramphus macrurus,Aves
1329,Cincloramphus mathewsi,Cincloramphus mathewsi,Aves
1330,Cincloramphus timoriensis,Cincloramphus timoriensis,Aves
1331,Cinclosoma ajax,Cinclosoma ajax,Aves
1332,Cinclosoma castaneothorax,Cinclosoma castaneothorax,Aves
1333,Cinclosoma punctatum,Cinclosoma punctatum,Aves
1334,Cinclus cinclus,Cinclus cinclus,Aves
1335,Cinclus mexicanus,Cinclus mexicanus,Aves
1336,Cinclus pallasii,Cinclus pallasii,Aves
1337,Cinnycerthia fulva,Cinnycerthia fulva,Aves
1338,Cinnycerthia olivascens,Cinnycerthia olivascens,Aves
1339,Cinnycerthia peruana,Cinnycerthia peruana,Aves
1340,Cinnycerthia unirufa,Cinnycerthia unirufa,Aves
1341,Cinnyricinclus leucogaster,Cinnyricinclus leucogaster,Aves
1342,Cinnyris afer,Cinnyris afer,Aves
1343,Cinnyris asiaticus,Cinnyris asiaticus,Aves
1344,Cinnyris bifasciatus,Cinnyris bifasciatus,Aves
1345,Cinnyris chalybeus,Cinnyris chalybeus,Aves
1346,Cinnyris chloropygius,Cinnyris chloropygius,Aves
1347,Cinnyris coccinigastrus,Cinnyris coccinigastrus,Aves
1348,Cinnyris cupreus,Cinnyris cupreus,Aves
1349,Cinnyris erythrocercus,Cinnyris erythrocercus,Aves
1350,Cinnyris fuscus,Cinnyris fuscus,Aves
1351,Cinnyris gertrudis,Cinnyris gertrudis,Aves
1352,Cinnyris habessinicus,Cinnyris habessinicus,Aves
1353,Cinnyris jugularis,Cinnyris jugularis,Aves
1354,Cinnyris lotenius,Cinnyris lotenius,Aves
1355,Cinnyris mariquensis,Cinnyris mariquensis,Aves
1356,Cinnyris mediocris,Cinnyris mediocris,Aves
1357,Cinnyris nectarinioides,Cinnyris nectarinioides,Aves
1358,Cinnyris osea,Cinnyris osea,Aves
1359,Cinnyris pulchellus,Cinnyris pulchellus,Aves
1360,Cinnyris regius,Cinnyris regius,Aves
1361,Cinnyris reichenowi,Cinnyris reichenowi,Aves
1362,Cinnyris solaris,Cinnyris solaris,Aves
1363,Cinnyris sovimanga,Cinnyris sovimanga,Aves
1364,Cinnyris talatala,Cinnyris talatala,Aves
1365,Cinnyris venustus,Cinnyris venustus,Aves
1366,Circaetus gallicus,Circaetus gallicus,Aves
1367,Circus aeruginosus,Circus aeruginosus,Aves
1368,Circus approximans,Circus approximans,Aves
1369,Circus buffoni,Circus buffoni,Aves
1370,Circus cyaneus,Circus cyaneus,Aves
1371,Circus hudsonius,Circus hudsonius,Aves
1372,Circus macrourus,Circus macrourus,Aves
1373,Circus melanoleucos,Circus melanoleucos,Aves
1374,Circus pygargus,Circus pygargus,Aves
1375,Circus spilonotus,Circus spilonotus,Aves
1376,Cissa chinensis,Cissa chinensis,Aves
1377,Cissa hypoleuca,Cissa hypoleuca,Aves
1378,Cissa jefferyi,Cissa jefferyi,Aves
1379,Cissopis leverianus,Cissopis leverianus,Aves
1380,Cisticola aberrans,Cisticola aberrans,Aves
1381,Cisticola anonymus,Cisticola anonymus,Aves
1382,Cisticola aridulus,Cisticola aridulus,Aves
1383,Cisticola ayresii,Cisticola ayresii,Aves
1384,Cisticola brachypterus,Cisticola brachypterus,Aves
1385,Cisticola cantans,Cisticola cantans,Aves
1386,Cisticola cherina,Cisticola cherina,Aves
1387,Cisticola chiniana,Cisticola chiniana,Aves
1388,Cisticola chubbi,Cisticola chubbi,Aves
1389,Cisticola cinereolus,Cisticola cinereolus,Aves
1390,Cisticola erythrops,Cisticola erythrops,Aves
1391,Cisticola exilis,Cisticola exilis,Aves
1392,Cisticola fulvicapilla,Cisticola fulvicapilla,Aves
1393,Cisticola haematocephalus,Cisticola haematocephalus,Aves
1394,Cisticola hunteri,Cisticola hunteri,Aves
1395,Cisticola juncidis,Cisticola juncidis,Aves
1396,Cisticola lais,Cisticola lais,Aves
1397,Cisticola lateralis,Cisticola lateralis,Aves
1398,Cisticola marginatus,Cisticola marginatus,Aves
1399,Cisticola natalensis,Cisticola natalensis,Aves
1400,Cisticola nigriloris,Cisticola nigriloris,Aves
1401,Cisticola njombe,Cisticola njombe,Aves
1402,Cisticola pipiens,Cisticola pipiens,Aves
1403,Cisticola robustus,Cisticola robustus,Aves
1404,Cisticola subruficapilla,Cisticola subruficapilla,Aves
1405,Cisticola textrix,Cisticola textrix,Aves
1406,Cisticola tinniens,Cisticola tinniens,Aves
1407,Cisticola woosnami,Cisticola woosnami,Aves
1408,Cistothorus apolinari,Cistothorus apolinari,Aves
1409,Cistothorus palustris,Cistothorus palustris,Aves
1410,Cistothorus platensis,Cistothorus platensis,Aves
1411,Cistothorus stellaris,Cistothorus stellaris,Aves
1412,Clamator coromandus,Clamator coromandus,Aves
1413,Clamator glandarius,Clamator glandarius,Aves
1414,Clamator jacobinus,Clamator jacobinus,Aves
1415,Clamator levaillantii,Clamator levaillantii,Aves
1416,Clanga clanga,Clanga clanga,Aves
1417,Clanga pomarina,Clanga pomarina,Aves
1418,Clangula hyemalis,Clangula hyemalis,Aves
1419,Claravis pretiosa,Claravis pretiosa,Aves
1420,Clibanornis dendrocolaptoides,Clibanornis dendrocolaptoides,Aves
1421,Clibanornis erythrocephalus,Clibanornis erythrocephalus,Aves
1422,Clibanornis rectirostris,Clibanornis rectirostris,Aves
1423,Clibanornis rubiginosus,Clibanornis rubiginosus,Aves
1424,Clibanornis rufipectus,Clibanornis rufipectus,Aves
1425,Climacteris picumnus,Climacteris picumnus,Aves
1426,Clytoctantes alixii,Clytoctantes alixii,Aves
1427,Clytolaema rubricauda,Heliodoxa rubricauda,Aves
1428,Clytorhynchus vitiensis,Clytorhynchus vitiensis,Aves
1429,Cnemoscopus rubrirostris,Cnemoscopus rubrirostris,Aves
1430,Cnemotriccus fuscatus,Cnemotriccus fuscatus,Aves
1431,Cnipodectes subbrunneus,Cnipodectes subbrunneus,Aves
1432,Coccopygia melanotis,Coccopygia melanotis,Aves
1433,Coccopygia quartinia,Coccopygia quartinia,Aves
1434,Coccothraustes abeillei,Hesperiphona abeillei,Aves
1435,Coccothraustes coccothraustes,Coccothraustes coccothraustes,Aves
1436,Coccothraustes vespertinus,Hesperiphona vespertina,Aves
1437,Coccycua cinerea,Coccycua cinerea,Aves
1438,Coccycua minuta,Coccycua minuta,Aves
1439,Coccyzus americanus,Coccyzus americanus,Aves
1440,Coccyzus erythropthalmus,Coccyzus erythropthalmus,Aves
1441,Coccyzus euleri,Coccyzus euleri,Aves
1442,Coccyzus longirostris,Coccyzus longirostris,Aves
1443,Coccyzus melacoryphus,Coccyzus melacoryphus,Aves
1444,Coccyzus merlini,Coccyzus merlini,Aves
1445,Coccyzus minor,Coccyzus minor,Aves
1446,Coccyzus vieilloti,Coccyzus vieilloti,Aves
1447,Cochlearius cochlearius,Cochlearius cochlearius,Aves
1448,Cochoa viridis,Cochoa viridis,Aves
1449,Coeligena coeligena,Coeligena coeligena,Aves
1450,Coeligena iris,Coeligena iris,Aves
1451,Coeligena lutetiae,Coeligena lutetiae,Aves
1452,Coeligena wilsoni,Coeligena wilsoni,Aves
1453,Coereba flaveola,Coereba flaveola,Aves
1454,Colaptes atricollis,Colaptes atricollis,Aves
1455,Colaptes auratus,Colaptes auratus,Aves
1456,Colaptes auricularis,Colaptes auricularis,Aves
1457,Colaptes campestris,Colaptes campestris,Aves
1458,Colaptes chrysoides,Colaptes chrysoides,Aves
1459,Colaptes fernandinae,Colaptes fernandinae,Aves
1460,Colaptes melanochloros,Colaptes melanochloros,Aves
1461,Colaptes pitius,Colaptes pitius,Aves
1462,Colaptes punctigula,Colaptes punctigula,Aves
1463,Colaptes rivolii,Colaptes rivolii,Aves
1464,Colaptes rubiginosus,Colaptes rubiginosus,Aves
1465,Colaptes rupicola,Colaptes rupicola,Aves
1466,Colibri coruscans,Colibri coruscans,Aves
1467,Colibri cyanotus,Colibri cyanotus,Aves
1468,Colibri delphinae,Colibri delphinae,Aves
1469,Colibri serrirostris,Colibri serrirostris,Aves
1470,Colibri thalassinus,Colibri thalassinus,Aves
1471,Colinus cristatus,Colinus cristatus,Aves
1472,Colinus nigrogularis,Colinus nigrogularis,Aves
1473,Colinus virginianus,Colinus virginianus,Aves
1474,Colius colius,Colius colius,Aves
1475,Colius striatus,Colius striatus,Aves
1476,Collocalia affinis,Collocalia affinis,Aves
1477,Colluricincla boweri,Colluricincla boweri,Aves
1478,Colluricincla harmonica,Colluricincla harmonica,Aves
1479,Colluricincla megarhyncha,Colluricincla megarhyncha,Aves
1480,Colluricincla rufogaster,Colluricincla rufogaster,Aves
1481,Colonia colonus,Colonia colonus,Aves
1482,Colorhamphus parvirostris,Colorhamphus parvirostris,Aves
1483,Columba arquatrix,Columba arquatrix,Aves
1484,Columba delegorguei,Columba delegorguei,Aves
1485,Columba guinea,Columba guinea,Aves
1486,Columba iriditorques,Columba iriditorques,Aves
1487,Columba janthina,Columba janthina,Aves
1488,Columba larvata,Columba larvata,Aves
1489,Columba livia,Columba livia,Aves
1490,Columba oenas,Columba oenas,Aves
1491,Columba palumbus,Columba palumbus,Aves
1492,Columba unicincta,Columba unicincta,Aves
1493,Columba vitiensis,Columba vitiensis,Aves
1494,Columbina buckleyi,Columbina buckleyi,Aves
1495,Columbina cruziana,Columbina cruziana,Aves
1496,Columbina cyanopis,Columbina cyanopis,Aves
1497,Columbina inca,Columbina inca,Aves
1498,Columbina minuta,Columbina minuta,Aves
1499,Columbina passerina,Columbina passerina,Aves
1500,Columbina picui,Columbina picui,Aves
1501,Columbina squammata,Columbina squammata,Aves
1502,Columbina talpacoti,Columbina talpacoti,Aves
1503,Compsothraupis loricata,Compsothraupis loricata,Aves
1504,Conioptilon mcilhennyi,Conioptilon mcilhennyi,Aves
1505,Conirostrum albifrons,Conirostrum albifrons,Aves
1506,Conirostrum bicolor,Conirostrum bicolor,Aves
1507,Conirostrum binghami,Conirostrum binghami,Aves
1508,Conirostrum cinereum,Conirostrum cinereum,Aves
1509,Conirostrum leucogenys,Conirostrum leucogenys,Aves
1510,Conirostrum margaritae,Conirostrum margaritae,Aves
1511,Conirostrum rufum,Conirostrum rufum,Aves
1512,Conirostrum sitticolor,Conirostrum sitticolor,Aves
1513,Conirostrum speciosum,Conirostrum speciosum,Aves
1514,Conirostrum tamarugense,Conirostrum tamarugense,Aves
1515,Conocephalus brevipennis,Conocephalus brevipennis,Aves
1516,Conocephalus fasciatus,Conocephalus fasciatus,Aves
1517,Conopias albovittatus,Conopias albovittatus,Aves
1518,Conopias cinchoneti,Conopias cinchoneti,Aves
1519,Conopias parvus,Conopias parvus,Aves
1520,Conopias trivirgatus,Conopias trivirgatus,Aves
1521,Conopophaga ardesiaca,Conopophaga ardesiaca,Aves
1522,Conopophaga aurita,Conopophaga aurita,Aves
1523,Conopophaga castaneiceps,Conopophaga castaneiceps,Aves
1524,Conopophaga cearae,Conopophaga cearae,Aves
1525,Conopophaga lineata,Conopophaga lineata,Aves
1526,Conopophaga melanogaster,Conopophaga melanogaster,Aves
1527,Conopophaga melanops,Conopophaga melanops,Aves
1528,Conopophaga peruviana,Conopophaga peruviana,Aves
1529,Conopophila albogularis,Conopophila albogularis,Aves
1530,Conostoma aemodium,Paradoxornis aemodius,Aves
1531,Conothraupis speculigera,Conothraupis speculigera,Aves
1532,Contopus caribaeus,Contopus caribaeus,Aves
1533,Contopus cinereus,Contopus cinereus,Aves
1534,Contopus cooperi,Contopus cooperi,Aves
1535,Contopus fumigatus,Contopus fumigatus,Aves
1536,Contopus lugubris,Contopus lugubris,Aves
1537,Contopus nigrescens,Contopus nigrescens,Aves
1538,Contopus pertinax,Contopus pertinax,Aves
1539,Contopus sordidulus,Contopus sordidulus,Aves
1540,Contopus virens,Contopus virens,Aves
1541,Copsychus albiventris,Copsychus albiventris,Aves
1542,Copsychus albospecularis,Copsychus albospecularis,Aves
1543,Copsychus cebuensis,Copsychus cebuensis,Aves
1544,Copsychus fulicatus,Copsychus fulicatus,Aves
1545,Copsychus luzoniensis,Copsychus luzoniensis,Aves
1546,Copsychus malabaricus,Copsychus malabaricus,Aves
1547,Copsychus mindanensis,Copsychus mindanensis,Aves
1548,Copsychus niger,Copsychus niger,Aves
1549,Copsychus pyrropygus,Copsychus pyrropygus,Aves
1550,Copsychus saularis,Copsychus saularis,Aves
1551,Coracias abyssinicus,Coracias abyssinicus,Aves
1552,Coracias benghalensis,Coracias benghalensis,Aves
1553,Coracias caudatus,Coracias caudatus,Aves
1554,Coracias garrulus,Coracias garrulus,Aves
1555,Coracina caesia,Ceblepyris caesius,Aves
1556,Coracina cinerea,Ceblepyris cinereus,Aves
1557,Coracina lineata,Coracina lineata,Aves
1558,Coracina longicauda,Coracina longicauda,Aves
1559,Coracina macei,Coracina macei,Aves
1560,Coracina novaehollandiae,Coracina novaehollandiae,Aves
1561,Coracina papuensis,Coracina papuensis,Aves
1562,Coracina pectoralis,Ceblepyris pectoralis,Aves
1563,Coracina striata,Coracina striata,Aves
1564,Coracopsis nigra,Coracopsis nigra,Aves
1565,Coracopsis vasa,Coracopsis vasa,Aves
1566,Coragyps atratus,Coragyps atratus,Aves
1567,Corapipo altera,Corapipo altera,Aves
1568,Corapipo gutturalis,Corapipo gutturalis,Aves
1569,Corcorax melanorhamphos,Corcorax melanorhamphos,Aves
1570,Cormobates leucophaea,Cormobates leucophaea,Aves
1571,Cormobates placens,Cormobates placens,Aves
1572,Corthylio calendula,Corthylio calendula,Aves
1573,Corvus albicollis,Corvus albicollis,Aves
1574,Corvus albus,Corvus albus,Aves
1575,Corvus brachyrhynchos,Corvus brachyrhynchos,Aves
1576,Corvus capensis,Corvus capensis,Aves
1577,Corvus corax,Corvus corax,Aves
1578,Corvus cornix,Corvus cornix,Aves
1579,Corvus corone,Corvus corone,Aves
1580,Corvus coronoides,Corvus coronoides,Aves
1581,Corvus cryptoleucus,Corvus cryptoleucus,Aves
1582,Corvus dauuricus,Coloeus dauuricus,Aves
1583,Corvus enca,Corvus enca,Aves
1584,Corvus florensis,Corvus florensis,Aves
1585,Corvus frugilegus,Corvus frugilegus,Aves
1586,Corvus hawaiiensis,Corvus hawaiiensis,Aves
1587,Corvus imparatus,Corvus imparatus,Aves
1588,Corvus jamaicensis,Corvus jamaicensis,Aves
1589,Corvus leucognaphalus,Corvus leucognaphalus,Aves
1590,Corvus macrorhynchos,Corvus macrorhynchos,Aves
1591,Corvus mellori,Corvus mellori,Aves
1592,Corvus monedula,Coloeus monedula,Aves
1593,Corvus nasicus,Corvus nasicus,Aves
1594,Corvus orru,Corvus orru,Aves
1595,Corvus ossifragus,Corvus ossifragus,Aves
1596,Corvus palmarum,Corvus palmarum,Aves
1597,Corvus rhipidurus,Corvus rhipidurus,Aves
1598,Corvus ruficollis,Corvus ruficollis,Aves
1599,Corvus sinaloae,Corvus sinaloae,Aves
1600,Corvus splendens,Corvus splendens,Aves
1601,Corvus tasmanicus,Corvus tasmanicus,Aves
1602,Corvus tristis,Corvus tristis,Aves
1603,Corvus typicus,Corvus typicus,Aves
1604,Corvus validus,Corvus validus,Aves
1605,Corydon sumatranus,Corydon sumatranus,Aves
1606,Coryphaspiza melanotis,Coryphaspiza melanotis,Aves
1607,Coryphistera alaudina,Coryphistera alaudina,Aves
1608,Coryphospingus cucullatus,Coryphospingus cucullatus,Aves
1609,Coryphospingus pileatus,Coryphospingus pileatus,Aves
1610,Corythaeola cristata,Corythaeola cristata,Aves
1611,Corythaixoides concolor,Crinifer concolor,Aves
1612,Corythaixoides leucogaster,Crinifer leucogaster,Aves
1613,Corythopis delalandi,Corythopis delalandi,Aves
1614,Corythopis torquatus,Corythopis torquatus,Aves
1615,Corythornis cristatus,Corythornis cristatus,Aves
1616,Coscoroba coscoroba,Coscoroba coscoroba,Aves
1617,Cossypha albicapillus,Cossypha albicapillus,Aves
1618,Cossypha anomala,Dessonornis anomalus,Aves
1619,Cossypha archeri,Dessonornis archeri,Aves
1620,Cossypha caffra,Dessonornis caffer,Aves
1621,Cossypha cyanocampter,Cossypha cyanocampter,Aves
1622,Cossypha dichroa,Cossypha dichroa,Aves
1623,Cossypha heuglini,Cossypha heuglini,Aves
1624,Cossypha humeralis,Dessonornis humeralis,Aves
1625,Cossypha natalensis,Cossypha natalensis,Aves
1626,Cossypha niveicapilla,Cossypha niveicapilla,Aves
1627,Cossypha polioptera,Sheppardia polioptera,Aves
1628,Cossypha semirufa,Cossypha semirufa,Aves
1629,Coturnicops noveboracensis,Coturnicops noveboracensis,Aves
1630,Coturnix coromandelica,Coturnix coromandelica,Aves
1631,Coturnix coturnix,Coturnix coturnix,Aves
1632,Coturnix delegorguei,Coturnix delegorguei,Aves
1633,Coturnix japonica,Coturnix japonica,Aves
1634,Coturnix pectoralis,Coturnix pectoralis,Aves
1635,Coua caerulea,Coua caerulea,Aves
1636,Coua coquereli,Coua coquereli,Aves
1637,Coua cristata,Coua cristata,Aves
1638,Coua gigas,Coua gigas,Aves
1639,Coua reynaudii,Coua reynaudii,Aves
1640,Coua ruficeps,Coua ruficeps,Aves
1641,Coua serriana,Coua serriana,Aves
1642,Cracticus cassicus,Cracticus cassicus,Aves
1643,Cracticus nigrogularis,Cracticus nigrogularis,Aves
1644,Cracticus quoyi,Melloria quoyi,Aves
1645,Cracticus torquatus,Cracticus torquatus,Aves
1646,Cranioleuca albicapilla,Cranioleuca albicapilla,Aves
1647,Cranioleuca albiceps,Cranioleuca albiceps,Aves
1648,Cranioleuca antisiensis,Cranioleuca antisiensis,Aves
1649,Cranioleuca curtata,Cranioleuca curtata,Aves
1650,Cranioleuca demissa,Cranioleuca demissa,Aves
1651,Cranioleuca erythrops,Cranioleuca erythrops,Aves
1652,Cranioleuca gutturata,Thripophaga gutturata,Aves
1653,Cranioleuca hellmayri,Cranioleuca hellmayri,Aves
1654,Cranioleuca marcapatae,Cranioleuca marcapatae,Aves
1655,Cranioleuca obsoleta,Cranioleuca obsoleta,Aves
1656,Cranioleuca pallida,Cranioleuca pallida,Aves
1657,Cranioleuca pyrrhophia,Cranioleuca pyrrhophia,Aves
1658,Cranioleuca semicinerea,Cranioleuca semicinerea,Aves
1659,Cranioleuca subcristata,Cranioleuca subcristata,Aves
1660,Cranioleuca vulpecula,Cranioleuca vulpecula,Aves
1661,Cranioleuca vulpina,Cranioleuca vulpina,Aves
1662,Crateroscelis murina,Origma murina,Aves
1663,Crateroscelis robusta,Origma robusta,Aves
1664,Crax alberti,Crax alberti,Aves
1665,Crax alector,Crax alector,Aves
1666,Crax fasciolata,Crax fasciolata,Aves
1667,Crax rubra,Crax rubra,Aves
1668,Creagrus furcatus,Creagrus furcatus,Aves
1669,Creatophora cinerea,Creatophora cinerea,Aves
1670,Crex crex,Crex crex,Aves
1671,Crinifer piscator,Crinifer piscator,Aves
1672,Criniger barbatus,Criniger barbatus,Aves
1673,Criniger calurus,Criniger calurus,Aves
1674,Criniger chloronotus,Criniger chloronotus,Aves
1675,Crithagra albogularis,Crithagra albogularis,Aves
1676,Crithagra atrogularis,Crithagra atrogularis,Aves
1677,Crithagra buchanani,Crithagra buchanani,Aves
1678,Crithagra dorsostriata,Crithagra dorsostriata,Aves
1679,Crithagra flaviventris,Crithagra flaviventris,Aves
1680,Crithagra gularis,Crithagra gularis,Aves
1681,Crithagra hyposticta,Crithagra hyposticta,Aves
1682,Crithagra menachensis,Crithagra menachensis,Aves
1683,Crithagra mozambica,Crithagra mozambica,Aves
1684,Crithagra reichenowi,Crithagra reichenowi,Aves
1685,Crithagra scotops,Crithagra scotops,Aves
1686,Crithagra striolata,Crithagra striolata,Aves
1687,Crithagra sulphurata,Crithagra sulphurata,Aves
1688,Crossleyia xanthophrys,Crossleyia xanthophrys,Aves
1689,Crotophaga ani,Crotophaga ani,Aves
1690,Crotophaga major,Crotophaga major,Aves
1691,Crotophaga sulcirostris,Crotophaga sulcirostris,Aves
1692,Crypsirina temia,Crypsirina temia,Aves
1693,Cryptillas victorini,Cryptillas victorini,Aves
1694,Cryptoleucopteryx plumbea,Cryptoleucopteryx plumbea,Aves
1695,Cryptopezus nattereri,Cryptopezus nattereri,Aves
1696,Cryptopipo holochlora,Cryptopipo holochlora,Aves
1697,Cryptospiza reichenovii,Cryptospiza reichenovii,Aves
1698,Cryptosylvicola randrianasoloi,Cryptosylvicola randrianasoloi,Aves
1699,Crypturellus atrocapillus,Crypturellus atrocapillus,Aves
1700,Crypturellus bartletti,Crypturellus bartletti,Aves
1701,Crypturellus boucardi,Crypturellus boucardi,Aves
1702,Crypturellus cinereus,Crypturellus cinereus,Aves
1703,Crypturellus cinnamomeus,Crypturellus cinnamomeus,Aves
1704,Crypturellus duidae,Crypturellus duidae,Aves
1705,Crypturellus erythropus,Crypturellus erythropus,Aves
1706,Crypturellus noctivagus,Crypturellus noctivagus,Aves
1707,Crypturellus obsoletus,Crypturellus obsoletus,Aves
1708,Crypturellus parvirostris,Crypturellus parvirostris,Aves
1709,Crypturellus soui,Crypturellus soui,Aves
1710,Crypturellus strigulosus,Crypturellus strigulosus,Aves
1711,Crypturellus tataupa,Crypturellus tataupa,Aves
1712,Crypturellus transfasciatus,Crypturellus transfasciatus,Aves
1713,Crypturellus undulatus,Crypturellus undulatus,Aves
1714,Crypturellus variegatus,Crypturellus variegatus,Aves
1715,Cuculus canorus,Cuculus canorus,Aves
1716,Cuculus clamosus,Cuculus clamosus,Aves
1717,Cuculus gularis,Cuculus gularis,Aves
1718,Cuculus lepidus,Cuculus lepidus,Aves
1719,Cuculus micropterus,Cuculus micropterus,Aves
1720,Cuculus optatus,Cuculus optatus,Aves
1721,Cuculus poliocephalus,Cuculus poliocephalus,Aves
1722,Cuculus rochii,Cuculus rochii,Aves
1723,Cuculus saturatus,Cuculus saturatus,Aves
1724,Cuculus solitarius,Cuculus solitarius,Aves
1725,Culicicapa ceylonensis,Culicicapa ceylonensis,Aves
1726,Culicicapa helianthea,Culicicapa helianthea,Aves
1727,Culicivora caudacuta,Culicivora caudacuta,Aves
1728,Curaeus curaeus,Curaeus curaeus,Aves
1729,Curruca boehmi,Curruca boehmi,Aves
1730,Curruca communis,Curruca communis,Aves
1731,Curruca conspicillata,Curruca conspicillata,Aves
1732,Curruca crassirostris,Curruca crassirostris,Aves
1733,Curruca curruca,Curruca curruca,Aves
1734,Curruca hortensis,Curruca hortensis,Aves
1735,Curruca iberiae,Curruca iberiae,Aves
1736,Curruca melanocephala,Curruca melanocephala,Aves
1737,Curruca nisoria,Curruca nisoria,Aves
1738,Curruca subcoerulea,Curruca subcoerulea,Aves
1739,Curruca undata,Curruca undata,Aves
1740,Cutia legalleni,Cutia legalleni,Aves
1741,Cutia nipalensis,Cutia nipalensis,Aves
1742,Cyanerpes caeruleus,Cyanerpes caeruleus,Aves
1743,Cyanerpes cyaneus,Cyanerpes cyaneus,Aves
1744,Cyanicterus cyanicterus,Cyanicterus cyanicterus,Aves
1745,Cyanistes caeruleus,Cyanistes caeruleus,Aves
1746,Cyanistes cyanus,Cyanistes cyanus,Aves
1747,Cyanistes teneriffae,Cyanistes teneriffae,Aves
1748,Cyanocitta cristata,Cyanocitta cristata,Aves
1749,Cyanocitta stelleri,Cyanocitta stelleri,Aves
1750,Cyanocompsa parellina,Cyanocompsa parellina,Aves
1751,Cyanocorax affinis,Cyanocorax affinis,Aves
1752,Cyanocorax beecheii,Cyanocorax beecheii,Aves
1753,Cyanocorax caeruleus,Cyanocorax caeruleus,Aves
1754,Cyanocorax cayanus,Cyanocorax cayanus,Aves
1755,Cyanocorax chrysops,Cyanocorax chrysops,Aves
1756,Cyanocorax cristatellus,Cyanocorax cristatellus,Aves
1757,Cyanocorax cyanomelas,Cyanocorax cyanomelas,Aves
1758,Cyanocorax cyanopogon,Cyanocorax cyanopogon,Aves
1759,Cyanocorax dickeyi,Cyanocorax dickeyi,Aves
1760,Cyanocorax melanocyaneus,Cyanocorax melanocyaneus,Aves
1761,Cyanocorax mystacalis,Cyanocorax mystacalis,Aves
1762,Cyanocorax sanblasianus,Cyanocorax sanblasianus,Aves
1763,Cyanocorax violaceus,Cyanocorax violaceus,Aves
1764,Cyanocorax yncas,Cyanocorax yncas,Aves
1765,Cyanocorax yucatanicus,Cyanocorax yucatanicus,Aves
1766,Cyanoderma ambiguum,,
1767,Cyanoderma chrysaeum,Cyanoderma chrysaeum,Aves
1768,Cyanoderma erythropterum,Cyanoderma erythropterum,Aves
1769,Cyanoderma melanothorax,Cyanoderma melanothorax,Aves
1770,Cyanoderma pyrrhops,Cyanoderma pyrrhops,Aves
1771,Cyanoderma ruficeps,Cyanoderma ruficeps,Aves
1772,Cyanoderma rufifrons,Cyanoderma rufifrons,Aves
1773,Cyanolanius madagascarinus,Cyanolanius madagascarinus,Aves
1774,Cyanoliseus patagonus,Cyanoliseus patagonus,Aves
1775,Cyanoloxia brissonii,Cyanoloxia brissonii,Aves
1776,Cyanoloxia cyanoides,Cyanoloxia cyanoides,Aves
1777,Cyanoloxia glaucocaerulea,Cyanoloxia glaucocaerulea,Aves
1778,Cyanoloxia rothschildii,Cyanoloxia rothschildii,Aves
1779,Cyanolyca armillata,Cyanolyca armillata,Aves
1780,Cyanolyca cucullata,Cyanolyca cucullata,Aves
1781,Cyanolyca mirabilis,Cyanolyca mirabilis,Aves
1782,Cyanolyca nanus,Cyanolyca nanus,Aves
1783,Cyanolyca pulchra,Cyanolyca pulchra,Aves
1784,Cyanolyca pumilo,Cyanolyca pumilo,Aves
1785,Cyanolyca turcosa,Cyanolyca turcosa,Aves
1786,Cyanolyca viridicyanus,Cyanolyca viridicyanus,Aves
1787,Cyanomitra cyanolaema,Cyanomitra cyanolaema,Aves
1788,Cyanomitra olivacea,Cyanomitra olivacea,Aves
1789,Cyanomitra veroxii,Cyanomitra veroxii,Aves
1790,Cyanomitra verticalis,Cyanomitra verticalis,Aves
1791,Cyanopica cooki,Cyanopica cooki,Aves
1792,Cyanopica cyanus,Cyanopica cyanus,Aves
1793,Cyanoptila cumatilis,Cyanoptila cumatilis,Aves
1794,Cyanoptila cyanomelana,Cyanoptila cyanomelana,Aves
1795,Cyanoramphus novaezelandiae,Cyanoramphus novaezelandiae,Aves
1796,Cyclarhis gujanensis,Cyclarhis gujanensis,Aves
1797,Cyclarhis nigrirostris,Cyclarhis nigrirostris,Aves
1798,Cygnus atratus,Cygnus atratus,Aves
1799,Cygnus buccinator,Cygnus buccinator,Aves
1800,Cygnus columbianus,Cygnus columbianus,Aves
1801,Cygnus cygnus,Cygnus cygnus,Aves
1802,Cygnus melancoryphus,Cygnus melancoryphus,Aves
1803,Cygnus olor,Cygnus olor,Aves
1804,Cymbilaimus lineatus,Cymbilaimus lineatus,Aves
1805,Cymbilaimus sanctaemariae,Cymbilaimus sanctaemariae,Aves
1806,Cymbirhynchus macrorhynchos,Cymbirhynchus macrorhynchos,Aves
1807,Cynanthus latirostris,Cynanthus latirostris,Aves
1808,Cyornis caerulatus,Cyornis caerulatus,Aves
1809,Cyornis concretus,Leucoptilon concretum,Aves
1810,Cyornis glaucicomans,Cyornis glaucicomans,Aves
1811,Cyornis hainanus,Cyornis hainanus,Aves
1812,Cyornis hoevelli,Eumyias hoevelli,Aves
1813,Cyornis olivaceus,Cyornis olivaceus,Aves
1814,Cyornis omissus,Cyornis omissus,Aves
1815,Cyornis pallidipes,Cyornis pallidipes,Aves
1816,Cyornis poliogenys,Cyornis poliogenys,Aves
1817,Cyornis rubeculoides,Cyornis rubeculoides,Aves
1818,Cyornis rufigastra,Cyornis rufigastra,Aves
1819,Cyornis sumatrensis,Cyornis sumatrensis,Aves
1820,Cyornis superbus,Cyornis superbus,Aves
1821,Cyornis tickelliae,Cyornis tickelliae,Aves
1822,Cyornis turcosus,Cyornis turcosus,Aves
1823,Cyornis umbratilis,Cyornis umbratilis,Aves
1824,Cyornis unicolor,Cyornis unicolor,Aves
1825,Cyornis whitei,Cyornis whitei,Aves
1826,Cyphorhinus arada,Cyphorhinus arada,Aves
1827,Cyphorhinus phaeocephalus,Cyphorhinus phaeocephalus,Aves
1828,Cyphorhinus thoracicus,Cyphorhinus thoracicus,Aves
1829,Cypseloides niger,Cypseloides niger,Aves
1830,Cypsiurus balasiensis,Cypsiurus balasiensis,Aves
1831,Cypsiurus parvus,Cypsiurus parvus,Aves
1832,Cypsnagra hirundinacea,Cypsnagra hirundinacea,Aves
1833,Cyrtonyx montezumae,Cyrtonyx montezumae,Aves
1834,Cyrtonyx ocellatus,Cyrtonyx ocellatus,Aves
1835,Cyrtoxipha columbiana,Cyrtoxipha columbiana,Aves
1836,Dacelo gaudichaud,Dacelo gaudichaud,Aves
1837,Dacelo leachii,Dacelo leachii,Aves
1838,Dacelo novaeguineae,Dacelo novaeguineae,Aves
1839,Dacnis cayana,Dacnis cayana,Aves
1840,Dacnis flaviventer,Dacnis flaviventer,Aves
1841,Dacnis lineata,Dacnis lineata,Aves
1842,Dacnis venusta,Dacnis venusta,Aves
1843,Dactylortyx thoracicus,Dactylortyx thoracicus,Aves
1844,Daphoenositta chrysoptera,Daphoenositta chrysoptera,Aves
1845,Daption capense,Daption capense,Aves
1846,Daptrius ater,Daptrius ater,Aves
1847,Dasylophus cumingi,Dasylophus cumingi,Aves
1848,Dasyornis brachypterus,Dasyornis brachypterus,Aves
1849,Dasyornis broadbenti,Dasyornis broadbenti,Aves
1850,Dasyornis longirostris,Dasyornis longirostris,Aves
1851,Deconychura longicauda,Deconychura longicauda,Aves
1852,Delichon dasypus,Delichon dasypus,Aves
1853,Delichon urbicum,Delichon urbicum,Aves
1854,Dendragapus fuliginosus,Dendragapus fuliginosus,Aves
1855,Dendragapus obscurus,Dendragapus obscurus,Aves
1856,Dendrexetastes rufigula,Dendrexetastes rufigula,Aves
1857,Dendrocincla anabatina,Dendrocincla anabatina,Aves
1858,Dendrocincla fuliginosa,Dendrocincla fuliginosa,Aves
1859,Dendrocincla homochroa,Dendrocincla homochroa,Aves
1860,Dendrocincla merula,Dendrocincla merula,Aves
1861,Dendrocincla turdina,Dendrocincla turdina,Aves
1862,Dendrocincla tyrannina,Dendrocincla tyrannina,Aves
1863,Dendrocitta cinerascens,Dendrocitta cinerascens,Aves
1864,Dendrocitta formosae,Dendrocitta formosae,Aves
1865,Dendrocitta leucogastra,Dendrocitta leucogastra,Aves
1866,Dendrocitta vagabunda,Dendrocitta vagabunda,Aves
1867,Dendrocolaptes certhia,Dendrocolaptes certhia,Aves
1868,Dendrocolaptes picumnus,Dendrocolaptes picumnus,Aves
1869,Dendrocolaptes platyrostris,Dendrocolaptes platyrostris,Aves
1870,Dendrocolaptes sanctithomae,Dendrocolaptes sanctithomae,Aves
1871,Dendrocopos analis,Dendrocopos analis,Aves
1872,Dendrocopos darjellensis,Dendrocopos darjellensis,Aves
1873,Dendrocopos himalayensis,Dendrocopos himalayensis,Aves
1874,Dendrocopos hyperythrus,Dendrocopos hyperythrus,Aves
1875,Dendrocopos leucopterus,Dendrocopos leucopterus,Aves
1876,Dendrocopos leucotos,Dendrocopos leucotos,Aves
1877,Dendrocopos macei,Dendrocopos macei,Aves
1878,Dendrocopos major,Dendrocopos major,Aves
1879,Dendrocopos syriacus,Dendrocopos syriacus,Aves
1880,Dendrocoptes auriceps,Dendrocoptes auriceps,Aves
1881,Dendrocoptes medius,Dendrocoptes medius,Aves
1882,Dendrocygna arcuata,Dendrocygna arcuata,Aves
1883,Dendrocygna autumnalis,Dendrocygna autumnalis,Aves
1884,Dendrocygna bicolor,Dendrocygna bicolor,Aves
1885,Dendrocygna eytoni,Dendrocygna eytoni,Aves
1886,Dendrocygna javanica,Dendrocygna javanica,Aves
1887,Dendrocygna viduata,Dendrocygna viduata,Aves
1888,Dendroma erythroptera,Dendroma erythroptera,Aves
1889,Dendroma rufa,Dendroma rufa,Aves
1890,Dendronanthus indicus,Dendronanthus indicus,Aves
1891,Dendroplex picus,Dendroplex picus,Aves
1892,Dendrortyx barbatus,Dendrortyx barbatus,Aves
1893,Dendrortyx leucophrys,Dendrortyx leucophrys,Aves
1894,Dendrortyx macroura,Dendrortyx macroura,Aves
1895,Deroptyus accipitrinus,Deroptyus accipitrinus,Aves
1896,Dicaeum aeneum,Dicaeum aeneum,Aves
1897,Dicaeum agile,Pachyglossa agilis,Aves
1898,Dicaeum australe,Dicaeum australe,Aves
1899,Dicaeum chrysorrheum,Pachyglossa chrysorrhea,Aves
1900,Dicaeum concolor,Dicaeum concolor,Aves
1901,Dicaeum cruentatum,Dicaeum cruentatum,Aves
1902,Dicaeum erythrorhynchos,Dicaeum erythrorhynchos,Aves
1903,Dicaeum hirundinaceum,Dicaeum hirundinaceum,Aves
1904,Dicaeum ignipectus,Dicaeum ignipectus,Aves
1905,Dicaeum minullum,Dicaeum minullum,Aves
1906,Dicaeum pygmaeum,Dicaeum pygmaeum,Aves
1907,Dicaeum trigonostigma,Dicaeum trigonostigma,Aves
1908,Dicaeum tristrami,Dicaeum tristrami,Aves
1909,Dichrozona cincta,Dichrozona cincta,Aves
1910,Dicrurus adsimilis,Dicrurus adsimilis,Aves
1911,Dicrurus aeneus,Dicrurus aeneus,Aves
1912,Dicrurus andamanensis,Dicrurus andamanensis,Aves
1913,Dicrurus annectens,Dicrurus annectens,Aves
1914,Dicrurus atripennis,Dicrurus atripennis,Aves
1915,Dicrurus balicassius,Dicrurus balicassius,Aves
1916,Dicrurus bracteatus,Dicrurus bracteatus,Aves
1917,Dicrurus caerulescens,Dicrurus caerulescens,Aves
1918,Dicrurus divaricatus,,
1919,Dicrurus forficatus,Dicrurus forficatus,Aves
1920,Dicrurus hottentottus,Dicrurus hottentottus,Aves
1921,Dicrurus leucophaeus,Dicrurus leucophaeus,Aves
1922,Dicrurus ludwigii,Dicrurus ludwigii,Aves
1923,Dicrurus macrocercus,Dicrurus macrocercus,Aves
1924,Dicrurus montanus,Dicrurus montanus,Aves
1925,Dicrurus paradiseus,Dicrurus paradiseus,Aves
1926,Dicrurus remifer,Dicrurus remifer,Aves
1927,Diglossa albilatera,Diglossa albilatera,Aves
1928,Diglossa baritula,Diglossa baritula,Aves
1929,Diglossa brunneiventris,Diglossa brunneiventris,Aves
1930,Diglossa caerulescens,Diglossa caerulescens,Aves
1931,Diglossa cyanea,Diglossa cyanea,Aves
1932,Diglossa glauca,Diglossa glauca,Aves
1933,Diglossa gloriosissima,Diglossa gloriosissima,Aves
1934,Diglossa humeralis,Diglossa humeralis,Aves
1935,Diglossa indigotica,Diglossa indigotica,Aves
1936,Diglossa lafresnayii,Diglossa lafresnayii,Aves
1937,Diglossa mystacalis,Diglossa mystacalis,Aves
1938,Diglossa plumbea,Diglossa plumbea,Aves
1939,Diglossa sittoides,Diglossa sittoides,Aves
1940,Dinemellia dinemelli,Dinemellia dinemelli,Aves
1941,Dinopium benghalense,Dinopium benghalense,Aves
1942,Dinopium javanense,Dinopium javanense,Aves
1943,Dinopium rafflesii,Gecinulus rafflesii,Aves
1944,Diomedea exulans,Diomedea exulans,Aves
1945,Diopsittaca nobilis,Diopsittaca nobilis,Aves
1946,Diuca diuca,Diuca diuca,Aves
1947,Dives dives,Dives dives,Aves
1948,Dives warczewiczi,Dives warczewiczi,Aves
1949,Dog,,
1950,Dolichonyx oryzivorus,Dolichonyx oryzivorus,Aves
1951,Donacobius atricapilla,Donacobius atricapilla,Aves
1952,Donacospiza albifrons,Donacospiza albifrons,Aves
1953,Doryfera ludovicae,Doryfera ludovicae,Aves
1954,Drepanis coccinea,Drepanis coccinea,Aves
1955,Drepanornis albertisi,Drepanornis albertisi,Aves
1956,Dromas ardeola,Dromas ardeola,Aves
1957,Dromococcyx pavoninus,Dromococcyx pavoninus,Aves
1958,Dromococcyx phasianellus,Dromococcyx phasianellus,Aves
1959,Drymodes brunneopygia,Drymodes brunneopygia,Aves
1960,Drymophila caudata,Drymophila caudata,Aves
1961,Drymophila devillei,Drymophila devillei,Aves
1962,Drymophila ferruginea,Drymophila ferruginea,Aves
1963,Drymophila genei,Drymophila genei,Aves
1964,Drymophila hellmayri,Drymophila hellmayri,Aves
1965,Drymophila klagesi,Drymophila klagesi,Aves
1966,Drymophila malura,Drymophila malura,Aves
1967,Drymophila ochropyga,Drymophila ochropyga,Aves
1968,Drymophila rubricollis,Drymophila rubricollis,Aves
1969,Drymophila squamata,Drymophila squamata,Aves
1970,Drymophila striaticeps,Drymophila striaticeps,Aves
1971,Drymornis bridgesii,Drymornis bridgesii,Aves
1972,Dryobates affinis,Veniliornis affinis,Aves
1973,Dryobates albolarvatus,Leuconotopicus albolarvatus,Aves
1974,Dryobates arizonae,Leuconotopicus arizonae,Aves
1975,Dryobates borealis,Leuconotopicus borealis,Aves
1976,Dryobates callonotus,Veniliornis callonotus,Aves
1977,Dryobates cassini,Veniliornis cassini,Aves
1978,Dryobates cathpharius,Dryobates cathpharius,Aves
1979,Dryobates dignus,Veniliornis dignus,Aves
1980,Dryobates frontalis,Veniliornis frontalis,Aves
1981,Dryobates fumigatus,Leuconotopicus fumigatus,Aves
1982,Dryobates kirkii,Veniliornis kirkii,Aves
1983,Dryobates lignarius,Veniliornis lignarius,Aves
1984,Dryobates maculifrons,Veniliornis maculifrons,Aves
1985,Dryobates minor,Dryobates minor,Aves
1986,Dryobates mixtus,Veniliornis mixtus,Aves
1987,Dryobates nigriceps,Veniliornis nigriceps,Aves
1988,Dryobates nuttallii,Dryobates nuttallii,Aves
1989,Dryobates passerinus,Veniliornis passerinus,Aves
1990,Dryobates pubescens,Dryobates pubescens,Aves
1991,Dryobates scalaris,Dryobates scalaris,Aves
1992,Dryobates spilogaster,Veniliornis spilogaster,Aves
1993,Dryobates stricklandi,Leuconotopicus stricklandi,Aves
1994,Dryobates villosus,Leuconotopicus villosus,Aves
1995,Dryocopus javensis,Dryocopus javensis,Aves
1996,Dryocopus lineatus,Dryocopus lineatus,Aves
1997,Dryocopus martius,Dryocopus martius,Aves
1998,Dryocopus pileatus,Dryocopus pileatus,Aves
1999,Dryocopus schulzii,Dryocopus schulzii,Aves
2000,Dryolimnas cuvieri,Dryolimnas cuvieri,Aves
2001,Dryophytes andersonii,Dryophytes andersonii,Aves
2002,Dryophytes arenicolor,,
2003,Dryophytes avivoca,,
2004,Dryophytes chrysoscelis,Dryophytes chrysoscelis,Aves
2005,Dryophytes cinereus,Dryophytes cinereus,Aves
2006,Dryophytes femoralis,,
2007,Dryophytes gratiosus,Dryophytes gratiosus,Aves
2008,Dryophytes squirellus,Dryophytes squirellus,Aves
2009,Dryophytes versicolor,Dryophytes versicolor,Aves
2010,Dryoscopus cubla,Dryoscopus cubla,Aves
2011,Dryoscopus gambensis,Dryoscopus gambensis,Aves
2012,Dryotriorchis spectabilis,Circaetus spectabilis,Aves
2013,Dubusia castaneoventris,Dubusia castaneoventris,Aves
2014,Dubusia taeniata,Dubusia taeniata,Aves
2015,Ducula aenea,Ducula aenea,Aves
2016,Ducula badia,Ducula badia,Aves
2017,Ducula basilica,Ducula basilica,Aves
2018,Ducula bicolor,Ducula bicolor,Aves
2019,Ducula concinna,Ducula concinna,Aves
2020,Ducula lacernulata,Ducula lacernulata,Aves
2021,Ducula latrans,Ducula latrans,Aves
2022,Ducula pacifica,Ducula pacifica,Aves
2023,Ducula perspicillata,Ducula perspicillata,Aves
2024,Ducula pinon,Ducula pinon,Aves
2025,Ducula pistrinaria,Ducula pistrinaria,Aves
2026,Ducula poliocephala,Ducula poliocephala,Aves
2027,Ducula rubricera,Ducula rubricera,Aves
2028,Ducula spilorrhoa,Ducula spilorrhoa,Aves
2029,Ducula zoeae,Ducula zoeae,Aves
2030,Dulus dominicus,Dulus dominicus,Aves
2031,Dumetella carolinensis,Dumetella carolinensis,Aves
2032,Dumetia atriceps,Dumetia atriceps,Aves
2033,Dumetia hyperythra,Dumetia hyperythra,Aves
2034,Dysithamnus leucostictus,Dysithamnus leucostictus,Aves
2035,Dysithamnus mentalis,Dysithamnus mentalis,Aves
2036,Dysithamnus occidentalis,Dysithamnus occidentalis,Aves
2037,Dysithamnus plumbeus,Dysithamnus plumbeus,Aves
2038,Dysithamnus puncticeps,Dysithamnus puncticeps,Aves
2039,Dysithamnus stictothorax,Dysithamnus stictothorax,Aves
2040,Dysithamnus striaticeps,Dysithamnus striaticeps,Aves
2041,Dysithamnus xanthopterus,Dysithamnus xanthopterus,Aves
2042,Eclectus roratus,Eclectus roratus,Aves
2043,Edolisoma montanum,Edolisoma montanum,Aves
2044,Edolisoma tenuirostre,Edolisoma tenuirostre,Aves
2045,Egretta caerulea,Egretta caerulea,Aves
2046,Egretta eulophotes,Egretta eulophotes,Aves
2047,Egretta garzetta,Egretta garzetta,Aves
2048,Egretta gularis,Egretta gularis,Aves
2049,Egretta novaehollandiae,Egretta novaehollandiae,Aves
2050,Egretta rufescens,Egretta rufescens,Aves
2051,Egretta sacra,Egretta sacra,Aves
2052,Egretta thula,Egretta thula,Aves
2053,Egretta tricolor,Egretta tricolor,Aves
2054,Elachura formosa,Elachura formosa,Aves
2055,Elaenia albiceps,Elaenia albiceps,Aves
2056,Elaenia brachyptera,Elaenia brachyptera,Aves
2057,Elaenia chiriquensis,Elaenia chiriquensis,Aves
2058,Elaenia cristata,Elaenia cristata,Aves
2059,Elaenia fallax,Elaenia fallax,Aves
2060,Elaenia flavogaster,Elaenia flavogaster,Aves
2061,Elaenia frantzii,Elaenia frantzii,Aves
2062,Elaenia gigas,Elaenia gigas,Aves
2063,Elaenia martinica,Elaenia martinica,Aves
2064,Elaenia mesoleuca,Elaenia mesoleuca,Aves
2065,Elaenia obscura,Elaenia obscura,Aves
2066,Elaenia olivina,Elaenia olivina,Aves
2067,Elaenia pallatangae,Elaenia pallatangae,Aves
2068,Elaenia parvirostris,Elaenia parvirostris,Aves
2069,Elaenia ruficeps,Elaenia ruficeps,Aves
2070,Elaenia sordida,Elaenia sordida,Aves
2071,Elaenia spectabilis,Elaenia spectabilis,Aves
2072,Elaenia strepera,Elaenia strepera,Aves
2073,Elanoides forficatus,Elanoides forficatus,Aves
2074,Elanus caeruleus,Elanus caeruleus,Aves
2075,Elanus leucurus,Elanus leucurus,Aves
2076,Electron carinatum,Electron carinatum,Aves
2077,Electron platyrhynchum,Electron platyrhynchum,Aves
2078,Eleoscytalopus indigoticus,Eleoscytalopus indigoticus,Aves
2079,Eleothreptus anomalus,Eleothreptus anomalus,Aves
2080,Eleutherodactylus planirostris,,
2081,Elliotomyia chionogaster,Elliotomyia chionogaster,Aves
2082,Elminia albonotata,Elminia albonotata,Aves
2083,Elminia longicauda,Elminia longicauda,Aves
2084,Elseyornis melanops,Charadrius melanops,Aves
2085,Emarginata sinuata,Emarginata sinuata,Aves
2086,Emberiza aureola,Emberiza aureola,Aves
2087,Emberiza bruniceps,Emberiza bruniceps,Aves
2088,Emberiza buchanani,Emberiza buchanani,Aves
2089,Emberiza cabanisi,Emberiza cabanisi,Aves
2090,Emberiza caesia,Emberiza caesia,Aves
2091,Emberiza calandra,Emberiza calandra,Aves
2092,Emberiza capensis,Emberiza capensis,Aves
2093,Emberiza chrysophrys,Emberiza chrysophrys,Aves
2094,Emberiza cia,Emberiza cia,Aves
2095,Emberiza cineracea,Emberiza cineracea,Aves
2096,Emberiza cioides,Emberiza cioides,Aves
2097,Emberiza cirlus,Emberiza cirlus,Aves
2098,Emberiza citrinella,Emberiza citrinella,Aves
2099,Emberiza elegans,Emberiza elegans,Aves
2100,Emberiza flaviventris,Emberiza flaviventris,Aves
2101,Emberiza fucata,Emberiza fucata,Aves
2102,Emberiza godlewskii,Emberiza godlewskii,Aves
2103,Emberiza hortulana,Emberiza hortulana,Aves
2104,Emberiza impetuani,Emberiza impetuani,Aves
2105,Emberiza lathami,Emberiza lathami,Aves
2106,Emberiza leucocephalos,Emberiza leucocephalos,Aves
2107,Emberiza melanocephala,Emberiza melanocephala,Aves
2108,Emberiza pallasi,Emberiza pallasi,Aves
2109,Emberiza pusilla,Emberiza pusilla,Aves
2110,Emberiza rustica,Emberiza rustica,Aves
2111,Emberiza sahari,Emberiza sahari,Aves
2112,Emberiza schoeniclus,Emberiza schoeniclus,Aves
2113,Emberiza spodocephala,Emberiza spodocephala,Aves
2114,Emberiza stewarti,Emberiza stewarti,Aves
2115,Emberiza striolata,Emberiza striolata,Aves
2116,Emberiza sulphurata,Emberiza sulphurata,Aves
2117,Emberiza tahapisi,Emberiza tahapisi,Aves
2118,Emberiza tristrami,Emberiza tristrami,Aves
2119,Emberiza variabilis,Emberiza variabilis,Aves
2120,Emberiza yessoensis,Emberiza yessoensis,Aves
2121,Emberizoides herbicola,Emberizoides herbicola,Aves
2122,Emberizoides ypiranganus,Emberizoides ypiranganus,Aves
2123,Embernagra longicauda,Embernagra longicauda,Aves
2124,Embernagra platensis,Embernagra platensis,Aves
2125,Eminia lepida,Eminia lepida,Aves
2126,Empidonax affinis,Empidonax affinis,Aves
2127,Empidonax albigularis,Empidonax albigularis,Aves
2128,Empidonax alnorum,Empidonax alnorum,Aves
2129,Empidonax atriceps,Empidonax atriceps,Aves
2130,Empidonax difficilis,Empidonax difficilis,Aves
2131,Empidonax flavescens,Empidonax flavescens,Aves
2132,Empidonax flaviventris,Empidonax flaviventris,Aves
2133,Empidonax fulvifrons,Empidonax fulvifrons,Aves
2134,Empidonax hammondii,Empidonax hammondii,Aves
2135,Empidonax minimus,Empidonax minimus,Aves
2136,Empidonax oberholseri,Empidonax oberholseri,Aves
2137,Empidonax occidentalis,,
2138,Empidonax traillii,Empidonax traillii,Aves
2139,Empidonax virescens,Empidonax virescens,Aves
2140,Empidonax wrightii,Empidonax wrightii,Aves
2141,Empidonomus aurantioatrocristatus,Griseotyrannus aurantioatrocristatus,Aves
2142,Empidonomus varius,Empidonomus varius,Aves
2143,Engine,,
2144,Enicognathus ferrugineus,Enicognathus ferrugineus,Aves
2145,Enicognathus leptorhynchus,Enicognathus leptorhynchus,Aves
2146,Enicurus leschenaulti,Enicurus leschenaulti,Aves
2147,Enicurus maculatus,Enicurus maculatus,Aves
2148,Enicurus schistaceus,Enicurus schistaceus,Aves
2149,Entomodestes coracinus,Entomodestes coracinus,Aves
2150,Entomodestes leucotis,Entomodestes leucotis,Aves
2151,Entomyzon cyanotis,Entomyzon cyanotis,Aves
2152,Environmental,,
2153,Eolophus roseicapilla,Eolophus roseicapilla,Aves
2154,Eophona migratoria,Eophona migratoria,Aves
2155,Eophona personata,Eophona personata,Aves
2156,Eopsaltria australis,Eopsaltria australis,Aves
2157,Epimachus fastosus,Epimachus fastosus,Aves
2158,Epimachus meyeri,Epimachus meyeri,Aves
2159,Epinecrophylla amazonica,Epinecrophylla amazonica,Aves
2160,Epinecrophylla erythrura,Epinecrophylla erythrura,Aves
2161,Epinecrophylla fulviventris,Epinecrophylla fulviventris,Aves
2162,Epinecrophylla gutturalis,Epinecrophylla gutturalis,Aves
2163,Epinecrophylla haematonota,Epinecrophylla haematonota,Aves
2164,Epinecrophylla leucophthalma,Epinecrophylla leucophthalma,Aves
2165,Epinecrophylla ornata,Epinecrophylla ornata,Aves
2166,Epinecrophylla spodionota,Epinecrophylla spodionota,Aves
2167,Epthianura tricolor,Epthianura tricolor,Aves
2168,Eremomela gregalis,Eremomela gregalis,Aves
2169,Eremomela icteropygialis,Eremomela icteropygialis,Aves
2170,Eremomela pusilla,Eremomela pusilla,Aves
2171,Eremomela scotops,Eremomela scotops,Aves
2172,Eremophila alpestris,,
2173,Eremopterix griseus,Eremopterix griseus,Aves
2174,Eremopterix hova,Eremopterix hova,Aves
2175,Eremopterix nigriceps,Eremopterix nigriceps,Aves
2176,Erithacus rubecula,Erithacus rubecula,Aves
2177,Erpornis zantholeuca,Erpornis zantholeuca,Aves
2178,Erythrocercus holochlorus,Erythrocercus holochlorus,Aves
2179,Erythrogenys erythrocnemis,Erythrogenys erythrocnemis,Aves
2180,Erythrogenys erythrogenys,Erythrogenys erythrogenys,Aves
2181,Erythrogenys gravivox,Erythrogenys gravivox,Aves
2182,Erythrogenys hypoleucos,Erythrogenys hypoleucos,Aves
2183,Erythrogenys mcclellandi,Erythrogenys mcclellandi,Aves
2184,Erythrogenys swinhoei,Erythrogenys swinhoei,Aves
2185,Erythropitta arquata,Erythropitta arquata,Aves
2186,Erythropitta erythrogaster,Erythropitta erythrogaster,Aves
2187,Erythropitta granatina,Erythropitta granatina,Aves
2188,Erythropitta macklotii,Erythropitta macklotii,Aves
2189,Erythropitta rufiventris,Erythropitta rufiventris,Aves
2190,Erythropitta ussheri,Erythropitta ussheri,Aves
2191,Erythrura trichroa,Erythrura trichroa,Aves
2192,Esacus magnirostris,Esacus magnirostris,Aves
2193,Esacus recurvirostris,Esacus recurvirostris,Aves
2194,Estrilda astrild,Estrilda astrild,Aves
2195,Estrilda melpoda,Estrilda melpoda,Aves
2196,Estrilda nonnula,Estrilda nonnula,Aves
2197,Estrilda paludicola,Estrilda paludicola,Aves
2198,Estrilda troglodytes,Estrilda troglodytes,Aves
2199,Eubucco bourcierii,Eubucco bourcierii,Aves
2200,Eubucco richardsoni,Eubucco richardsoni,Aves
2201,Euchrepomis callinota,Euchrepomis callinota,Aves
2202,Euchrepomis humeralis,Euchrepomis humeralis,Aves
2203,Euchrepomis spodioptila,Euchrepomis spodioptila,Aves
2204,Eucometis penicillata,Eucometis penicillata,Aves
2205,Eudocimus albus,Eudocimus albus,Aves
2206,Eudromia elegans,Eudromia elegans,Aves
2207,Eudynamys melanorhynchus,Eudynamys melanorhynchus,Aves
2208,Eudynamys orientalis,Eudynamys orientalis,Aves
2209,Eudynamys scolopaceus,Eudynamys scolopaceus,Aves
2210,Eudyptes chrysocome,Eudyptes chrysocome,Aves
2211,Eudyptula minor,Eudyptula minor,Aves
2212,Eugenes fulgens,Eugenes fulgens,Aves
2213,Eugenes spectabilis,Eugenes spectabilis,Aves
2214,Eugralla paradoxa,Eugralla paradoxa,Aves
2215,Eumomota superciliosa,Eumomota superciliosa,Aves
2216,Eumyias albicaudatus,Eumyias albicaudatus,Aves
2217,Eumyias indigo,Eumyias indigo,Aves
2218,Eumyias panayensis,Eumyias panayensis,Aves
2219,Eumyias thalassinus,Eumyias thalassinus,Aves
2220,Eunemobius carolinus,Eunemobius carolinus,Aves
2221,Eunemobius confusus,,
2222,Euodice cantans,Euodice cantans,Aves
2223,Euodice malabarica,Euodice malabarica,Aves
2224,Eupetes macrocerus,Eupetes macrocerus,Aves
2225,Eupetomena cirrochloris,Eupetomena cirrochloris,Aves
2226,Eupetomena macroura,Eupetomena macroura,Aves
2227,Euphagus carolinus,Euphagus carolinus,Aves
2228,Euphagus cyanocephalus,Euphagus cyanocephalus,Aves
2229,Eupherusa eximia,Eupherusa eximia,Aves
2230,Euphonia affinis,Euphonia affinis,Aves
2231,Euphonia anneae,Euphonia anneae,Aves
2232,Euphonia cayennensis,Euphonia cayennensis,Aves
2233,Euphonia chalybea,Euphonia chalybea,Aves
2234,Euphonia chlorotica,Euphonia chlorotica,Aves
2235,Euphonia chrysopasta,Euphonia chrysopasta,Aves
2236,Euphonia concinna,Euphonia concinna,Aves
2237,Euphonia finschi,Euphonia finschi,Aves
2238,Euphonia fulvicrissa,Euphonia fulvicrissa,Aves
2239,Euphonia gouldi,Euphonia gouldi,Aves
2240,Euphonia hirundinacea,Euphonia hirundinacea,Aves
2241,Euphonia imitans,Euphonia imitans,Aves
2242,Euphonia laniirostris,Euphonia laniirostris,Aves
2243,Euphonia luteicapilla,Euphonia luteicapilla,Aves
2244,Euphonia mesochrysa,Euphonia mesochrysa,Aves
2245,Euphonia minuta,Euphonia minuta,Aves
2246,Euphonia pectoralis,Euphonia pectoralis,Aves
2247,Euphonia plumbea,Euphonia plumbea,Aves
2248,Euphonia rufiventris,Euphonia rufiventris,Aves
2249,Euphonia trinitatis,Euphonia trinitatis,Aves
2250,Euphonia violacea,Euphonia violacea,Aves
2251,Euphonia xanthogaster,Euphonia xanthogaster,Aves
2252,Euplectes afer,Euplectes afer,Aves
2253,Euplectes ardens,Euplectes ardens,Aves
2254,Euplectes capensis,Euplectes capensis,Aves
2255,Euplectes franciscanus,Euplectes franciscanus,Aves
2256,Euplectes hordeaceus,Euplectes hordeaceus,Aves
2257,Euplectes orix,Euplectes orix,Aves
2258,Euplectes progne,Euplectes progne,Aves
2259,Eupodotis afra,Afrotis afra,Aves
2260,Eupodotis afraoides,Afrotis afraoides,Aves
2261,Eupodotis caerulescens,Eupodotis caerulescens,Aves
2262,Eupodotis ruficrista,Lophotis ruficrista,Aves
2263,Eupodotis senegalensis,Eupodotis senegalensis,Aves
2264,Eupodotis vigorsii,Heterotetrax vigorsii,Aves
2265,Eupsittula aurea,Eupsittula aurea,Aves
2266,Eupsittula cactorum,Eupsittula cactorum,Aves
2267,Eupsittula canicularis,Eupsittula canicularis,Aves
2268,Eupsittula nana,Eupsittula nana,Aves
2269,Eupsittula pertinax,Eupsittula pertinax,Aves
2270,Euptilotis neoxenus,Euptilotis neoxenus,Aves
2271,Eurillas ansorgei,Eurillas ansorgei,Aves
2272,Eurillas curvirostris,Eurillas curvirostris,Aves
2273,Eurillas latirostris,Eurillas latirostris,Aves
2274,Eurillas virens,Eurillas virens,Aves
2275,Eurocephalus ruppelli,Eurocephalus ruppelli,Aves
2276,Eurostopodus argus,Eurostopodus argus,Aves
2277,Eurostopodus mystacalis,Eurostopodus mystacalis,Aves
2278,Eurylaimus javanicus,Eurylaimus javanicus,Aves
2279,Eurylaimus ochromalus,Eurylaimus ochromalus,Aves
2280,Eurypyga helias,Eurypyga helias,Aves
2281,Eurystomus glaucurus,Eurystomus glaucurus,Aves
2282,Eurystomus orientalis,Eurystomus orientalis,Aves
2283,Euscarthmus fulviceps,Euscarthmus fulviceps,Aves
2284,Euscarthmus meloryphus,Euscarthmus meloryphus,Aves
2285,Euscarthmus rufomarginatus,Euscarthmus rufomarginatus,Aves
2286,Eutoxeres aquila,Eutoxeres aquila,Aves
2287,Falco amurensis,Falco amurensis,Aves
2288,Falco berigora,Falco berigora,Aves
2289,Falco columbarius,Falco columbarius,Aves
2290,Falco deiroleucus,Falco deiroleucus,Aves
2291,Falco femoralis,Falco femoralis,Aves
2292,Falco mexicanus,Falco mexicanus,Aves
2293,Falco naumanni,Falco naumanni,Aves
2294,Falco peregrinus,Falco peregrinus,Aves
2295,Falco rufigularis,Falco rufigularis,Aves
2296,Falco rusticolus,Falco rusticolus,Aves
2297,Falco sparverius,Falco sparverius,Aves
2298,Falco subbuteo,Falco subbuteo,Aves
2299,Falco tinnunculus,Falco tinnunculus,Aves
2300,Falco vespertinus,Falco vespertinus,Aves
2301,Falculea palliata,Falculea palliata,Aves
2302,Falcunculus frontatus,Falcunculus frontatus,Aves
2303,Ferminia cerverai,Ferminia cerverai,Aves
2304,Ficedula albicilla,Ficedula albicilla,Aves
2305,Ficedula albicollis,Ficedula albicollis,Aves
2306,Ficedula basilanica,Ficedula basilanica,Aves
2307,Ficedula dumetoria,Ficedula dumetoria,Aves
2308,Ficedula elisae,Ficedula elisae,Aves
2309,Ficedula erithacus,Ficedula erithacus,Aves
2310,Ficedula hodgsoni,Ficedula hodgsoni,Aves
2311,Ficedula hyperythra,Ficedula hyperythra,Aves
2312,Ficedula hypoleuca,Ficedula hypoleuca,Aves
2313,Ficedula mugimaki,Ficedula mugimaki,Aves
2314,Ficedula narcissina,Ficedula narcissina,Aves
2315,Ficedula nigrorufa,Ficedula nigrorufa,Aves
2316,Ficedula parva,Ficedula parva,Aves
2317,Ficedula ruficauda,Ficedula ruficauda,Aves
2318,Ficedula semitorquata,Ficedula semitorquata,Aves
2319,Ficedula strophiata,Ficedula strophiata,Aves
2320,Ficedula subrubra,Ficedula subrubra,Aves
2321,Ficedula superciliaris,Ficedula superciliaris,Aves
2322,Ficedula tricolor,Ficedula tricolor,Aves
2323,Ficedula westermanni,Ficedula westermanni,Aves
2324,Ficedula zanthopygia,Ficedula zanthopygia,Aves
2325,Fireworks,,
2326,Florisuga fusca,Florisuga fusca,Aves
2327,Florisuga mellivora,Florisuga mellivora,Aves
2328,Fluvicola albiventer,Fluvicola albiventer,Aves
2329,Fluvicola nengeta,Fluvicola nengeta,Aves
2330,Fluvicola pica,Fluvicola pica,Aves
2331,Formicarius analis,Formicarius analis,Aves
2332,Formicarius colma,Formicarius colma,Aves
2333,Formicarius moniliger,Formicarius moniliger,Aves
2334,Formicarius nigricapillus,Formicarius nigricapillus,Aves
2335,Formicarius rufifrons,Formicarius rufifrons,Aves
2336,Formicarius rufipectus,Formicarius rufipectus,Aves
2337,Formicivora acutirostris,Formicivora acutirostris,Aves
2338,Formicivora erythronotos,Formicivora erythronotos,Aves
2339,Formicivora grantsaui,Formicivora grantsaui,Aves
2340,Formicivora grisea,Formicivora grisea,Aves
2341,Formicivora iheringi,Formicivora iheringi,Aves
2342,Formicivora melanogaster,Formicivora melanogaster,Aves
2343,Formicivora rufa,Formicivora rufa,Aves
2344,Formicivora serrana,Formicivora serrana,Aves
2345,Forpus coelestis,Forpus coelestis,Aves
2346,Forpus conspicillatus,Forpus conspicillatus,Aves
2347,Forpus cyanopygius,Forpus cyanopygius,Aves
2348,Forpus modestus,Forpus modestus,Aves
2349,Forpus passerinus,Forpus passerinus,Aves
2350,Forpus xanthopterygius,Forpus xanthopterygius,Aves
2351,Foudia madagascariensis,Foudia madagascariensis,Aves
2352,Foudia rubra,Foudia rubra,Aves
2353,Foulehaio carunculatus,Foulehaio carunculatus,Aves
2354,Foulehaio procerior,Foulehaio procerior,Aves
2355,Francolinus francolinus,Francolinus francolinus,Aves
2356,Francolinus pictus,Francolinus pictus,Aves
2357,Francolinus pintadeanus,Francolinus pintadeanus,Aves
2358,Fraseria caerulescens,Fraseria caerulescens,Aves
2359,Fraseria griseigularis,Fraseria griseigularis,Aves
2360,Fraseria ocreata,Fraseria ocreata,Aves
2361,Fraseria plumbea,Fraseria plumbea,Aves
2362,Fratercula arctica,Fratercula arctica,Aves
2363,Frederickena fulva,Frederickena fulva,Aves
2364,Frederickena unduliger,Frederickena unduliger,Aves
2365,Frederickena viridis,Frederickena viridis,Aves
2366,Fregata andrewsi,Fregata andrewsi,Aves
2367,Fregata ariel,Fregata ariel,Aves
2368,Fregata magnificens,Fregata magnificens,Aves
2369,Fregata minor,Fregata minor,Aves
2370,Fringilla coelebs,Fringilla coelebs,Aves
2371,Fringilla montifringilla,Fringilla montifringilla,Aves
2372,Fulica alai,Fulica alai,Aves
2373,Fulica americana,Fulica americana,Aves
2374,Fulica ardesiaca,Fulica ardesiaca,Aves
2375,Fulica armillata,Fulica armillata,Aves
2376,Fulica atra,Fulica atra,Aves
2377,Fulica cristata,Fulica cristata,Aves
2378,Fulica gigantea,Fulica gigantea,Aves
2379,Fulica rufifrons,Fulica rufifrons,Aves
2380,Fulmarus glacialis,Fulmarus glacialis,Aves
2381,Fulvetta formosana,Fulvetta formosana,Aves
2382,Fulvetta ruficapilla,Fulvetta ruficapilla,Aves
2383,Fulvetta vinipectus,Fulvetta vinipectus,Aves
2384,Furnarius cristatus,Furnarius cristatus,Aves
2385,Furnarius figulus,Furnarius figulus,Aves
2386,Furnarius leucopus,Furnarius leucopus,Aves
2387,Furnarius minor,Furnarius minor,Aves
2388,Furnarius rufus,Furnarius rufus,Aves
2389,Galbalcyrhynchus leucotis,Galbalcyrhynchus leucotis,Aves
2390,Galbalcyrhynchus purusianus,Galbalcyrhynchus purusianus,Aves
2391,Galbula albirostris,Galbula albirostris,Aves
2392,Galbula chalcothorax,Galbula chalcothorax,Aves
2393,Galbula cyanescens,Galbula cyanescens,Aves
2394,Galbula cyanicollis,Galbula cyanicollis,Aves
2395,Galbula dea,Galbula dea,Aves
2396,Galbula galbula,Galbula galbula,Aves
2397,Galbula leucogastra,Galbula leucogastra,Aves
2398,Galbula pastazae,Galbula pastazae,Aves
2399,Galbula ruficauda,Galbula ruficauda,Aves
2400,Galbula tombacea,Galbula tombacea,Aves
2401,Galerida cristata,Galerida cristata,Aves
2402,Galerida deva,Galerida deva,Aves
2403,Galerida magnirostris,Galerida magnirostris,Aves
2404,Galerida malabarica,Galerida malabarica,Aves
2405,Galerida theklae,Galerida theklae,Aves
2406,Gallicrex cinerea,Gallicrex cinerea,Aves
2407,Gallinago andina,Gallinago andina,Aves
2408,Gallinago delicata,Gallinago delicata,Aves
2409,Gallinago gallinago,Gallinago gallinago,Aves
2410,Gallinago hardwickii,Gallinago hardwickii,Aves
2411,Gallinago imperialis,Gallinago imperialis,Aves
2412,Gallinago jamesoni,Gallinago jamesoni,Aves
2413,Gallinago magellanica,Gallinago magellanica,Aves
2414,Gallinago media,Gallinago media,Aves
2415,Gallinago megala,Gallinago megala,Aves
2416,Gallinago nobilis,Gallinago nobilis,Aves
2417,Gallinago paraguaiae,Gallinago paraguaiae,Aves
2418,Gallinago stenura,Gallinago stenura,Aves
2419,Gallinago undulata,Gallinago undulata,Aves
2420,Gallinula chloropus,Gallinula chloropus,Aves
2421,Gallinula galeata,Gallinula galeata,Aves
2422,Gallinula tenebrosa,Gallinula tenebrosa,Aves
2423,Gallirallus australis,Gallirallus australis,Aves
2424,Gallirallus philippensis,Hypotaenidia philippensis,Aves
2425,Gallirallus torquatus,Hypotaenidia torquata,Aves
2426,Galloperdix bicalcarata,Galloperdix bicalcarata,Aves
2427,Galloperdix spadicea,Galloperdix spadicea,Aves
2428,Gallus gallus,Gallus gallus,Aves
2429,Gallus lafayettii,Gallus lafayettii,Aves
2430,Gallus sonneratii,Gallus sonneratii,Aves
2431,Gallus varius,Gallus varius,Aves
2432,Gampsonyx swainsonii,Gampsonyx swainsonii,Aves
2433,Gampsorhynchus rufulus,Gampsorhynchus rufulus,Aves
2434,Gampsorhynchus torquatus,Gampsorhynchus torquatus,Aves
2435,Garrulax canorus,Garrulax canorus,Aves
2436,Garrulax leucolophus,Garrulax leucolophus,Aves
2437,Garrulax milleti,Garrulax milleti,Aves
2438,Garrulax monileger,Garrulax monileger,Aves
2439,Garrulax palliatus,Garrulax palliatus,Aves
2440,Garrulax strepitans,Garrulax strepitans,Aves
2441,Garrulax taewanus,Garrulax taewanus,Aves
2442,Garrulus glandarius,Garrulus glandarius,Aves
2443,Garrulus lanceolatus,Garrulus lanceolatus,Aves
2444,Garrulus lidthi,Garrulus lidthi,Aves
2445,Gastrophryne carolinensis,Gastrophryne carolinensis,Aves
2446,Gastrophryne olivacea,,
2447,Gavia adamsii,Gavia adamsii,Aves
2448,Gavia arctica,Gavia arctica,Aves
2449,Gavia immer,Gavia immer,Aves
2450,Gavia pacifica,Gavia pacifica,Aves
2451,Gavia stellata,Gavia stellata,Aves
2452,Gavicalis fasciogularis,Gavicalis fasciogularis,Aves
2453,Gavicalis virescens,Gavicalis virescens,Aves
2454,Gecinulus grantia,Gecinulus grantia,Aves
2455,Gecinulus viridis,Gecinulus viridis,Aves
2456,Gelochelidon nilotica,Gelochelidon nilotica,Aves
2457,Geocerthia serrana,Geocerthia serrana,Aves
2458,Geococcyx californianus,Geococcyx californianus,Aves
2459,Geococcyx velox,Geococcyx velox,Aves
2460,Geoffroyus geoffroyi,Geoffroyus geoffroyi,Aves
2461,Geoffroyus heteroclitus,Geoffroyus heteroclitus,Aves
2462,Geokichla citrina,Geokichla citrina,Aves
2463,Geokichla gurneyi,Geokichla gurneyi,Aves
2464,Geokichla guttata,Geokichla guttata,Aves
2465,Geokichla peronii,Geokichla peronii,Aves
2466,Geokichla piaggiae,Geokichla piaggiae,Aves
2467,Geokichla sibirica,Geokichla sibirica,Aves
2468,Geokichla spiloptera,Geokichla spiloptera,Aves
2469,Geopelia humeralis,Geopelia humeralis,Aves
2470,Geopelia placida,Geopelia placida,Aves
2471,Geopelia striata,Geopelia striata,Aves
2472,Geositta antarctica,Geositta antarctica,Aves
2473,Geositta cunicularia,Geositta cunicularia,Aves
2474,Geositta punensis,Geositta punensis,Aves
2475,Geositta rufipennis,Geositta rufipennis,Aves
2476,Geositta tenuirostris,Geositta tenuirostris,Aves
2477,Geospizopsis plebejus,Geospizopsis plebejus,Aves
2478,Geospizopsis unicolor,Geospizopsis unicolor,Aves
2479,Geothlypis aequinoctialis,Geothlypis aequinoctialis,Aves
2480,Geothlypis beldingi,Geothlypis beldingi,Aves
2481,Geothlypis formosa,Geothlypis formosa,Aves
2482,Geothlypis nelsoni,Geothlypis nelsoni,Aves
2483,Geothlypis philadelphia,Geothlypis philadelphia,Aves
2484,Geothlypis poliocephala,Geothlypis poliocephala,Aves
2485,Geothlypis rostrata,Geothlypis rostrata,Aves
2486,Geothlypis semiflava,Geothlypis semiflava,Aves
2487,Geothlypis speciosa,Geothlypis speciosa,Aves
2488,Geothlypis tolmiei,Geothlypis tolmiei,Aves
2489,Geothlypis trichas,Geothlypis trichas,Aves
2490,Geotrygon chrysia,Geotrygon chrysia,Aves
2491,Geotrygon montana,Geotrygon montana,Aves
2492,Geotrygon violacea,Geotrygon violacea,Aves
2493,Geranoaetus albicaudatus,Geranoaetus albicaudatus,Aves
2494,Geranoaetus melanoleucus,Geranoaetus melanoleucus,Aves
2495,Geranoaetus polyosoma,Geranoaetus polyosoma,Aves
2496,Geranospiza caerulescens,Geranospiza caerulescens,Aves
2497,Geronticus eremita,Geronticus eremita,Aves
2498,Gerygone chloronota,Gerygone chloronota,Aves
2499,Gerygone flavolateralis,Gerygone flavolateralis,Aves
2500,Gerygone fusca,Gerygone fusca,Aves
2501,Gerygone igata,Gerygone igata,Aves
2502,Gerygone levigaster,Gerygone levigaster,Aves
2503,Gerygone magnirostris,Gerygone magnirostris,Aves
2504,Gerygone mouki,Gerygone mouki,Aves
2505,Gerygone olivacea,Gerygone olivacea,Aves
2506,Gerygone palpebrosa,Gerygone palpebrosa,Aves
2507,Gerygone sulphurea,Gerygone sulphurea,Aves
2508,Glareola lactea,Glareola lactea,Aves
2509,Glareola maldivarum,Glareola maldivarum,Aves
2510,Glareola pratincola,Glareola pratincola,Aves
2511,Glaucestrilda caerulescens,Glaucestrilda caerulescens,Aves
2512,Glaucidium bolivianum,Glaucidium bolivianum,Aves
2513,Glaucidium brasilianum,Glaucidium brasilianum,Aves
2514,Glaucidium capense,Glaucidium capense,Aves
2515,Glaucidium castanopterum,Glaucidium castanopterum,Aves
2516,Glaucidium castanotum,Glaucidium castanotum,Aves
2517,Glaucidium costaricanum,Glaucidium costaricanum,Aves
2518,Glaucidium cuculoides,Glaucidium cuculoides,Aves
2519,Glaucidium gnoma,Glaucidium gnoma,Aves
2520,Glaucidium griseiceps,Glaucidium griseiceps,Aves
2521,Glaucidium hardyi,Glaucidium hardyi,Aves
2522,Glaucidium jardinii,Glaucidium jardinii,Aves
2523,Glaucidium minutissimum,Glaucidium minutissimum,Aves
2524,Glaucidium nana,Glaucidium nana,Aves
2525,Glaucidium nubicola,Glaucidium nubicola,Aves
2526,Glaucidium palmarum,Glaucidium palmarum,Aves
2527,Glaucidium parkeri,Glaucidium parkeri,Aves
2528,Glaucidium passerinum,Glaucidium passerinum,Aves
2529,Glaucidium perlatum,Glaucidium perlatum,Aves
2530,Glaucidium peruanum,Glaucidium peruanum,Aves
2531,Glaucidium radiatum,Glaucidium radiatum,Aves
2532,Glaucidium sanchezi,Glaucidium sanchezi,Aves
2533,Glaucidium siju,Glaucidium siju,Aves
2534,Glaucidium tephronotum,Glaucidium tephronotum,Aves
2535,Glaucis dohrnii,Glaucis dohrnii,Aves
2536,Glaucis hirsutus,Glaucis hirsutus,Aves
2537,Gliciphila melanops,Gliciphila melanops,Aves
2538,Glossopsitta concinna,Glossopsitta concinna,Aves
2539,Glyphorynchus spirurus,Glyphorynchus spirurus,Aves
2540,Gnorimopsar chopi,Gnorimopsar chopi,Aves
2541,Gorsachius melanolophus,Gorsachius melanolophus,Aves
2542,Gracula indica,Gracula indica,Aves
2543,Gracula ptilogenys,Gracula ptilogenys,Aves
2544,Gracula religiosa,Gracula religiosa,Aves
2545,Gracupica contra,Gracupica contra,Aves
2546,Gracupica nigricollis,Gracupica nigricollis,Aves
2547,Grallaria albigula,Grallaria albigula,Aves
2548,Grallaria alleni,Grallaria alleni,Aves
2549,Grallaria andicolus,Grallaria andicolus,Aves
2550,Grallaria bangsi,Grallaria bangsi,Aves
2551,Grallaria blakei,Grallaria blakei,Aves
2552,Grallaria cajamarcae,Grallaria cajamarcae,Aves
2553,Grallaria capitalis,Grallaria capitalis,Aves
2554,Grallaria carrikeri,Grallaria carrikeri,Aves
2555,Grallaria dignissima,Grallaria dignissima,Aves
2556,Grallaria erythroleuca,Grallaria erythroleuca,Aves
2557,Grallaria erythrotis,Grallaria erythrotis,Aves
2558,Grallaria flavotincta,Grallaria flavotincta,Aves
2559,Grallaria gigantea,Grallaria gigantea,Aves
2560,Grallaria gravesi,Grallaria gravesi,Aves
2561,Grallaria griseonucha,Grallaria griseonucha,Aves
2562,Grallaria guatimalensis,Grallaria guatimalensis,Aves
2563,Grallaria haplonota,Grallaria haplonota,Aves
2564,Grallaria hypoleuca,Grallaria hypoleuca,Aves
2565,Grallaria kaestneri,Grallaria kaestneri,Aves
2566,Grallaria milleri,Grallaria milleri,Aves
2567,Grallaria nuchalis,Grallaria nuchalis,Aves
2568,Grallaria occabambae,Grallaria occabambae,Aves
2569,Grallaria przewalskii,Grallaria przewalskii,Aves
2570,Grallaria quitensis,Grallaria quitensis,Aves
2571,Grallaria ridgelyi,Grallaria ridgelyi,Aves
2572,Grallaria ruficapilla,Grallaria ruficapilla,Aves
2573,Grallaria rufocinerea,Grallaria rufocinerea,Aves
2574,Grallaria rufula,Grallaria rufula,Aves
2575,Grallaria saturata,Grallaria saturata,Aves
2576,Grallaria squamigera,Grallaria squamigera,Aves
2577,Grallaria urraoensis,Grallaria urraoensis,Aves
2578,Grallaria varia,Grallaria varia,Aves
2579,Grallaria watkinsi,Grallaria watkinsi,Aves
2580,Grallaricula cucullata,Grallaricula cucullata,Aves
2581,Grallaricula ferrugineipectus,Grallaricula ferrugineipectus,Aves
2582,Grallaricula flavirostris,Grallaricula flavirostris,Aves
2583,Grallaricula leymebambae,Grallaricula leymebambae,Aves
2584,Grallaricula lineifrons,Grallaricula lineifrons,Aves
2585,Grallaricula nana,Grallaricula nana,Aves
2586,Grallaricula ochraceifrons,Grallaricula ochraceifrons,Aves
2587,Grallaricula peruviana,Grallaricula peruviana,Aves
2588,Grallina cyanoleuca,Grallina cyanoleuca,Aves
2589,Grammatoptila striata,Grammatoptila striata,Aves
2590,Granatellus pelzelni,Granatellus pelzelni,Aves
2591,Granatellus sallaei,Granatellus sallaei,Aves
2592,Granatellus venustus,Granatellus venustus,Aves
2593,Granatina ianthinogaster,Granatina ianthinogaster,Aves
2594,Grantiella picta,Grantiella picta,Aves
2595,Graydidascalus brachyurus,Graydidascalus brachyurus,Aves
2596,Grus americana,Grus americana,Aves
2597,Grus grus,Grus grus,Aves
2598,Grus japonensis,Grus japonensis,Aves
2599,Grus monacha,Grus monacha,Aves
2600,Grus nigricollis,Grus nigricollis,Aves
2601,Gryllus assimilis,Gryllus assimilis,Aves
2602,Gryllus fultoni,Gryllus fultoni,Aves
2603,Gryllus pennsylvanicus,Gryllus pennsylvanicus,Aves
2604,Gryllus rubens,Gryllus rubens,Aves
2605,Guaruba guarouba,Guaruba guarouba,Aves
2606,Gubernatrix cristata,Gubernatrix cristata,Aves
2607,Gubernetes yetapa,Gubernetes yetapa,Aves
2608,Guira guira,Guira guira,Aves
2609,Gun,,
2610,Guttera pucherani,Guttera pucherani,Aves
2611,Gygis alba,Gygis alba,Aves
2612,Gymnasio nudipes,Gymnasio nudipes,Aves
2613,Gymnobucco bonapartei,Gymnobucco bonapartei,Aves
2614,Gymnobucco calvus,Gymnobucco calvus,Aves
2615,Gymnocichla nudiceps,Gymnocichla nudiceps,Aves
2616,Gymnomystax mexicanus,Gymnomystax mexicanus,Aves
2617,Gymnomyza brunneirostris,Gymnomyza brunneirostris,Aves
2618,Gymnomyza samoensis,Gymnomyza samoensis,Aves
2619,Gymnopithys bicolor,Gymnopithys bicolor,Aves
2620,Gymnopithys leucaspis,Gymnopithys leucaspis,Aves
2621,Gymnopithys rufigula,Gymnopithys rufigula,Aves
2622,Gymnorhina tibicen,Gymnorhina tibicen,Aves
2623,Gymnorhinus cyanocephalus,Gymnorhinus cyanocephalus,Aves
2624,Gymnoris dentata,Gymnoris dentata,Aves
2625,Gymnoris pyrgita,Gymnoris pyrgita,Aves
2626,Gymnoris superciliaris,Gymnoris superciliaris,Aves
2627,Gymnoris xanthocollis,Gymnoris xanthocollis,Aves
2628,Gyps fulvus,Gyps fulvus,Aves
2629,Gyps himalayensis,Gyps himalayensis,Aves
2630,Gypsophila brevicaudata,Gypsophila brevicaudata,Aves
2631,Gypsophila rufipectus,Gypsophila rufipectus,Aves
2632,Habia atrimaxillaris,Driophlox atrimaxillaris,Aves
2633,Habia cristata,Driophlox cristata,Aves
2634,Habia fuscicauda,Driophlox fuscicauda,Aves
2635,Habia gutturalis,Driophlox gutturalis,Aves
2636,Habia rubica,Habia rubica,Aves
2637,Haematopus ater,Haematopus ater,Aves
2638,Haematopus bachmani,Haematopus bachmani,Aves
2639,Haematopus finschi,Haematopus finschi,Aves
2640,Haematopus fuliginosus,Haematopus fuliginosus,Aves
2641,Haematopus leucopodus,Haematopus leucopodus,Aves
2642,Haematopus longirostris,Haematopus longirostris,Aves
2643,Haematopus ostralegus,Haematopus ostralegus,Aves
2644,Haematopus palliatus,Haematopus palliatus,Aves
2645,Haematopus unicolor,Haematopus unicolor,Aves
2646,Haematortyx sanguiniceps,Haematortyx sanguiniceps,Aves
2647,Haemorhous cassinii,Haemorhous cassinii,Aves
2648,Haemorhous mexicanus,Haemorhous mexicanus,Aves
2649,Haemorhous purpureus,Haemorhous purpureus,Aves
2650,Hafferia fortis,Hafferia fortis,Aves
2651,Hafferia immaculata,Hafferia immaculata,Aves
2652,Hafferia zeledoni,Hafferia zeledoni,Aves
2653,Halcyon albiventris,Halcyon albiventris,Aves
2654,Halcyon badia,Halcyon badia,Aves
2655,Halcyon chelicuti,Halcyon chelicuti,Aves
2656,Halcyon coromanda,Halcyon coromanda,Aves
2657,Halcyon gularis,Halcyon gularis,Aves
2658,Halcyon leucocephala,Halcyon leucocephala,Aves
2659,Halcyon malimbica,Halcyon malimbica,Aves
2660,Halcyon pileata,Halcyon pileata,Aves
2661,Halcyon senegalensis,Halcyon senegalensis,Aves
2662,Halcyon smyrnensis,Halcyon smyrnensis,Aves
2663,Haliaeetus albicilla,Haliaeetus albicilla,Aves
2664,Haliaeetus humilis,Icthyophaga humilis,Aves
2665,Haliaeetus ichthyaetus,Icthyophaga ichthyaetus,Aves
2666,Haliaeetus leucocephalus,Haliaeetus leucocephalus,Aves
2667,Haliaeetus leucogaster,Icthyophaga leucogaster,Aves
2668,Haliaeetus pelagicus,Haliaeetus pelagicus,Aves
2669,Haliaeetus vocifer,Icthyophaga vocifer,Aves
2670,Haliastur indus,Haliastur indus,Aves
2671,Haliastur sphenurus,Haliastur sphenurus,Aves
2672,Hapalocrex flaviventer,Laterallus flaviventer,Aves
2673,Hapalopsittaca amazonina,Hapalopsittaca amazonina,Aves
2674,Hapalopsittaca fuertesi,Hapalopsittaca fuertesi,Aves
2675,Hapaloptila castanea,Hapaloptila castanea,Aves
2676,Haplophaedia aureliae,Haplophaedia aureliae,Aves
2677,Haplospiza unicolor,Haplospiza unicolor,Aves
2678,Harpactes ardens,Harpactes ardens,Aves
2679,Harpactes diardii,Harpactes diardii,Aves
2680,Harpactes duvaucelii,Harpactes duvaucelii,Aves
2681,Harpactes erythrocephalus,Harpactes erythrocephalus,Aves
2682,Harpactes fasciatus,Harpactes fasciatus,Aves
2683,Harpactes kasumba,Harpactes kasumba,Aves
2684,Harpactes oreskios,Harpactes oreskios,Aves
2685,Harpactes orrhophaeus,Harpactes orrhophaeus,Aves
2686,Harpactes wardi,Harpactes wardi,Aves
2687,Harpagus bidentatus,Harpagus bidentatus,Aves
2688,Harpagus diodon,Harpagus diodon,Aves
2689,Harpia harpyja,Harpia harpyja,Aves
2690,Harpyopsis novaeguineae,Harpyopsis novaeguineae,Aves
2691,Hedydipna collaris,Hedydipna collaris,Aves
2692,Hedydipna metallica,Hedydipna metallica,Aves
2693,Hedydipna platura,Hedydipna platura,Aves
2694,Heliangelus amethysticollis,Heliangelus amethysticollis,Aves
2695,Heliangelus exortis,Heliangelus exortis,Aves
2696,Heliangelus viola,Heliangelus viola,Aves
2697,Helicolestes hamatus,Helicolestes hamatus,Aves
2698,Heliobletus contaminatus,Heliobletus contaminatus,Aves
2699,Heliodoxa jacula,Heliodoxa jacula,Aves
2700,Heliodoxa leadbeateri,Heliodoxa leadbeateri,Aves
2701,Heliodoxa rubinoides,Heliodoxa rubinoides,Aves
2702,Heliomaster constantii,Heliomaster constantii,Aves
2703,Heliomaster longirostris,Heliomaster longirostris,Aves
2704,Heliornis fulica,Heliornis fulica,Aves
2705,Heliothryx auritus,Heliothryx auritus,Aves
2706,Hellmayrea gularis,Hellmayrea gularis,Aves
2707,Helmitheros vermivorum,Helmitheros vermivorum,Aves
2708,Helopsaltes certhiola,Helopsaltes certhiola,Aves
2709,Helopsaltes ochotensis,Helopsaltes ochotensis,Aves
2710,Helopsaltes pryeri,Helopsaltes pryeri,Aves
2711,Hemicircus canente,Hemicircus canente,Aves
2712,Hemicircus concretus,Hemicircus concretus,Aves
2713,Hemignathus wilsoni,Hemignathus wilsoni,Aves
2714,Hemiprocne comata,Hemiprocne comata,Aves
2715,Hemiprocne coronata,Hemiprocne coronata,Aves
2716,Hemiprocne longipennis,Hemiprocne longipennis,Aves
2717,Hemiprocne mystacea,Hemiprocne mystacea,Aves
2718,Hemipus hirundinaceus,Hemipus hirundinaceus,Aves
2719,Hemipus picatus,Hemipus picatus,Aves
2720,Hemithraupis flavicollis,Hemithraupis flavicollis,Aves
2721,Hemithraupis guira,Hemithraupis guira,Aves
2722,Hemithraupis ruficapilla,Hemithraupis ruficapilla,Aves
2723,Hemitriccus cinnamomeipectus,Hemitriccus cinnamomeipectus,Aves
2724,Hemitriccus cohnhafti,Hemitriccus cohnhafti,Aves
2725,Hemitriccus diops,Hemitriccus diops,Aves
2726,Hemitriccus flammulatus,Hemitriccus flammulatus,Aves
2727,Hemitriccus furcatus,Hemitriccus furcatus,Aves
2728,Hemitriccus granadensis,Hemitriccus granadensis,Aves
2729,Hemitriccus griseipectus,Hemitriccus griseipectus,Aves
2730,Hemitriccus inornatus,Hemitriccus inornatus,Aves
2731,Hemitriccus iohannis,Hemitriccus iohannis,Aves
2732,Hemitriccus margaritaceiventer,Hemitriccus margaritaceiventer,Aves
2733,Hemitriccus minimus,Hemitriccus minimus,Aves
2734,Hemitriccus minor,Hemitriccus minor,Aves
2735,Hemitriccus nidipendulus,Hemitriccus nidipendulus,Aves
2736,Hemitriccus obsoletus,Hemitriccus obsoletus,Aves
2737,Hemitriccus orbitatus,Hemitriccus orbitatus,Aves
2738,Hemitriccus rufigularis,Hemitriccus rufigularis,Aves
2739,Hemitriccus spodiops,Hemitriccus spodiops,Aves
2740,Hemitriccus striaticollis,Hemitriccus striaticollis,Aves
2741,Hemitriccus zosterops,Hemitriccus zosterops,Aves
2742,Hemixos castanonotus,Hemixos castanonotus,Aves
2743,Hemixos cinereus,Hemixos cinereus,Aves
2744,Hemixos flavala,Hemixos flavala,Aves
2745,Henicorhina anachoreta,Henicorhina anachoreta,Aves
2746,Henicorhina leucophrys,Henicorhina leucophrys,Aves
2747,Henicorhina leucoptera,Henicorhina leucoptera,Aves
2748,Henicorhina leucosticta,Henicorhina leucosticta,Aves
2749,Henicorhina negreti,Henicorhina negreti,Aves
2750,Herpetotheres cachinnans,Herpetotheres cachinnans,Aves
2751,Herpsilochmus atricapillus,Herpsilochmus atricapillus,Aves
2752,Herpsilochmus axillaris,Herpsilochmus axillaris,Aves
2753,Herpsilochmus dorsimaculatus,Herpsilochmus dorsimaculatus,Aves
2754,Herpsilochmus dugandi,Herpsilochmus dugandi,Aves
2755,Herpsilochmus frater,Herpsilochmus frater,Aves
2756,Herpsilochmus gentryi,Herpsilochmus gentryi,Aves
2757,Herpsilochmus longirostris,Herpsilochmus longirostris,Aves
2758,Herpsilochmus motacilloides,Herpsilochmus motacilloides,Aves
2759,Herpsilochmus parkeri,Herpsilochmus parkeri,Aves
2760,Herpsilochmus pectoralis,Herpsilochmus pectoralis,Aves
2761,Herpsilochmus pileatus,Herpsilochmus pileatus,Aves
2762,Herpsilochmus roraimae,Herpsilochmus roraimae,Aves
2763,Herpsilochmus rufimarginatus,Herpsilochmus rufimarginatus,Aves
2764,Herpsilochmus sellowi,Radinopsyche sellowi,Aves
2765,Herpsilochmus stictocephalus,Herpsilochmus stictocephalus,Aves
2766,Herpsilochmus sticturus,Herpsilochmus sticturus,Aves
2767,Heterocercus aurantiivertex,Heterocercus aurantiivertex,Aves
2768,Heterocercus flavivertex,Heterocercus flavivertex,Aves
2769,Heterocercus linteatus,Heterocercus linteatus,Aves
2770,Heteromyias albispecularis,Heteromyias albispecularis,Aves
2771,Heteromyias cinereifrons,Heteromyias cinereifrons,Aves
2772,Heterophasia auricularis,Heterophasia auricularis,Aves
2773,Heterophasia capistrata,Heterophasia capistrata,Aves
2774,Heterophasia desgodinsi,Heterophasia desgodinsi,Aves
2775,Heterophasia gracilis,Heterophasia gracilis,Aves
2776,Heterophasia melanoleuca,Heterophasia melanoleuca,Aves
2777,Heterophasia picaoides,Heterophasia picaoides,Aves
2778,Heterophasia pulchella,Heterophasia pulchella,Aves
2779,Heterospingus xanthopygius,Heterospingus xanthopygius,Aves
2780,Hieraaetus pennatus,Hieraaetus pennatus,Aves
2781,Hierococcyx bocki,Hierococcyx bocki,Aves
2782,Hierococcyx fugax,Hierococcyx fugax,Aves
2783,Hierococcyx hyperythrus,Hierococcyx hyperythrus,Aves
2784,Hierococcyx nisicolor,Hierococcyx nisicolor,Aves
2785,Hierococcyx pectoralis,Hierococcyx pectoralis,Aves
2786,Hierococcyx sparverioides,Hierococcyx sparverioides,Aves
2787,Hierococcyx vagans,Hierococcyx vagans,Aves
2788,Hierococcyx varius,Hierococcyx varius,Aves
2789,Himantopus himantopus,Himantopus himantopus,Aves
2790,Himantopus leucocephalus,Himantopus leucocephalus,Aves
2791,Himantopus mexicanus,Himantopus mexicanus,Aves
2792,Himatione sanguinea,Himatione sanguinea,Aves
2793,Hippolais icterina,Hippolais icterina,Aves
2794,Hippolais languida,Hippolais languida,Aves
2795,Hippolais olivetorum,Hippolais olivetorum,Aves
2796,Hippolais polyglotta,Hippolais polyglotta,Aves
2797,Hirundapus caudacutus,Hirundapus caudacutus,Aves
2798,Hirundapus giganteus,Hirundapus giganteus,Aves
2799,Hirundinea ferruginea,Hirundinea ferruginea,Aves
2800,Hirundo angolensis,Hirundo angolensis,Aves
2801,Hirundo neoxena,Hirundo neoxena,Aves
2802,Hirundo rustica,Hirundo rustica,Aves
2803,Hirundo smithii,Hirundo smithii,Aves
2804,Hirundo tahitica,Hirundo tahitica,Aves
2805,Histrionicus histrionicus,Histrionicus histrionicus,Aves
2806,Histurgops ruficauda,Histurgops ruficauda,Aves
2807,Horizocerus albocristatus,Horizocerus albocristatus,Aves
2808,Horornis acanthizoides,Horornis acanthizoides,Aves
2809,Horornis annae,Horornis annae,Aves
2810,Horornis brunnescens,Horornis brunnescens,Aves
2811,Horornis canturians,Horornis canturians,Aves
2812,Horornis diphone,Horornis diphone,Aves
2813,Horornis flavolivaceus,Horornis flavolivaceus,Aves
2814,Horornis fortipes,Horornis fortipes,Aves
2815,Horornis ruficapilla,Horornis ruficapilla,Aves
2816,Horornis seebohmi,Horornis seebohmi,Aves
2817,Horornis vulcanius,,
2818,Human non-vocal,,
2819,Human vocal,,
2820,Human whistle,,
2821,Hydrobates castro,Hydrobates castro,Aves
2822,Hydrobates leucorhous,Hydrobates leucorhous,Aves
2823,Hydrobates monorhis,Hydrobates monorhis,Aves
2824,Hydrobates pelagicus,Hydrobates pelagicus,Aves
2825,Hydrobates tristrami,Hydrobates tristrami,Aves
2826,Hydrocoloeus minutus,Hydrocoloeus minutus,Aves
2827,Hydrophasianus chirurgus,Hydrophasianus chirurgus,Aves
2828,Hydroprogne caspia,Hydroprogne caspia,Aves
2829,Hydropsalis cayennensis,Hydropsalis cayennensis,Aves
2830,Hydropsalis climacocerca,Hydropsalis climacocerca,Aves
2831,Hydropsalis maculicaudus,Hydropsalis maculicaudus,Aves
2832,Hydropsalis torquata,Hydropsalis torquata,Aves
2833,Hydrornis baudii,Hydrornis baudii,Aves
2834,Hydrornis caeruleus,Hydrornis caeruleus,Aves
2835,Hydrornis cyaneus,Hydrornis cyaneus,Aves
2836,Hydrornis elliotii,Hydrornis elliotii,Aves
2837,Hydrornis irena,Hydrornis irena,Aves
2838,Hydrornis nipalensis,Hydrornis nipalensis,Aves
2839,Hydrornis oatesi,Hydrornis oatesi,Aves
2840,Hydrornis schwaneri,Hydrornis schwaneri,Aves
2841,Hydrornis soror,Hydrornis soror,Aves
2842,Hylacola cauta,Hylacola cauta,Aves
2843,Hylexetastes perrotii,Hylexetastes perrotii,Aves
2844,Hylexetastes stresemanni,Hylexetastes stresemanni,Aves
2845,Hylexetastes uniformis,Hylexetastes uniformis,Aves
2846,Hylia prasina,Hylia prasina,Aves
2847,Hyliola regilla,,
2848,Hylocharis chrysura,Hylocharis chrysura,Aves
2849,Hylocharis sapphirina,Hylocharis sapphirina,Aves
2850,Hylocichla mustelina,Hylocichla mustelina,Aves
2851,Hylomanes momotula,Hylomanes momotula,Aves
2852,Hylopezus macularius,Hylopezus macularius,Aves
2853,Hylopezus ochroleucus,Hylopezus ochroleucus,Aves
2854,Hylopezus paraensis,Hylopezus paraensis,Aves
2855,Hylopezus perspicillatus,Hylopezus perspicillatus,Aves
2856,Hylopezus whittakeri,Hylopezus whittakeri,Aves
2857,Hylophilus amaurocephalus,Hylophilus amaurocephalus,Aves
2858,Hylophilus brunneiceps,Hylophilus brunneiceps,Aves
2859,Hylophilus flavipes,Hylophilus flavipes,Aves
2860,Hylophilus olivaceus,Hylophilus olivaceus,Aves
2861,Hylophilus pectoralis,Hylophilus pectoralis,Aves
2862,Hylophilus poicilotis,Hylophilus poicilotis,Aves
2863,Hylophilus semicinereus,Hylophilus semicinereus,Aves
2864,Hylophilus thoracicus,Hylophilus thoracicus,Aves
2865,Hylophylax naevioides,Hylophylax naevioides,Aves
2866,Hylophylax naevius,Hylophylax naevius,Aves
2867,Hylophylax punctulatus,Hylophylax punctulatus,Aves
2868,Hylorchilus navai,Hylorchilus navai,Aves
2869,Hylorchilus sumichrasti,Hylorchilus sumichrasti,Aves
2870,Hymenops perspicillatus,Hymenops perspicillatus,Aves
2871,Hypargos niveoguttatus,Hypargos niveoguttatus,Aves
2872,Hypergerus atriceps,Hypergerus atriceps,Aves
2873,Hypnelus ruficollis,Hypnelus ruficollis,Aves
2874,Hypocnemis cantator,Hypocnemis cantator,Aves
2875,Hypocnemis flavescens,Hypocnemis flavescens,Aves
2876,Hypocnemis hypoxantha,Hypocnemis hypoxantha,Aves
2877,Hypocnemis ochrogyna,Hypocnemis ochrogyna,Aves
2878,Hypocnemis peruviana,Hypocnemis peruviana,Aves
2879,Hypocnemis striata,Hypocnemis striata,Aves
2880,Hypocnemis subflava,Hypocnemis subflava,Aves
2881,Hypocnemoides maculicauda,Hypocnemoides maculicauda,Aves
2882,Hypocnemoides melanopogon,Hypocnemoides melanopogon,Aves
2883,Hypocolius ampelinus,Hypocolius ampelinus,Aves
2884,Hypoedaleus guttatus,Hypoedaleus guttatus,Aves
2885,Hypopyrrhus pyrohypogaster,Hypopyrrhus pyrohypogaster,Aves
2886,Hypothymis azurea,Hypothymis azurea,Aves
2887,Hypothymis puella,Hypothymis puella,Aves
2888,Hypsipetes amaurotis,Hypsipetes amaurotis,Aves
2889,Hypsipetes everetti,Hypsipetes everetti,Aves
2890,Hypsipetes ganeesa,Hypsipetes ganeesa,Aves
2891,Hypsipetes leucocephalus,Hypsipetes leucocephalus,Aves
2892,Hypsipetes madagascariensis,Hypsipetes madagascariensis,Aves
2893,Hypsipetes olivaceus,Hypsipetes olivaceus,Aves
2894,Hypsipetes philippinus,Hypsipetes philippinus,Aves
2895,Ianthocincla maxima,Ianthocincla maxima,Aves
2896,Ianthocincla ocellata,Ianthocincla ocellata,Aves
2897,Ianthocincla rufogularis,Ianthocincla rufogularis,Aves
2898,Ibidorhyncha struthersii,Ibidorhyncha struthersii,Aves
2899,Ibycter americanus,Ibycter americanus,Aves
2900,Ichthyaetus audouinii,Ichthyaetus audouinii,Aves
2901,Ichthyaetus melanocephalus,Ichthyaetus melanocephalus,Aves
2902,Icteria virens,Icteria virens,Aves
2903,Icterus abeillei,Icterus abeillei,Aves
2904,Icterus auratus,Icterus auratus,Aves
2905,Icterus auricapillus,Icterus auricapillus,Aves
2906,Icterus bullockii,Icterus bullockii,Aves
2907,Icterus cayanensis,Icterus cayanensis,Aves
2908,Icterus chrysater,Icterus chrysater,Aves
2909,Icterus croconotus,Icterus croconotus,Aves
2910,Icterus cucullatus,Icterus cucullatus,Aves
2911,Icterus galbula,Icterus galbula,Aves
2912,Icterus graceannae,Icterus graceannae,Aves
2913,Icterus graduacauda,Icterus graduacauda,Aves
2914,Icterus gularis,Icterus gularis,Aves
2915,Icterus icterus,Icterus icterus,Aves
2916,Icterus jamacaii,Icterus jamacaii,Aves
2917,Icterus leucopteryx,Icterus leucopteryx,Aves
2918,Icterus mesomelas,Icterus mesomelas,Aves
2919,Icterus nigrogularis,Icterus nigrogularis,Aves
2920,Icterus parisorum,Icterus parisorum,Aves
2921,Icterus pectoralis,Icterus pectoralis,Aves
2922,Icterus portoricensis,Icterus portoricensis,Aves
2923,Icterus prosthemelas,Icterus prosthemelas,Aves
2924,Icterus pustulatus,Icterus pustulatus,Aves
2925,Icterus pyrrhopterus,Icterus pyrrhopterus,Aves
2926,Icterus spurius,Icterus spurius,Aves
2927,Icterus wagleri,Icterus wagleri,Aves
2928,Ictinaetus malaiensis,Ictinaetus malaiensis,Aves
2929,Ictinia mississippiensis,Ictinia mississippiensis,Aves
2930,Ictinia plumbea,Ictinia plumbea,Aves
2931,Iduna caligata,Iduna caligata,Aves
2932,Iduna natalensis,Iduna natalensis,Aves
2933,Iduna opaca,Iduna opaca,Aves
2934,Iduna pallida,Iduna pallida,Aves
2935,Iduna rama,Iduna rama,Aves
2936,Iduna similis,Iduna similis,Aves
2937,Ifrita kowaldi,Ifrita kowaldi,Aves
2938,Ilicura militaris,Ilicura militaris,Aves
2939,Illadopsis albipectus,Illadopsis albipectus,Aves
2940,Illadopsis cleaveri,Illadopsis cleaveri,Aves
2941,Illadopsis fulvescens,Illadopsis fulvescens,Aves
2942,Illadopsis puveli,Illadopsis puveli,Aves
2943,Illadopsis pyrrhoptera,Illadopsis pyrrhoptera,Aves
2944,Illadopsis rufipennis,Illadopsis rufipennis,Aves
2945,Incaspiza laeta,Incaspiza laeta,Aves
2946,Incaspiza ortizi,Incaspiza ortizi,Aves
2947,Incaspiza personata,Incaspiza personata,Aves
2948,Incilius valliceps,,
2949,Indicator indicator,Indicator indicator,Aves
2950,Indicator minor,Indicator minor,Aves
2951,Indicator variegatus,Indicator variegatus,Aves
2952,Inezia caudata,Inezia caudata,Aves
2953,Inezia inornata,Inezia inornata,Aves
2954,Inezia subflava,Inezia subflava,Aves
2955,Inezia tenuirostris,Inezia tenuirostris,Aves
2956,Iodopleura isabellae,Iodopleura isabellae,Aves
2957,Iodopleura pipra,Iodopleura pipra,Aves
2958,Iole crypta,Iole crypta,Aves
2959,Iole indica,Acritillas indica,Aves
2960,Iole propinqua,Iole propinqua,Aves
2961,Iole viridescens,Iole viridescens,Aves
2962,Irania gutturalis,Irania gutturalis,Aves
2963,Irena cyanogastra,Irena cyanogastra,Aves
2964,Irena puella,Irena puella,Aves
2965,Iridosornis analis,Iridosornis analis,Aves
2966,Iridosornis porphyrocephalus,Iridosornis porphyrocephalus,Aves
2967,Iridosornis rufivertex,Iridosornis rufivertex,Aves
2968,Isleria guttata,Isleria guttata,Aves
2969,Isleria hauxwelli,Isleria hauxwelli,Aves
2970,Ithaginis cruentus,Ithaginis cruentus,Aves
2971,Ixobrychus cinnamomeus,Botaurus cinnamomeus,Aves
2972,Ixobrychus dubius,Botaurus dubius,Aves
2973,Ixobrychus eurhythmus,Botaurus eurhythmus,Aves
2974,Ixobrychus exilis,Botaurus exilis,Aves
2975,Ixobrychus flavicollis,Botaurus flavicollis,Aves
2976,Ixobrychus involucris,Botaurus involucris,Aves
2977,Ixobrychus minutus,Botaurus novaezelandiae,Aves
2978,Ixobrychus sinensis,Botaurus sinensis,Aves
2979,Ixonotus guttatus,Ixonotus guttatus,Aves
2980,Ixoreus naevius,Ixoreus naevius,Aves
2981,Ixos malaccensis,Ixos malaccensis,Aves
2982,Ixos mcclellandii,Ixos mcclellandii,Aves
2983,Ixothraupis guttata,Ixothraupis guttata,Aves
2984,Ixothraupis punctata,Ixothraupis punctata,Aves
2985,Ixothraupis rufigula,Ixothraupis rufigula,Aves
2986,Ixothraupis varia,Ixothraupis varia,Aves
2987,Jabiru mycteria,Jabiru mycteria,Aves
2988,Jacamaralcyon tridactyla,Jacamaralcyon tridactyla,Aves
2989,Jacamerops aureus,Jacamerops aureus,Aves
2990,Jacana jacana,Jacana jacana,Aves
2991,Jacana spinosa,Jacana spinosa,Aves
2992,Junco hyemalis,Junco hyemalis,Aves
2993,Junco phaeonotus,Junco phaeonotus,Aves
2994,Jynx ruficollis,Jynx ruficollis,Aves
2995,Jynx torquilla,Jynx torquilla,Aves
2996,Kakamega poliothorax,Kakamega poliothorax,Aves
2997,Kaupifalco monogrammicus,Kaupifalco monogrammicus,Aves
2998,Kenopia striata,Kenopia striata,Aves
2999,Ketupa blakistoni,Ketupa blakistoni,Aves
3000,Ketupa ketupu,Ketupa ketupu,Aves
3001,Ketupa zeylonensis,Ketupa zeylonensis,Aves
3002,Klais guimeti,Klais guimeti,Aves
3003,Kleinothraupis atropileus,Kleinothraupis atropileus,Aves
3004,Kleinothraupis parodii,Kleinothraupis parodii,Aves
3005,Knipolegus aterrimus,Knipolegus aterrimus,Aves
3006,Knipolegus hudsoni,Knipolegus hudsoni,Aves
3007,Knipolegus orenocensis,Knipolegus orenocensis,Aves
3008,Knipolegus poecilurus,Knipolegus poecilurus,Aves
3009,Kurochkinegramma hypogrammicum,Kurochkinegramma hypogrammicum,Aves
3010,Lacedo pulchella,Lacedo pulchella,Aves
3011,Lafresnaya lafresnayi,Lafresnaya lafresnayi,Aves
3012,Lagonosticta rhodopareia,Lagonosticta rhodopareia,Aves
3013,Lagonosticta rubricata,Lagonosticta rubricata,Aves
3014,Lagonosticta senegala,Lagonosticta senegala,Aves
3015,Lagopus lagopus,Lagopus lagopus,Aves
3016,Lagopus leucura,Lagopus leucura,Aves
3017,Lagopus muta,Lagopus muta,Aves
3018,Lalage aurea,Lalage aurea,Aves
3019,Lalage fimbriata,Lalage fimbriata,Aves
3020,Lalage leucomela,Lalage leucomela,Aves
3021,Lalage leucopyga,Lalage leucopyga,Aves
3022,Lalage maculosa,Lalage maculosa,Aves
3023,Lalage melanoptera,Lalage melanoptera,Aves
3024,Lalage melaschistos,Lalage melaschistos,Aves
3025,Lalage nigra,Lalage nigra,Aves
3026,Lalage tricolor,Lalage tricolor,Aves
3027,Lampornis amethystinus,Lampornis amethystinus,Aves
3028,Lampornis clemenciae,Lampornis clemenciae,Aves
3029,Lampornis sybillae,Lampornis sybillae,Aves
3030,Lampornis viridipallens,Lampornis viridipallens,Aves
3031,Lampropsar tanagrinus,Lampropsar tanagrinus,Aves
3032,Lamprospiza melanoleuca,Lamprospiza melanoleuca,Aves
3033,Lamprotornis australis,Lamprotornis australis,Aves
3034,Lamprotornis bicolor,Lamprotornis bicolor,Aves
3035,Lamprotornis caudatus,Lamprotornis caudatus,Aves
3036,Lamprotornis chalybaeus,Lamprotornis chalybaeus,Aves
3037,Lamprotornis chloropterus,Lamprotornis chloropterus,Aves
3038,Lamprotornis hildebrandti,Lamprotornis hildebrandti,Aves
3039,Lamprotornis mevesii,Lamprotornis mevesii,Aves
3040,Lamprotornis nitens,Lamprotornis nitens,Aves
3041,Lamprotornis purpuroptera,Lamprotornis purpuroptera,Aves
3042,Lamprotornis splendidus,Lamprotornis splendidus,Aves
3043,Lamprotornis superbus,Lamprotornis superbus,Aves
3044,Lamprotornis unicolor,Lamprotornis unicolor,Aves
3045,Laniarius aethiopicus,Laniarius aethiopicus,Aves
3046,Laniarius atrococcineus,Laniarius atrococcineus,Aves
3047,Laniarius atroflavus,Laniarius atroflavus,Aves
3048,Laniarius barbarus,Laniarius barbarus,Aves
3049,Laniarius bicolor,Laniarius bicolor,Aves
3050,Laniarius erythrogaster,Laniarius erythrogaster,Aves
3051,Laniarius ferrugineus,Laniarius ferrugineus,Aves
3052,Laniarius fuelleborni,Laniarius fuelleborni,Aves
3053,Laniarius funebris,Laniarius funebris,Aves
3054,Laniarius luehderi,Laniarius luehderi,Aves
3055,Laniarius major,Laniarius major,Aves
3056,Laniarius mufumbiri,Laniarius mufumbiri,Aves
3057,Laniarius poensis,Laniarius poensis,Aves
3058,Laniarius sublacteus,Laniarius sublacteus,Aves
3059,Laniisoma elegans,Laniisoma elegans,Aves
3060,Lanio aurantius,Lanio aurantius,Aves
3061,Lanio fulvus,Lanio fulvus,Aves
3062,Lanio leucothorax,Lanio leucothorax,Aves
3063,Lanio versicolor,Lanio versicolor,Aves
3064,Laniocera hypopyrra,Laniocera hypopyrra,Aves
3065,Laniocera rufescens,Laniocera rufescens,Aves
3066,Lanius borealis,Lanius borealis,Aves
3067,Lanius bucephalus,Lanius bucephalus,Aves
3068,Lanius cabanisi,Lanius cabanisi,Aves
3069,Lanius collaris,Lanius collaris,Aves
3070,Lanius collurio,Lanius collurio,Aves
3071,Lanius collurioides,Lanius collurioides,Aves
3072,Lanius corvinus,Lanius corvinus,Aves
3073,Lanius cristatus,Lanius cristatus,Aves
3074,Lanius excubitor,Lanius excubitor,Aves
3075,Lanius humeralis,Lanius humeralis,Aves
3076,Lanius isabellinus,Lanius isabellinus,Aves
3077,Lanius ludovicianus,Lanius ludovicianus,Aves
3078,Lanius meridionalis,Lanius meridionalis,Aves
3079,Lanius minor,Lanius minor,Aves
3080,Lanius nubicus,Lanius nubicus,Aves
3081,Lanius phoenicuroides,Lanius phoenicuroides,Aves
3082,Lanius schach,Lanius schach,Aves
3083,Lanius senator,Lanius senator,Aves
3084,Lanius sphenocercus,Lanius sphenocercus,Aves
3085,Lanius tephronotus,Lanius tephronotus,Aves
3086,Lanius tigrinus,Lanius tigrinus,Aves
3087,Lanius vittatus,Lanius vittatus,Aves
3088,Larosterna inca,Larosterna inca,Aves
3089,Larus argentatus,Larus argentatus,Aves
3090,Larus belcheri,Larus belcheri,Aves
3091,Larus brachyrhynchus,Larus brachyrhynchus,Aves
3092,Larus cachinnans,Larus cachinnans,Aves
3093,Larus californicus,Larus californicus,Aves
3094,Larus canus,Larus canus,Aves
3095,Larus crassirostris,Larus crassirostris,Aves
3096,Larus delawarensis,Larus delawarensis,Aves
3097,Larus dominicanus,Larus dominicanus,Aves
3098,Larus fuscus,Larus fuscus,Aves
3099,Larus glaucescens,Larus glaucescens,Aves
3100,Larus glaucoides,Larus glaucoides,Aves
3101,Larus heermanni,Larus heermanni,Aves
3102,Larus hyperboreus,Larus hyperboreus,Aves
3103,Larus livens,Larus livens,Aves
3104,Larus marinus,Larus marinus,Aves
3105,Larus michahellis,Larus michahellis,Aves
3106,Larus occidentalis,Larus occidentalis,Aves
3107,Larus schistisagus,Larus schistisagus,Aves
3108,Larvivora akahige,Larvivora akahige,Aves
3109,Larvivora brunnea,Larvivora brunnea,Aves
3110,Larvivora cyane,Larvivora cyane,Aves
3111,Larvivora komadori,Larvivora komadori,Aves
3112,Larvivora sibilans,Larvivora sibilans,Aves
3113,Laterallus albigularis,Laterallus albigularis,Aves
3114,Laterallus exilis,Laterallus exilis,Aves
3115,Laterallus jamaicensis,Laterallus jamaicensis,Aves
3116,Laterallus leucopyrrhus,Rufirallus leucopyrrhus,Aves
3117,Laterallus levraudi,Laterallus levraudi,Aves
3118,Laterallus melanophaius,Laterallus melanophaius,Aves
3119,Laterallus ruber,Laterallus ruber,Aves
3120,Laterallus xenopterus,Rufirallus xenopterus,Aves
3121,Lathamus discolor,Lathamus discolor,Aves
3122,Lathrotriccus euleri,Lathrotriccus euleri,Aves
3123,Lathrotriccus griseipectus,Lathrotriccus griseipectus,Aves
3124,Laticilla cinerascens,Laticilla cinerascens,Aves
3125,Legatus leucophaius,Legatus leucophaius,Aves
3126,Leiopicus mahrattensis,Leiopicus mahrattensis,Aves
3127,Leioptila annectens,Leioptila annectens,Aves
3128,Leiothlypis celata,Leiothlypis celata,Aves
3129,Leiothlypis crissalis,Leiothlypis crissalis,Aves
3130,Leiothlypis luciae,Leiothlypis luciae,Aves
3131,Leiothlypis peregrina,Leiothlypis peregrina,Aves
3132,Leiothlypis ruficapilla,Leiothlypis ruficapilla,Aves
3133,Leiothlypis virginiae,Leiothlypis virginiae,Aves
3134,Leiothrix argentauris,Leiothrix argentauris,Aves
3135,Leiothrix lutea,Leiothrix lutea,Aves
3136,Leistes bellicosus,Leistes bellicosus,Aves
3137,Leistes loyca,Leistes loyca,Aves
3138,Leistes militaris,Leistes militaris,Aves
3139,Leistes superciliaris,Leistes superciliaris,Aves
3140,Lepidocolaptes affinis,Lepidocolaptes affinis,Aves
3141,Lepidocolaptes albolineatus,Lepidocolaptes albolineatus,Aves
3142,Lepidocolaptes angustirostris,Lepidocolaptes angustirostris,Aves
3143,Lepidocolaptes duidae,Lepidocolaptes duidae,Aves
3144,Lepidocolaptes falcinellus,Lepidocolaptes falcinellus,Aves
3145,Lepidocolaptes fatimalimae,Lepidocolaptes fatimalimae,Aves
3146,Lepidocolaptes fuscicapillus,Lepidocolaptes fuscicapillus,Aves
3147,Lepidocolaptes lacrymiger,Lepidocolaptes lacrymiger,Aves
3148,Lepidocolaptes leucogaster,Lepidocolaptes leucogaster,Aves
3149,Lepidocolaptes souleyetii,Lepidocolaptes souleyetii,Aves
3150,Lepidocolaptes squamatus,Lepidocolaptes squamatus,Aves
3151,Lepidothrix coronata,Lepidothrix coronata,Aves
3152,Lepidothrix iris,Lepidothrix iris,Aves
3153,Lepidothrix isidorei,Lepidothrix isidorei,Aves
3154,Lepidothrix nattereri,Lepidothrix nattereri,Aves
3155,Lepidothrix serena,Lepidothrix serena,Aves
3156,Lepidothrix suavissima,Lepidothrix suavissima,Aves
3157,Leptasthenura aegithaloides,Leptasthenura aegithaloides,Aves
3158,Leptasthenura andicola,Leptasthenura andicola,Aves
3159,Leptasthenura fuliginiceps,Leptasthenura fuliginiceps,Aves
3160,Leptasthenura pileata,Leptasthenura pileata,Aves
3161,Leptasthenura platensis,Leptasthenura platensis,Aves
3162,Leptasthenura setaria,Leptasthenura setaria,Aves
3163,Leptasthenura striata,Leptasthenura striata,Aves
3164,Leptasthenura striolata,Leptasthenura striolata,Aves
3165,Leptasthenura xenothorax,Leptasthenura xenothorax,Aves
3166,Leptocoma aspasia,Leptocoma aspasia,Aves
3167,Leptocoma brasiliana,Leptocoma brasiliana,Aves
3168,Leptocoma calcostetha,Leptocoma calcostetha,Aves
3169,Leptocoma minima,Leptocoma minima,Aves
3170,Leptocoma sperata,Leptocoma sperata,Aves
3171,Leptocoma zeylonica,Leptocoma zeylonica,Aves
3172,Leptodon cayanensis,Leptodon cayanensis,Aves
3173,Leptopoecile sophiae,Leptopoecile sophiae,Aves
3174,Leptopogon amaurocephalus,Leptopogon amaurocephalus,Aves
3175,Leptopogon rufipectus,Leptopogon rufipectus,Aves
3176,Leptopogon superciliaris,Leptopogon superciliaris,Aves
3177,Leptopogon taczanowskii,Leptopogon taczanowskii,Aves
3178,Leptoptilos crumenifer,Leptoptilos crumenifer,Aves
3179,Leptosittaca branickii,Leptosittaca branickii,Aves
3180,Leptosomus discolor,Leptosomus discolor,Aves
3181,Leptotila cassinii,Leptotila cassinii,Aves
3182,Leptotila conoveri,Leptotila conoveri,Aves
3183,Leptotila jamaicensis,Leptotila jamaicensis,Aves
3184,Leptotila megalura,Leptotila megalura,Aves
3185,Leptotila ochraceiventris,Leptotila ochraceiventris,Aves
3186,Leptotila pallida,Leptotila pallida,Aves
3187,Leptotila plumbeiceps,Leptotila plumbeiceps,Aves
3188,Leptotila rufaxilla,Leptotila rufaxilla,Aves
3189,Leptotila verreauxi,Leptotila verreauxi,Aves
3190,Lesbia nuna,Lesbia nuna,Aves
3191,Lesbia victoriae,Lesbia victoriae,Aves
3192,Leucippus fallax,Leucippus fallax,Aves
3193,Leucochloris albicollis,Leucochloris albicollis,Aves
3194,Leucogeranus leucogeranus,Leucogeranus leucogeranus,Aves
3195,Leucolia violiceps,Ramosomyia violiceps,Aves
3196,Leucophaeus atricilla,Leucophaeus atricilla,Aves
3197,Leucophaeus modestus,Leucophaeus modestus,Aves
3198,Leucophaeus pipixcan,Leucophaeus pipixcan,Aves
3199,Leucophaeus scoresbii,Leucophaeus scoresbii,Aves
3200,Leucopternis kuhli,Leucopternis kuhli,Aves
3201,Leucopternis melanops,Leucopternis melanops,Aves
3202,Leucopternis semiplumbeus,Leucopternis semiplumbeus,Aves
3203,Leucosarcia melanoleuca,Leucosarcia melanoleuca,Aves
3204,Leucosticte atrata,Leucosticte atrata,Aves
3205,Leucosticte australis,Leucosticte australis,Aves
3206,Leucosticte tephrocotis,Leucosticte tephrocotis,Aves
3207,Lewinia pectoralis,Lewinia pectoralis,Aves
3208,Lewinia striata,Lewinia striata,Aves
3209,Lichenostomus cratitius,Lichenostomus cratitius,Aves
3210,Lichenostomus melanops,Lichenostomus melanops,Aves
3211,Lichmera incana,Lichmera incana,Aves
3212,Lichmera indistincta,Lichmera indistincta,Aves
3213,Lichmera limbata,,
3214,Lichmera squamata,Lichmera squamata,Aves
3215,Limnoctites rectirostris,Limnoctites rectirostris,Aves
3216,Limnoctites sulphuriferus,Limnoctites sulphuriferus,Aves
3217,Limnodromus griseus,Limnodromus griseus,Aves
3218,Limnodromus scolopaceus,Limnodromus scolopaceus,Aves
3219,Limnodromus semipalmatus,Limnodromus semipalmatus,Aves
3220,Limnornis curvirostris,Limnornis curvirostris,Aves
3221,Limnothlypis swainsonii,Limnothlypis swainsonii,Aves
3222,Limosa fedoa,Limosa fedoa,Aves
3223,Limosa haemastica,Limosa haemastica,Aves
3224,Limosa lapponica,Limosa lapponica,Aves
3225,Limosa limosa,Limosa limosa,Aves
3226,Linaria cannabina,Linaria cannabina,Aves
3227,Linaria flavirostris,Linaria flavirostris,Aves
3228,Linaria yemenensis,Linaria yemenensis,Aves
3229,Liocichla phoenicea,Liocichla phoenicea,Aves
3230,Liocichla ripponi,Liocichla ripponi,Aves
3231,Liocichla steerii,Liocichla steerii,Aves
3232,Lioparus chrysotis,Lioparus chrysotis,Aves
3233,Liosceles thoracicus,Liosceles thoracicus,Aves
3234,Lipaugus ater,Lipaugus ater,Aves
3235,Lipaugus fuscocinereus,Lipaugus fuscocinereus,Aves
3236,Lipaugus lanioides,Lipaugus lanioides,Aves
3237,Lipaugus unirufus,Lipaugus unirufus,Aves
3238,Lipaugus vociferans,Lipaugus vociferans,Aves
3239,Lipaugus weberi,Lipaugus weberi,Aves
3240,Lithobates catesbeianus,Lithobates catesbeianus,Aves
3241,Lithobates clamitans,Lithobates clamitans,Aves
3242,Lithobates palustris,Lithobates palustris,Aves
3243,Lithobates sylvaticus,Lithobates sylvaticus,Aves
3244,Lochmias nematura,Lochmias nematura,Aves
3245,Locustella alishanensis,Locustella alishanensis,Aves
3246,Locustella caudata,Locustella caudata,Aves
3247,Locustella davidi,Locustella davidi,Aves
3248,Locustella fluviatilis,Locustella fluviatilis,Aves
3249,Locustella lanceolata,Locustella lanceolata,Aves
3250,Locustella luscinioides,Locustella luscinioides,Aves
3251,Locustella luteoventris,Locustella luteoventris,Aves
3252,Locustella mandelli,Locustella mandelli,Aves
3253,Locustella montis,Locustella montis,Aves
3254,Locustella naevia,Locustella naevia,Aves
3255,Locustella tacsanowskia,Locustella tacsanowskia,Aves
3256,Locustella thoracica,Locustella thoracica,Aves
3257,Lonchura atricapilla,Lonchura atricapilla,Aves
3258,Lonchura castaneothorax,Lonchura castaneothorax,Aves
3259,Lonchura kelaarti,Lonchura kelaarti,Aves
3260,Lonchura leucogastroides,Lonchura leucogastroides,Aves
3261,Lonchura maja,Lonchura maja,Aves
3262,Lonchura malacca,Lonchura malacca,Aves
3263,Lonchura punctulata,Lonchura punctulata,Aves
3264,Lonchura striata,Lonchura striata,Aves
3265,Lophaetus occipitalis,Lophaetus occipitalis,Aves
3266,Lophoceros alboterminatus,Lophoceros alboterminatus,Aves
3267,Lophoceros camurus,Lophoceros camurus,Aves
3268,Lophoceros fasciatus,Lophoceros fasciatus,Aves
3269,Lophoceros hemprichii,Lophoceros hemprichii,Aves
3270,Lophoceros nasutus,Lophoceros nasutus,Aves
3271,Lophochroa leadbeateri,Cacatua leadbeateri,Aves
3272,Lophodytes cucullatus,Lophodytes cucullatus,Aves
3273,Lophonetta specularioides,Lophonetta specularioides,Aves
3274,Lophophanes cristatus,Lophophanes cristatus,Aves
3275,Lophophanes dichrous,Lophophanes dichrous,Aves
3276,Lophophorus impejanus,Lophophorus impejanus,Aves
3277,Lophorina superba,Lophorina superba,Aves
3278,Lophostrix cristata,Lophostrix cristata,Aves
3279,Lophotriccus eulophotes,Lophotriccus eulophotes,Aves
3280,Lophotriccus galeatus,Lophotriccus galeatus,Aves
3281,Lophotriccus pileatus,Lophotriccus pileatus,Aves
3282,Lophotriccus vitiosus,Lophotriccus vitiosus,Aves
3283,Lophotriorchis kienerii,Lophotriorchis kienerii,Aves
3284,Lophura leucomelanos,Lophura leucomelanos,Aves
3285,Loriculus beryllinus,Loriculus beryllinus,Aves
3286,Loriculus galgulus,Loriculus galgulus,Aves
3287,Loriculus philippensis,Loriculus philippensis,Aves
3288,Loriculus vernalis,Loriculus vernalis,Aves
3289,Loriotus cristatus,Loriotus cristatus,Aves
3290,Loriotus luctuosus,Loriotus luctuosus,Aves
3291,Lorius chlorocercus,Lorius chlorocercus,Aves
3292,Lorius lory,Lorius lory,Aves
3293,Loxia curvirostra,Loxia curvirostra,Aves
3294,Loxia leucoptera,Loxia leucoptera,Aves
3295,Loxia pytyopsittacus,Loxia pytyopsittacus,Aves
3296,Loxia scotica,Loxia scotica,Aves
3297,Loxia sinesciuris,Loxia sinesciuris,Aves
3298,Loxigilla noctis,Loxigilla noctis,Aves
3299,Loxioides bailleui,Loxioides bailleui,Aves
3300,Loxops caeruleirostris,Loxops caeruleirostris,Aves
3301,Loxops coccineus,Loxops coccineus,Aves
3302,Loxops mana,Loxops mana,Aves
3303,Lullula arborea,Lullula arborea,Aves
3304,Lurocalis rufiventris,Lurocalis rufiventris,Aves
3305,Lurocalis semitorquatus,Lurocalis semitorquatus,Aves
3306,Luscinia luscinia,Luscinia luscinia,Aves
3307,Luscinia megarhynchos,Luscinia megarhynchos,Aves
3308,Luscinia phaenicuroides,Luscinia phaenicuroides,Aves
3309,Luscinia svecica,Luscinia svecica,Aves
3310,Lybius bidentatus,Pogonornis bidentatus,Aves
3311,Lybius guifsobalito,Lybius guifsobalito,Aves
3312,Lybius torquatus,Lybius torquatus,Aves
3313,Lybius vieilloti,Lybius vieilloti,Aves
3314,Lycocorax pyrrhopterus,Lycocorax pyrrhopterus,Aves
3315,Lymnocryptes minimus,Lymnocryptes minimus,Aves
3316,Lyncornis macrotis,Lyncornis macrotis,Aves
3317,Lyncornis temminckii,Lyncornis temminckii,Aves
3318,Lyrurus tetrix,Lyrurus tetrix,Aves
3319,Machaerirhynchus flaviventer,Machaerirhynchus flaviventer,Aves
3320,Machaerirhynchus nigripectus,Machaerirhynchus nigripectus,Aves
3321,Machaeropterus deliciosus,Machaeropterus deliciosus,Aves
3322,Machaeropterus pyrocephalus,Machaeropterus pyrocephalus,Aves
3323,Machaeropterus regulus,Machaeropterus regulus,Aves
3324,Machaeropterus striolatus,Machaeropterus striolatus,Aves
3325,Macheiramphus alcinus,Macheiramphus alcinus,Aves
3326,Machetornis rixosa,Machetornis rixosa,Aves
3327,Machlolophus aplonotus,Machlolophus aplonotus,Aves
3328,Machlolophus holsti,Machlolophus holsti,Aves
3329,Machlolophus nuchalis,Machlolophus nuchalis,Aves
3330,Machlolophus spilonotus,Machlolophus spilonotus,Aves
3331,Machlolophus xanthogenys,Machlolophus xanthogenys,Aves
3332,Mackenziaena leachii,Mackenziaena leachii,Aves
3333,Mackenziaena severa,Mackenziaena severa,Aves
3334,Macroagelaius imthurni,Macroagelaius imthurni,Aves
3335,Macroagelaius subalaris,Macroagelaius subalaris,Aves
3336,Macronus ptilosus,Macronus ptilosus,Aves
3337,Macronus striaticeps,Macronus striaticeps,Aves
3338,Macronyx capensis,Macronyx capensis,Aves
3339,Macronyx croceus,Macronyx croceus,Aves
3340,Macronyx fuelleborni,Macronyx fuelleborni,Aves
3341,Macropygia amboinensis,Macropygia amboinensis,Aves
3342,Macropygia doreya,Macropygia doreya,Aves
3343,Macropygia mackinlayi,Macropygia mackinlayi,Aves
3344,Macropygia phasianella,Macropygia phasianella,Aves
3345,Macropygia ruficeps,Macropygia ruficeps,Aves
3346,Macropygia tenuirostris,Macropygia tenuirostris,Aves
3347,Macropygia unchall,Macropygia unchall,Aves
3348,Macrosphenus concolor,Macrosphenus concolor,Aves
3349,Macrosphenus flavicans,Macrosphenus flavicans,Aves
3350,Macrosphenus kempi,Macrosphenus kempi,Aves
3351,Magumma parva,Magumma parva,Aves
3352,Malacocincla abbotti,Malacocincla abbotti,Aves
3353,Malacocincla sepiaria,Malacocincla sepiaria,Aves
3354,Malaconotus blanchoti,Malaconotus blanchoti,Aves
3355,Malacopteron affine,Malacopteron affine,Aves
3356,Malacopteron cinereum,Malacopteron cinereum,Aves
3357,Malacopteron magnirostre,Malacopteron magnirostre,Aves
3358,Malacopteron magnum,Malacopteron magnum,Aves
3359,Malacoptila fulvogularis,Malacoptila fulvogularis,Aves
3360,Malacoptila fusca,Malacoptila fusca,Aves
3361,Malacoptila mystacalis,Malacoptila mystacalis,Aves
3362,Malacoptila panamensis,Malacoptila panamensis,Aves
3363,Malacoptila rufa,Malacoptila rufa,Aves
3364,Malacoptila semicincta,Malacoptila semicincta,Aves
3365,Malacoptila striata,Malacoptila striata,Aves
3366,Malacorhynchus membranaceus,Malacorhynchus membranaceus,Aves
3367,Malcorus pectoralis,Malcorus pectoralis,Aves
3368,Malia grata,Malia grata,Aves
3369,Malimbus nitens,Malimbus nitens,Aves
3370,Malindangia mcgregori,Malindangia mcgregori,Aves
3371,Malurus alboscapulatus,Malurus alboscapulatus,Aves
3372,Malurus amabilis,Malurus amabilis,Aves
3373,Malurus assimilis,Malurus assimilis,Aves
3374,Malurus cyaneus,Malurus cyaneus,Aves
3375,Malurus cyanocephalus,Malurus cyanocephalus,Aves
3376,Malurus elegans,Malurus elegans,Aves
3377,Malurus lamberti,Malurus lamberti,Aves
3378,Malurus leucopterus,Malurus leucopterus,Aves
3379,Malurus melanocephalus,Malurus melanocephalus,Aves
3380,Malurus splendens,Malurus splendens,Aves
3381,Manacus aurantiacus,Manacus aurantiacus,Aves
3382,Manacus candei,Manacus candei,Aves
3383,Manacus manacus,Manacus manacus,Aves
3384,Manacus vitellinus,Manacus vitellinus,Aves
3385,Manorina flavigula,Manorina flavigula,Aves
3386,Manorina melanocephala,Manorina melanocephala,Aves
3387,Manorina melanophrys,Manorina melanophrys,Aves
3388,Mareca americana,Mareca americana,Aves
3389,Mareca falcata,Mareca falcata,Aves
3390,Mareca penelope,Mareca penelope,Aves
3391,Mareca sibilatrix,Mareca sibilatrix,Aves
3392,Mareca strepera,Mareca strepera,Aves
3393,Margarops fuscatus,Margarops fuscatus,Aves
3394,Margarornis rubiginosus,Margarornis rubiginosus,Aves
3395,Margarornis squamiger,Margarornis squamiger,Aves
3396,Masius chrysopterus,Masius chrysopterus,Aves
3397,Mazaria propinqua,Mazaria propinqua,Aves
3398,Mecocerculus hellmayri,Mecocerculus hellmayri,Aves
3399,Mecocerculus leucophrys,Mecocerculus leucophrys,Aves
3400,Mecocerculus minor,Mecocerculus minor,Aves
3401,Mecocerculus poecilocercus,Mecocerculus poecilocercus,Aves
3402,Mecocerculus stictopterus,Mecocerculus stictopterus,Aves
3403,Megaceryle alcyon,Megaceryle alcyon,Aves
3404,Megaceryle lugubris,Megaceryle lugubris,Aves
3405,Megaceryle maxima,Megaceryle maxima,Aves
3406,Megaceryle torquata,Megaceryle torquata,Aves
3407,Megalurus palustris,Megalurus palustris,Aves
3408,Megapodius cumingii,Megapodius cumingii,Aves
3409,Megapodius eremita,Megapodius eremita,Aves
3410,Megapodius freycinet,Megapodius freycinet,Aves
3411,Megapodius reinwardt,Megapodius reinwardt,Aves
3412,Megarynchus pitangua,Megarynchus pitangua,Aves
3413,Megascops albogularis,Megascops albogularis,Aves
3414,Megascops asio,Megascops asio,Aves
3415,Megascops atricapilla,Megascops atricapilla,Aves
3416,Megascops centralis,Megascops centralis,Aves
3417,Megascops choliba,Megascops choliba,Aves
3418,Megascops clarkii,Megascops clarkii,Aves
3419,Megascops cooperi,Megascops cooperi,Aves
3420,Megascops gilesi,Megascops gilesi,Aves
3421,Megascops guatemalae,Megascops guatemalae,Aves
3422,Megascops hoyi,Megascops hoyi,Aves
3423,Megascops ingens,Megascops ingens,Aves
3424,Megascops kennicottii,Megascops kennicottii,Aves
3425,Megascops koepckeae,Megascops koepckeae,Aves
3426,Megascops petersoni,Megascops petersoni,Aves
3427,Megascops roboratus,Megascops roboratus,Aves
3428,Megascops roraimae,Megascops roraimae,Aves
3429,Megascops sanctaecatarinae,Megascops sanctaecatarinae,Aves
3430,Megascops seductus,Megascops seductus,Aves
3431,Megascops trichopsis,Megascops trichopsis,Aves
3432,Megascops watsonii,Megascops watsonii,Aves
3433,Megastictus margaritatus,Megastictus margaritatus,Aves
3434,Megaxenops parnaguae,Megaxenops parnaguae,Aves
3435,Meiglyptes tristis,Meiglyptes tristis,Aves
3436,Meiglyptes tukki,Meiglyptes tukki,Aves
3437,Melaenornis edolioides,Melaenornis edolioides,Aves
3438,Melaenornis fischeri,Melaenornis fischeri,Aves
3439,Melaenornis pammelaina,Melaenornis pammelaina,Aves
3440,Melaenornis silens,Sigelus silens,Aves
3441,Melampitta lugubris,Melampitta lugubris,Aves
3442,Melanerpes aurifrons,Melanerpes aurifrons,Aves
3443,Melanerpes cactorum,Melanerpes cactorum,Aves
3444,Melanerpes candidus,Melanerpes candidus,Aves
3445,Melanerpes carolinus,Melanerpes carolinus,Aves
3446,Melanerpes chrysauchen,Melanerpes chrysauchen,Aves
3447,Melanerpes chrysogenys,Melanerpes chrysogenys,Aves
3448,Melanerpes cruentatus,Melanerpes cruentatus,Aves
3449,Melanerpes erythrocephalus,Melanerpes erythrocephalus,Aves
3450,Melanerpes flavifrons,Melanerpes flavifrons,Aves
3451,Melanerpes formicivorus,Melanerpes formicivorus,Aves
3452,Melanerpes hoffmannii,Melanerpes hoffmannii,Aves
3453,Melanerpes hypopolius,Melanerpes hypopolius,Aves
3454,Melanerpes lewis,Melanerpes lewis,Aves
3455,Melanerpes portoricensis,Melanerpes portoricensis,Aves
3456,Melanerpes pucherani,Melanerpes pucherani,Aves
3457,Melanerpes pygmaeus,Melanerpes pygmaeus,Aves
3458,Melanerpes radiolatus,Melanerpes radiolatus,Aves
3459,Melanerpes rubricapillus,Melanerpes rubricapillus,Aves
3460,Melanerpes striatus,Melanerpes striatus,Aves
3461,Melanerpes superciliaris,Melanerpes superciliaris,Aves
3462,Melanerpes uropygialis,Melanerpes uropygialis,Aves
3463,Melaniparus afer,Melaniparus afer,Aves
3464,Melaniparus albiventris,Melaniparus albiventris,Aves
3465,Melaniparus cinerascens,Melaniparus cinerascens,Aves
3466,Melaniparus funereus,Melaniparus funereus,Aves
3467,Melaniparus leucomelas,Melaniparus leucomelas,Aves
3468,Melaniparus niger,Melaniparus niger,Aves
3469,Melaniparus rufiventris,Melaniparus rufiventris,Aves
3470,Melaniparus thruppi,Melaniparus thruppi,Aves
3471,Melanitta americana,Melanitta americana,Aves
3472,Melanitta fusca,Melanitta fusca,Aves
3473,Melanitta nigra,Melanitta nigra,Aves
3474,Melanitta perspicillata,Melanitta perspicillata,Aves
3475,Melanochlora sultanea,Melanochlora sultanea,Aves
3476,Melanocorypha calandra,Melanocorypha calandra,Aves
3477,Melanocorypha maxima,Melanocorypha maxima,Aves
3478,Melanodera melanodera,Melanodera melanodera,Aves
3479,Melanodera xanthogramma,Melanodera xanthogramma,Aves
3480,Melanodryas cucullata,Melanodryas cucullata,Aves
3481,Melanodryas vittata,Melanodryas vittata,Aves
3482,Melanopareia elegans,Melanopareia elegans,Aves
3483,Melanopareia maranonica,Melanopareia maranonica,Aves
3484,Melanopareia maximiliani,Melanopareia maximiliani,Aves
3485,Melanopareia torquata,Melanopareia torquata,Aves
3486,Melanoptila glabrirostris,Melanoptila glabrirostris,Aves
3487,Melanorectes nigrescens,Melanorectes nigrescens,Aves
3488,Melanospiza bicolor,Melanospiza bicolor,Aves
3489,Melanotis caerulescens,Melanotis caerulescens,Aves
3490,Melanotis hypoleucus,Melanotis hypoleucus,Aves
3491,Meleagris gallopavo,Meleagris gallopavo,Aves
3492,Meleagris ocellata,Meleagris ocellata,Aves
3493,Meliarchus sclateri,Meliarchus sclateri,Aves
3494,Melidectes belfordi,Melidectes belfordi,Aves
3495,Melidectes rufocrissalis,Melidectes rufocrissalis,Aves
3496,Melidora macrorrhina,Melidora macrorrhina,Aves
3497,Meliphaga lewinii,Meliphaga lewinii,Aves
3498,Meliphaga notata,Meliphaga notata,Aves
3499,Melithreptus affinis,Melithreptus affinis,Aves
3500,Melithreptus albogularis,Melithreptus albogularis,Aves
3501,Melithreptus brevirostris,Melithreptus brevirostris,Aves
3502,Melithreptus chloropsis,Melithreptus chloropsis,Aves
3503,Melithreptus gularis,Melithreptus gularis,Aves
3504,Melithreptus lunatus,Melithreptus lunatus,Aves
3505,Melithreptus validirostris,Melithreptus validirostris,Aves
3506,Mellisuga helenae,Mellisuga helenae,Aves
3507,Mellisuga minima,Mellisuga minima,Aves
3508,Melocichla mentalis,Melocichla mentalis,Aves
3509,Melopsittacus undulatus,Melopsittacus undulatus,Aves
3510,Melopyrrha portoricensis,Melopyrrha portoricensis,Aves
3511,Melopyrrha violacea,Melopyrrha violacea,Aves
3512,Melospiza georgiana,Melospiza georgiana,Aves
3513,Melospiza lincolnii,Melospiza lincolnii,Aves
3514,Melospiza melodia,Melospiza melodia,Aves
3515,Melozone aberti,Melozone aberti,Aves
3516,Melozone albicollis,Melozone albicollis,Aves
3517,Melozone biarcuata,Melozone biarcuata,Aves
3518,Melozone cabanisi,Melozone cabanisi,Aves
3519,Melozone crissalis,Melozone crissalis,Aves
3520,Melozone fusca,Melozone fusca,Aves
3521,Melozone kieneri,Melozone kieneri,Aves
3522,Melozone leucotis,Melozone leucotis,Aves
3523,Menura alberti,Menura alberti,Aves
3524,Menura novaehollandiae,Menura novaehollandiae,Aves
3525,Mergellus albellus,Mergellus albellus,Aves
3526,Mergus merganser,Mergus merganser,Aves
3527,Mergus serrator,Mergus serrator,Aves
3528,Merops albicollis,Merops albicollis,Aves
3529,Merops apiaster,Merops apiaster,Aves
3530,Merops bullockoides,Merops bullockoides,Aves
3531,Merops bulocki,Merops bulocki,Aves
3532,Merops hirundineus,Merops hirundineus,Aves
3533,Merops leschenaulti,Merops leschenaulti,Aves
3534,Merops oreobates,Merops oreobates,Aves
3535,Merops orientalis,Merops orientalis,Aves
3536,Merops ornatus,Merops ornatus,Aves
3537,Merops persicus,Merops persicus,Aves
3538,Merops philippinus,Merops philippinus,Aves
3539,Merops pusillus,Merops pusillus,Aves
3540,Merops superciliosus,Merops superciliosus,Aves
3541,Merops variegatus,Merops variegatus,Aves
3542,Merops viridis,Merops viridis,Aves
3543,Merulaxis ater,Merulaxis ater,Aves
3544,Mesembrinibis cayennensis,Mesembrinibis cayennensis,Aves
3545,Mesitornis unicolor,Mesitornis unicolor,Aves
3546,Mesitornis variegatus,Mesitornis variegatus,Aves
3547,Metallura tyrianthina,Metallura tyrianthina,Aves
3548,Metallura williami,Metallura williami,Aves
3549,Metopidius indicus,Metopidius indicus,Aves
3550,Metopothrix aurantiaca,Metopothrix aurantiaca,Aves
3551,Metriopelia melanoptera,Metriopelia melanoptera,Aves
3552,Micrastur buckleyi,Micrastur buckleyi,Aves
3553,Micrastur gilvicollis,Micrastur gilvicollis,Aves
3554,Micrastur mintoni,Micrastur mintoni,Aves
3555,Micrastur mirandollei,Micrastur mirandollei,Aves
3556,Micrastur ruficollis,Micrastur ruficollis,Aves
3557,Micrastur semitorquatus,Micrastur semitorquatus,Aves
3558,Micrathene whitneyi,Micrathene whitneyi,Aves
3559,Microbates cinereiventris,Microbates cinereiventris,Aves
3560,Microbates collaris,Microbates collaris,Aves
3561,Microcarbo niger,Microcarbo niger,Aves
3562,Microcentrum rhombifolium,Microcentrum rhombifolium,Aves
3563,Microcerculus bambla,Microcerculus bambla,Aves
3564,Microcerculus marginatus,Microcerculus marginatus,Aves
3565,Microcerculus philomela,Microcerculus philomela,Aves
3566,Microcerculus ustulatus,Microcerculus ustulatus,Aves
3567,Microeca fascinans,Microeca fascinans,Aves
3568,Microeca flavigaster,Microeca flavigaster,Aves
3569,Microhierax fringillarius,Microhierax fringillarius,Aves
3570,Micromonacha lanceolata,Micromonacha lanceolata,Aves
3571,Micronisus gabar,Micronisus gabar,Aves
3572,Micropsitta finschii,Micropsitta finschii,Aves
3573,Micropternus brachyurus,Micropternus brachyurus,Aves
3574,Micropygia schomburgkii,Rufirallus schomburgkii,Aves
3575,Microrhopias quixensis,Microrhopias quixensis,Aves
3576,Microspingus cabanisi,Microspingus cabanisi,Aves
3577,Microspingus erythrophrys,Microspingus erythrophrys,Aves
3578,Microspingus lateralis,Microspingus lateralis,Aves
3579,Microspingus melanoleucus,Microspingus melanoleucus,Aves
3580,Microspingus torquatus,Microspingus torquatus,Aves
3581,Microxenops milleri,Microxenops milleri,Aves
3582,Milvago chimachima,Milvago chimachima,Aves
3583,Milvago chimango,Milvago chimango,Aves
3584,Milvus migrans,Milvus migrans,Aves
3585,Milvus milvus,Milvus milvus,Aves
3586,Mimus dorsalis,Mimus dorsalis,Aves
3587,Mimus gilvus,Mimus gilvus,Aves
3588,Mimus gundlachii,Mimus gundlachii,Aves
3589,Mimus longicaudatus,Mimus longicaudatus,Aves
3590,Mimus patagonicus,Mimus patagonicus,Aves
3591,Mimus polyglottos,Mimus polyglottos,Aves
3592,Mimus saturninus,Mimus saturninus,Aves
3593,Mimus thenca,Mimus thenca,Aves
3594,Mimus triurus,Mimus triurus,Aves
3595,Minla ignotincta,Minla ignotincta,Aves
3596,Mino dumontii,Mino dumontii,Aves
3597,Mino kreffti,Mino kreffti,Aves
3598,Miogryllus saussurei,,
3599,Mionectes macconnelli,Mionectes macconnelli,Aves
3600,Mionectes oleagineus,Mionectes oleagineus,Aves
3601,Mionectes olivaceus,Mionectes olivaceus,Aves
3602,Mionectes rufiventris,Mionectes rufiventris,Aves
3603,Mionectes striaticollis,Mionectes striaticollis,Aves
3604,Mirafra affinis,Plocealauda affinis,Aves
3605,Mirafra africana,Corypha africana,Aves
3606,Mirafra apiata,Corypha apiata,Aves
3607,Mirafra assamica,Plocealauda erythrocephala,Aves
3608,Mirafra cantillans,,
3609,Mirafra cheniana,Mirafra cheniana,Aves
3610,Mirafra erythrocephala,Plocealauda erythrocephala,Aves
3611,Mirafra erythroptera,Plocealauda erythroptera,Aves
3612,Mirafra fasciolata,Corypha fasciolata,Aves
3613,Mirafra javanica,Mirafra javanica,Aves
3614,Mirafra passerina,Mirafra passerina,Aves
3615,Mirafra rufocinnamomea,Amirafra rufocinnamomea,Aves
3616,Mitrephanes phaeocercus,Mitrephanes phaeocercus,Aves
3617,Mitrospingus cassinii,Mitrospingus cassinii,Aves
3618,Mitrospingus oleagineus,Mitrospingus oleagineus,Aves
3619,Mitu salvini,Mitu salvini,Aves
3620,Mitu tomentosum,Mitu tomentosum,Aves
3621,Mitu tuberosum,Mitu tuberosum,Aves
3622,Mixornis bornensis,Mixornis bornensis,Aves
3623,Mixornis flavicollis,Mixornis flavicollis,Aves
3624,Mixornis gularis,Mixornis gularis,Aves
3625,Mixornis kelleyi,Mixornis kelleyi,Aves
3626,Mniotilta varia,Mniotilta varia,Aves
3627,Modulatrix stictigula,Modulatrix stictigula,Aves
3628,Mohoua albicilla,Mohoua albicilla,Aves
3629,Mohoua novaeseelandiae,Mohoua novaeseelandiae,Aves
3630,Mohoua ochrocephala,Mohoua ochrocephala,Aves
3631,Molothrus aeneus,Molothrus aeneus,Aves
3632,Molothrus ater,Molothrus ater,Aves
3633,Molothrus bonariensis,Molothrus bonariensis,Aves
3634,Molothrus oryzivorus,Molothrus oryzivorus,Aves
3635,Molothrus rufoaxillaris,Molothrus rufoaxillaris,Aves
3636,Momotus aequatorialis,Momotus aequatorialis,Aves
3637,Momotus coeruliceps,Momotus coeruliceps,Aves
3638,Momotus lessonii,Momotus lessonii,Aves
3639,Momotus mexicanus,Momotus mexicanus,Aves
3640,Momotus momota,Momotus momota,Aves
3641,Momotus subrufescens,Momotus subrufescens,Aves
3642,Monarcha castaneiventris,Monarcha castaneiventris,Aves
3643,Monarcha frater,Monarcha frater,Aves
3644,Monarcha melanopsis,Monarcha melanopsis,Aves
3645,Monarcha richardsii,Monarcha richardsii,Aves
3646,Monasa atra,Monasa atra,Aves
3647,Monasa flavirostris,Monasa flavirostris,Aves
3648,Monasa morphoeus,Monasa morphoeus,Aves
3649,Monasa nigrifrons,Monasa nigrifrons,Aves
3650,Montecincla fairbanki,Montecincla fairbanki,Aves
3651,Monticola cinclorhyncha,Monticola cinclorhyncha,Aves
3652,Monticola gularis,Monticola gularis,Aves
3653,Monticola rufiventris,Monticola rufiventris,Aves
3654,Monticola rupestris,Monticola rupestris,Aves
3655,Monticola saxatilis,Monticola saxatilis,Aves
3656,Monticola sharpei,Monticola sharpei,Aves
3657,Monticola solitarius,Monticola solitarius,Aves
3658,Montifringilla blanfordi,Pyrgilauda blanfordi,Aves
3659,Montifringilla nivalis,Montifringilla nivalis,Aves
3660,Montifringilla taczanowskii,Onychostruthus taczanowskii,Aves
3661,Morococcyx erythropygus,Morococcyx erythropygus,Aves
3662,Morphnarchus princeps,Morphnarchus princeps,Aves
3663,Morphnus guianensis,Morphnus guianensis,Aves
3664,Morus bassanus,Morus bassanus,Aves
3665,Motacilla aguimp,Motacilla aguimp,Aves
3666,Motacilla alba,Motacilla alba,Aves
3667,Motacilla capensis,Motacilla capensis,Aves
3668,Motacilla cinerea,Motacilla cinerea,Aves
3669,Motacilla citreola,Motacilla citreola,Aves
3670,Motacilla clara,Motacilla clara,Aves
3671,Motacilla flava,Motacilla flava,Aves
3672,Motacilla flaviventris,Motacilla flaviventris,Aves
3673,Motacilla grandis,Motacilla grandis,Aves
3674,Motacilla maderaspatensis,Motacilla maderaspatensis,Aves
3675,Motacilla tschutschensis,Motacilla tschutschensis,Aves
3676,Mulleripicus fulvus,Mulleripicus fulvus,Aves
3677,Mulleripicus pulverulentus,Mulleripicus pulverulentus,Aves
3678,Muscicapa adusta,Muscicapa adusta,Aves
3679,Muscicapa aquatica,Muscicapa aquatica,Aves
3680,Muscicapa dauurica,Muscicapa dauurica,Aves
3681,Muscicapa ferruginea,Muscicapa ferruginea,Aves
3682,Muscicapa griseisticta,Muscicapa griseisticta,Aves
3683,Muscicapa muttui,Muscicapa muttui,Aves
3684,Muscicapa sibirica,Muscicapa sibirica,Aves
3685,Muscicapa striata,Muscicapa striata,Aves
3686,Muscicapa williamsoni,Muscicapa williamsoni,Aves
3687,Muscigralla brevicauda,Muscigralla brevicauda,Aves
3688,Muscipipra vetula,Muscipipra vetula,Aves
3689,Muscisaxicola albilora,Muscisaxicola albilora,Aves
3690,Muscisaxicola maculirostris,Muscisaxicola maculirostris,Aves
3691,Musophaga rossae,Tauraco rossae,Aves
3692,Mustelirallus albicollis,Mustelirallus albicollis,Aves
3693,Mustelirallus erythrops,Mustelirallus erythrops,Aves
3694,Myadestes coloratus,Myadestes coloratus,Aves
3695,Myadestes elisabeth,Myadestes elisabeth,Aves
3696,Myadestes genibarbis,Myadestes genibarbis,Aves
3697,Myadestes melanops,Myadestes melanops,Aves
3698,Myadestes obscurus,Myadestes obscurus,Aves
3699,Myadestes occidentalis,Myadestes occidentalis,Aves
3700,Myadestes palmeri,Myadestes palmeri,Aves
3701,Myadestes ralloides,Myadestes ralloides,Aves
3702,Myadestes townsendi,Myadestes townsendi,Aves
3703,Myadestes unicolor,Myadestes unicolor,Aves
3704,Mycerobas affinis,Mycerobas affinis,Aves
3705,Mycerobas carnipes,Mycerobas carnipes,Aves
3706,Mycerobas icterioides,Mycerobas icterioides,Aves
3707,Mycteria americana,Mycteria americana,Aves
3708,Mycteria leucocephala,Mycteria leucocephala,Aves
3709,Myiagra alecto,Myiagra alecto,Aves
3710,Myiagra caledonica,Myiagra caledonica,Aves
3711,Myiagra cyanoleuca,Myiagra cyanoleuca,Aves
3712,Myiagra ferrocyanea,Myiagra ferrocyanea,Aves
3713,Myiagra galeata,Myiagra galeata,Aves
3714,Myiagra inquieta,Myiagra inquieta,Aves
3715,Myiagra nana,Myiagra nana,Aves
3716,Myiagra rubecula,Myiagra rubecula,Aves
3717,Myiagra ruficollis,Myiagra ruficollis,Aves
3718,Myiagra vanikorensis,Myiagra vanikorensis,Aves
3719,Myiarchus antillarum,Myiarchus antillarum,Aves
3720,Myiarchus apicalis,Myiarchus apicalis,Aves
3721,Myiarchus barbirostris,Myiarchus barbirostris,Aves
3722,Myiarchus cephalotes,Myiarchus cephalotes,Aves
3723,Myiarchus cinerascens,Myiarchus cinerascens,Aves
3724,Myiarchus crinitus,Myiarchus crinitus,Aves
3725,Myiarchus ferox,Myiarchus ferox,Aves
3726,Myiarchus nuttingi,Myiarchus nuttingi,Aves
3727,Myiarchus panamensis,Myiarchus panamensis,Aves
3728,Myiarchus phaeocephalus,Myiarchus phaeocephalus,Aves
3729,Myiarchus sagrae,Myiarchus sagrae,Aves
3730,Myiarchus stolidus,Myiarchus stolidus,Aves
3731,Myiarchus swainsoni,Myiarchus swainsoni,Aves
3732,Myiarchus tuberculifer,Myiarchus tuberculifer,Aves
3733,Myiarchus tyrannulus,Myiarchus tyrannulus,Aves
3734,Myiarchus venezuelensis,Myiarchus venezuelensis,Aves
3735,Myiarchus yucatanensis,Myiarchus yucatanensis,Aves
3736,Myiobius atricaudus,Myiobius atricaudus,Aves
3737,Myiobius barbatus,Myiobius barbatus,Aves
3738,Myiobius sulphureipygius,Myiobius sulphureipygius,Aves
3739,Myioborus albifrons,Myioborus albifrons,Aves
3740,Myioborus brunniceps,Myioborus brunniceps,Aves
3741,Myioborus castaneocapilla,Myioborus castaneocapilla,Aves
3742,Myioborus flavivertex,Myioborus flavivertex,Aves
3743,Myioborus melanocephalus,Myioborus melanocephalus,Aves
3744,Myioborus miniatus,Myioborus miniatus,Aves
3745,Myioborus ornatus,Myioborus ornatus,Aves
3746,Myioborus pictus,Myioborus pictus,Aves
3747,Myioborus torquatus,Myioborus torquatus,Aves
3748,Myiodynastes bairdii,Myiodynastes bairdii,Aves
3749,Myiodynastes chrysocephalus,Myiodynastes chrysocephalus,Aves
3750,Myiodynastes hemichrysus,Myiodynastes hemichrysus,Aves
3751,Myiodynastes luteiventris,Myiodynastes luteiventris,Aves
3752,Myiodynastes maculatus,Myiodynastes maculatus,Aves
3753,Myiomela leucura,Myiomela leucura,Aves
3754,Myiopagis caniceps,Myiopagis caniceps,Aves
3755,Myiopagis flavivertex,Myiopagis flavivertex,Aves
3756,Myiopagis gaimardii,Myiopagis gaimardii,Aves
3757,Myiopagis olallai,Myiopagis olallai,Aves
3758,Myiopagis subplacens,Myiopagis subplacens,Aves
3759,Myiopagis viridicata,Myiopagis viridicata,Aves
3760,Myiophobus cryptoxanthus,Myiophobus cryptoxanthus,Aves
3761,Myiophobus fasciatus,Myiophobus fasciatus,Aves
3762,Myiophobus flavicans,Myiophobus flavicans,Aves
3763,Myiophobus phoenicomitra,Myiophobus phoenicomitra,Aves
3764,Myiopsitta monachus,Myiopsitta monachus,Aves
3765,Myiornis albiventris,Myiornis albiventris,Aves
3766,Myiornis atricapillus,Myiornis atricapillus,Aves
3767,Myiornis auricularis,Myiornis auricularis,Aves
3768,Myiornis ecaudatus,Myiornis ecaudatus,Aves
3769,Myiotheretes fumigatus,Myiotheretes fumigatus,Aves
3770,Myiotheretes fuscorufus,Myiotheretes fuscorufus,Aves
3771,Myiotheretes pernix,Myiotheretes pernix,Aves
3772,Myiotheretes striaticollis,Myiotheretes striaticollis,Aves
3773,Myiothlypis basilica,Myiothlypis basilica,Aves
3774,Myiothlypis bivittata,Myiothlypis bivittata,Aves
3775,Myiothlypis chrysogaster,Myiothlypis chrysogaster,Aves
3776,Myiothlypis cinereicollis,Myiothlypis cinereicollis,Aves
3777,Myiothlypis conspicillata,Myiothlypis conspicillata,Aves
3778,Myiothlypis coronata,Myiothlypis coronata,Aves
3779,Myiothlypis flaveola,Myiothlypis flaveola,Aves
3780,Myiothlypis fraseri,Myiothlypis fraseri,Aves
3781,Myiothlypis fulvicauda,Myiothlypis fulvicauda,Aves
3782,Myiothlypis leucoblephara,Myiothlypis leucoblephara,Aves
3783,Myiothlypis leucophrys,Myiothlypis leucophrys,Aves
3784,Myiothlypis luteoviridis,Myiothlypis luteoviridis,Aves
3785,Myiothlypis nigrocristata,Myiothlypis nigrocristata,Aves
3786,Myiothlypis rivularis,Myiothlypis rivularis,Aves
3787,Myiothlypis signata,Myiothlypis signata,Aves
3788,Myiotriccus ornatus,Myiotriccus ornatus,Aves
3789,Myiozetetes cayanensis,Myiozetetes cayanensis,Aves
3790,Myiozetetes granadensis,Myiozetetes granadensis,Aves
3791,Myiozetetes luteiventris,Myiozetetes luteiventris,Aves
3792,Myiozetetes similis,Myiozetetes similis,Aves
3793,Myophonus caeruleus,Myophonus caeruleus,Aves
3794,Myophonus horsfieldii,Myophonus horsfieldii,Aves
3795,Myophonus insularis,Myophonus insularis,Aves
3796,Myophonus melanurus,Myophonus melanurus,Aves
3797,Myornis senilis,Myornis senilis,Aves
3798,Myrmeciza longipes,Myrmeciza longipes,Aves
3799,Myrmecocichla aethiops,Myrmecocichla aethiops,Aves
3800,Myrmecocichla arnotti,Myrmecocichla arnotti,Aves
3801,Myrmecocichla formicivora,Myrmecocichla formicivora,Aves
3802,Myrmecocichla monticola,Myrmecocichla monticola,Aves
3803,Myrmecocichla nigra,Myrmecocichla nigra,Aves
3804,Myrmelastes humaythae,Myrmelastes humaythae,Aves
3805,Myrmelastes hyperythrus,Myrmelastes hyperythrus,Aves
3806,Myrmelastes leucostigma,Myrmelastes leucostigma,Aves
3807,Myrmelastes rufifacies,Myrmelastes rufifacies,Aves
3808,Myrmelastes schistaceus,Myrmelastes schistaceus,Aves
3809,Myrmoborus leucophrys,Myrmoborus leucophrys,Aves
3810,Myrmoborus lophotes,Myrmoborus lophotes,Aves
3811,Myrmoborus lugubris,Myrmoborus lugubris,Aves
3812,Myrmoborus melanurus,Myrmoborus melanurus,Aves
3813,Myrmoborus myotherinus,Myrmoborus myotherinus,Aves
3814,Myrmochanes hemileucus,Myrmochanes hemileucus,Aves
3815,Myrmoderus ferrugineus,Myrmoderus ferrugineus,Aves
3816,Myrmoderus loricatus,Myrmoderus loricatus,Aves
3817,Myrmoderus ruficauda,Myrmoderus ruficauda,Aves
3818,Myrmoderus squamosus,Myrmoderus squamosus,Aves
3819,Myrmophylax atrothorax,Myrmophylax atrothorax,Aves
3820,Myrmorchilus strigilatus,Myrmorchilus strigilatus,Aves
3821,Myrmornis torquata,Myrmornis torquata,Aves
3822,Myrmothera berlepschi,Myrmothera berlepschi,Aves
3823,Myrmothera campanisona,Myrmothera campanisona,Aves
3824,Myrmothera dives,Myrmothera dives,Aves
3825,Myrmothera fulviventris,Myrmothera fulviventris,Aves
3826,Myrmothera simplex,Myrmothera simplex,Aves
3827,Myrmothera subcanescens,Myrmothera subcanescens,Aves
3828,Myrmotherula ambigua,Myrmotherula ambigua,Aves
3829,Myrmotherula assimilis,Myrmotherula assimilis,Aves
3830,Myrmotherula axillaris,Myrmotherula axillaris,Aves
3831,Myrmotherula brachyura,Myrmotherula brachyura,Aves
3832,Myrmotherula cherriei,Myrmotherula cherriei,Aves
3833,Myrmotherula ignota,Myrmotherula ignota,Aves
3834,Myrmotherula iheringi,Myrmotherula iheringi,Aves
3835,Myrmotherula klagesi,Myrmotherula klagesi,Aves
3836,Myrmotherula longicauda,Myrmotherula longicauda,Aves
3837,Myrmotherula longipennis,Myrmotherula longipennis,Aves
3838,Myrmotherula menetriesii,Myrmotherula menetriesii,Aves
3839,Myrmotherula minor,Myrmotherula minor,Aves
3840,Myrmotherula multostriata,Myrmotherula multostriata,Aves
3841,Myrmotherula pacifica,Myrmotherula pacifica,Aves
3842,Myrmotherula schisticolor,Myrmotherula schisticolor,Aves
3843,Myrmotherula sclateri,Myrmotherula sclateri,Aves
3844,Myrmotherula surinamensis,Myrmotherula surinamensis,Aves
3845,Myrmotherula unicolor,Myrmotherula unicolor,Aves
3846,Myrmotherula urosticta,Myrmotherula urosticta,Aves
3847,Myrtis fanny,Myrtis fanny,Aves
3848,Mystacornis crossleyi,Mystacornis crossleyi,Aves
3849,Myza sarasinorum,Myza sarasinorum,Aves
3850,Myzomela cardinalis,Myzomela cardinalis,Aves
3851,Myzomela erythrocephala,Myzomela erythrocephala,Aves
3852,Myzomela obscura,Myzomela obscura,Aves
3853,Myzomela rosenbergii,Myzomela rosenbergii,Aves
3854,Myzomela rubratra,Myzomela rubratra,Aves
3855,Myzomela sanguinolenta,Myzomela sanguinolenta,Aves
3856,Nannopsittaca panychlora,Nannopsittaca panychlora,Aves
3857,Nannopterum auritum,Nannopterum auritum,Aves
3858,Nannopterum brasilianum,Nannopterum brasilianum,Aves
3859,Napothera danjoui,Napothera danjoui,Aves
3860,Napothera epilepidota,Napothera epilepidota,Aves
3861,Napothera malacoptila,Napothera malacoptila,Aves
3862,Nasica longirostris,Nasica longirostris,Aves
3863,Nectarinia famosa,Nectarinia famosa,Aves
3864,Nectarinia kilimensis,Nectarinia kilimensis,Aves
3865,Nemosia pileata,Nemosia pileata,Aves
3866,Nengetus cinereus,Nengetus cinereus,Aves
3867,Neochmia phaeton,Neochmia phaeton,Aves
3868,Neochmia temporalis,Neochmia temporalis,Aves
3869,Neoconocephalus bivocatus,,
3870,Neoconocephalus ensiger,Neoconocephalus ensiger,Aves
3871,Neoconocephalus retusus,Neoconocephalus retusus,Aves
3872,Neoconocephalus robustus,Neoconocephalus robustus,Aves
3873,Neocossyphus finschi,Stizorhina finschi,Aves
3874,Neocossyphus fraseri,Stizorhina fraseri,Aves
3875,Neocossyphus poensis,Neocossyphus poensis,Aves
3876,Neocossyphus rufus,Neocossyphus rufus,Aves
3877,Neoctantes niger,Neoctantes niger,Aves
3878,Neomixis striatigula,Neomixis striatigula,Aves
3879,Neomixis tenella,Neomixis tenella,Aves
3880,Neomorphus geoffroyi,Neomorphus geoffroyi,Aves
3881,Neomorphus rufipennis,Neomorphus rufipennis,Aves
3882,Neonemobius cubensis,,
3883,Neopelma aurifrons,Neopelma aurifrons,Aves
3884,Neopelma chrysocephalum,Neopelma chrysocephalum,Aves
3885,Neopelma chrysolophum,Neopelma chrysolophum,Aves
3886,Neopelma pallescens,Neopelma pallescens,Aves
3887,Neopelma sulphureiventer,Neopelma sulphureiventer,Aves
3888,Neophema pulchella,Neophema pulchella,Aves
3889,Neopipo cinnamomea,Neopipo cinnamomea,Aves
3890,Neothraupis fasciata,Neothraupis fasciata,Aves
3891,Nephelomyias lintoni,Nephelomyias lintoni,Aves
3892,Nephelomyias pulcher,Nephelomyias pulcher,Aves
3893,Nesillas lantzii,Nesillas lantzii,Aves
3894,Nesillas typica,Nesillas typica,Aves
3895,Nesoenas mayeri,Nesoenas mayeri,Aves
3896,Nesoptilotis flavicollis,Nesoptilotis flavicollis,Aves
3897,Nesoptilotis leucotis,Nesoptilotis leucotis,Aves
3898,Nesospingus speculiferus,Nesospingus speculiferus,Aves
3899,Nestor meridionalis,Nestor meridionalis,Aves
3900,Netta rufina,Netta rufina,Aves
3901,Nettapus coromandelianus,Nettapus coromandelianus,Aves
3902,Newtonia amphichroa,Newtonia amphichroa,Aves
3903,Newtonia archboldi,Newtonia archboldi,Aves
3904,Newtonia brunneicauda,Newtonia brunneicauda,Aves
3905,Nicator chloris,Nicator chloris,Aves
3906,Nicator gularis,Nicator gularis,Aves
3907,Nicator vireo,Nicator vireo,Aves
3908,Nigrita canicapillus,Nigrita canicapillus,Aves
3909,Nilaus afer,Nilaus afer,Aves
3910,Niltava grandis,Niltava grandis,Aves
3911,Niltava macgrigoriae,Niltava macgrigoriae,Aves
3912,Niltava sundara,Niltava sundara,Aves
3913,Niltava vivida,Niltava vivida,Aves
3914,Ninox boobook,Ninox boobook,Aves
3915,Ninox connivens,Ninox connivens,Aves
3916,Ninox ios,Ninox ios,Aves
3917,Ninox japonica,Ninox japonica,Aves
3918,Ninox novaeseelandiae,Ninox novaeseelandiae,Aves
3919,Ninox obscura,Ninox obscura,Aves
3920,Ninox philippensis,Ninox philippensis,Aves
3921,Ninox scutulata,Ninox scutulata,Aves
3922,Ninox strenua,Ninox strenua,Aves
3923,Ninox theomacha,Ninox theomacha,Aves
3924,Nisaetus cirrhatus,Nisaetus cirrhatus,Aves
3925,Nisaetus nanus,Nisaetus nanus,Aves
3926,Nisaetus nipalensis,Nisaetus nipalensis,Aves
3927,Noise,,
3928,Nonnula brunnea,Nonnula brunnea,Aves
3929,Nonnula frontalis,Nonnula frontalis,Aves
3930,Nonnula rubecula,Nonnula rubecula,Aves
3931,Nonnula ruficapilla,Nonnula ruficapilla,Aves
3932,Northiella haematogaster,Northiella haematogaster,Aves
3933,Notharchus hyperrhynchus,Notharchus hyperrhynchus,Aves
3934,Notharchus macrorhynchos,Notharchus macrorhynchos,Aves
3935,Notharchus ordii,Notharchus ordii,Aves
3936,Notharchus pectoralis,Notharchus pectoralis,Aves
3937,Notharchus swainsoni,Notharchus swainsoni,Aves
3938,Notharchus tectus,Notharchus tectus,Aves
3939,Nothocercus bonapartei,Nothocercus bonapartei,Aves
3940,Nothocercus julius,Nothocercus julius,Aves
3941,Nothocercus nigrocapillus,Nothocercus nigrocapillus,Aves
3942,Nothocrax urumutum,Nothocrax urumutum,Aves
3943,Nothoprocta cinerascens,Nothoprocta cinerascens,Aves
3944,Nothoprocta ornata,Nothoprocta ornata,Aves
3945,Nothoprocta pentlandii,Nothoprocta pentlandii,Aves
3946,Nothoprocta perdicaria,Nothoprocta perdicaria,Aves
3947,Nothura boraquira,Nothura boraquira,Aves
3948,Nothura darwinii,Nothura darwinii,Aves
3949,Nothura maculosa,Nothura maculosa,Aves
3950,Notiomystis cincta,Notiomystis cincta,Aves
3951,Notopholia corusca,Notopholia corusca,Aves
3952,Nucifraga caryocatactes,Nucifraga caryocatactes,Aves
3953,Nucifraga columbiana,Nucifraga columbiana,Aves
3954,Numenius americanus,Numenius americanus,Aves
3955,Numenius arquata,Numenius arquata,Aves
3956,Numenius madagascariensis,Numenius madagascariensis,Aves
3957,Numenius minutus,Numenius minutus,Aves
3958,Numenius phaeopus,Numenius phaeopus,Aves
3959,Numenius tahitiensis,Numenius tahitiensis,Aves
3960,Numida meleagris,Numida meleagris,Aves
3961,Nyctanassa violacea,Nyctanassa violacea,Aves
3962,Nyctibius aethereus,Nyctibius aethereus,Aves
3963,Nyctibius bracteatus,Phyllaemulor bracteatus,Aves
3964,Nyctibius grandis,Nyctibius grandis,Aves
3965,Nyctibius griseus,Nyctibius griseus,Aves
3966,Nyctibius jamaicensis,Nyctibius jamaicensis,Aves
3967,Nyctibius leucopterus,Nyctibius leucopterus,Aves
3968,Nycticorax nycticorax,Nycticorax nycticorax,Aves
3969,Nyctidromus albicollis,Nyctidromus albicollis,Aves
3970,Nyctidromus anthonyi,Nyctidromus anthonyi,Aves
3971,Nyctiphrynus mcleodii,Nyctiphrynus mcleodii,Aves
3972,Nyctiphrynus ocellatus,Nyctiphrynus ocellatus,Aves
3973,Nyctiphrynus rosenbergi,Nyctiphrynus rosenbergi,Aves
3974,Nyctiphrynus yucatanicus,Nyctiphrynus yucatanicus,Aves
3975,Nyctipolus nigrescens,Nyctipolus nigrescens,Aves
3976,Nyctiprogne leucopyga,Nyctiprogne leucopyga,Aves
3977,Nyctyornis amictus,Nyctyornis amictus,Aves
3978,Nyctyornis athertoni,Nyctyornis athertoni,Aves
3979,Nymphicus hollandicus,Nymphicus hollandicus,Aves
3980,Nystalus chacuru,Nystalus chacuru,Aves
3981,Nystalus maculatus,Nystalus maculatus,Aves
3982,Nystalus obamai,Nystalus obamai,Aves
3983,Nystalus radiatus,Nystalus radiatus,Aves
3984,Nystalus striolatus,Nystalus striolatus,Aves
3985,Ochetorhynchus andaecola,Ochetorhynchus andaecola,Aves
3986,Ochetorhynchus melanurus,Ochetorhynchus melanurus,Aves
3987,Ochetorhynchus phoenicurus,Ochetorhynchus phoenicurus,Aves
3988,Ochetorhynchus ruficaudus,Ochetorhynchus ruficaudus,Aves
3989,Ochthoeca cinnamomeiventris,Ochthoeca cinnamomeiventris,Aves
3990,Ochthoeca diadema,Silvicultrix diadema,Aves
3991,Ochthoeca frontalis,Silvicultrix frontalis,Aves
3992,Ochthoeca fumicolor,Ochthoeca fumicolor,Aves
3993,Ochthoeca jelskii,Silvicultrix jelskii,Aves
3994,Ochthoeca leucophrys,Ochthoeca leucophrys,Aves
3995,Ochthoeca oenanthoides,Ochthoeca oenanthoides,Aves
3996,Ochthoeca pulchella,Silvicultrix pulchella,Aves
3997,Ochthoeca rufipectoralis,Ochthoeca rufipectoralis,Aves
3998,Ochthornis littoralis,Ochthornis littoralis,Aves
3999,Ocreatus underwoodii,Ocreatus underwoodii,Aves
4000,Ocyceros birostris,Ocyceros birostris,Aves
4001,Ocyceros gingalensis,Ocyceros gingalensis,Aves
4002,Ocyceros griseus,Ocyceros griseus,Aves
4003,Ocyphaps lophotes,Ocyphaps lophotes,Aves
4004,Odocoileus virginianus,Odocoileus virginianus,Aves
4005,Odontophorus atrifrons,Odontophorus atrifrons,Aves
4006,Odontophorus balliviani,Odontophorus balliviani,Aves
4007,Odontophorus capueira,Odontophorus capueira,Aves
4008,Odontophorus columbianus,Odontophorus columbianus,Aves
4009,Odontophorus erythrops,Odontophorus erythrops,Aves
4010,Odontophorus gujanensis,Odontophorus gujanensis,Aves
4011,Odontophorus guttatus,Odontophorus guttatus,Aves
4012,Odontophorus hyperythrus,Odontophorus hyperythrus,Aves
4013,Odontophorus leucolaemus,Odontophorus leucolaemus,Aves
4014,Odontophorus melanonotus,Odontophorus melanonotus,Aves
4015,Odontophorus melanotis,Odontophorus melanotis,Aves
4016,Odontophorus speciosus,Odontophorus speciosus,Aves
4017,Odontophorus stellatus,Odontophorus stellatus,Aves
4018,Odontophorus strophium,Odontophorus strophium,Aves
4019,Odontorchilus branickii,Odontorchilus branickii,Aves
4020,Odontorchilus cinereus,Odontorchilus cinereus,Aves
4021,Oecanthus celerinictus,Oecanthus celerinictus,Aves
4022,Oecanthus exclamationis,Oecanthus exclamationis,Aves
4023,Oecanthus fultoni,Oecanthus fultoni,Aves
4024,Oecanthus nigricornis,Oecanthus nigricornis,Aves
4025,Oecanthus niveus,Oecanthus niveus,Aves
4026,Oecanthus pini,Oecanthus pini,Aves
4027,Oecanthus quadripunctatus,Oecanthus quadripunctatus,Aves
4028,Oena capensis,Oena capensis,Aves
4029,Oenanthe deserti,Oenanthe deserti,Aves
4030,Oenanthe familiaris,Oenanthe familiaris,Aves
4031,Oenanthe fusca,Oenanthe fusca,Aves
4032,Oenanthe hispanica,Oenanthe hispanica,Aves
4033,Oenanthe isabellina,Oenanthe isabellina,Aves
4034,Oenanthe leucopyga,Oenanthe leucopyga,Aves
4035,Oenanthe leucura,Oenanthe leucura,Aves
4036,Oenanthe melanoleuca,Oenanthe melanoleuca,Aves
4037,Oenanthe melanura,Oenanthe melanura,Aves
4038,Oenanthe oenanthe,Oenanthe oenanthe,Aves
4039,Oenanthe pileata,Oenanthe pileata,Aves
4040,Oenanthe pleschanka,Oenanthe pleschanka,Aves
4041,Oenanthe scotocerca,Oenanthe scotocerca,Aves
4042,Ognorhynchus icterotis,Ognorhynchus icterotis,Aves
4043,Oncostoma cinereigulare,Oncostoma cinereigulare,Aves
4044,Oncostoma olivaceum,Oncostoma olivaceum,Aves
4045,Oneillornis lunulatus,Oneillornis lunulatus,Aves
4046,Oneillornis salvini,Oneillornis salvini,Aves
4047,Onychognathus morio,Onychognathus morio,Aves
4048,Onychognathus nabouroup,Onychognathus nabouroup,Aves
4049,Onychognathus tenuirostris,Onychognathus tenuirostris,Aves
4050,Onychognathus tristramii,Onychognathus tristramii,Aves
4051,Onychognathus walleri,Onychognathus walleri,Aves
4052,Onychoprion aleuticus,Onychoprion aleuticus,Aves
4053,Onychoprion anaethetus,Onychoprion anaethetus,Aves
4054,Onychoprion fuscatus,Onychoprion fuscatus,Aves
4055,Onychoprion lunatus,Onychoprion lunatus,Aves
4056,Onychorhynchus coronatus,Onychorhynchus coronatus,Aves
4057,Opisthocomus hoazin,Opisthocomus hoazin,Aves
4058,Oporornis agilis,Oporornis agilis,Aves
4059,Orchelimum agile,Orchelimum agile,Aves
4060,Orchelimum concinnum,,
4061,Orchelimum pulchellum,Orchelimum pulchellum,Aves
4062,Orchesticus abeillei,Orchesticus abeillei,Aves
4063,Oreocharis arfaki,Oreocharis arfaki,Aves
4064,Oreoica gutturalis,Oreoica gutturalis,Aves
4065,Oreolais pulcher,Oreolais pulcher,Aves
4066,Oreolais ruwenzorii,Oreolais ruwenzorii,Aves
4067,Oreomystis bairdi,Oreomystis bairdi,Aves
4068,Oreophasis derbianus,Oreophasis derbianus,Aves
4069,Oreopholus ruficollis,Oreopholus ruficollis,Aves
4070,Oreopsar bolivianus,Oreopsar bolivianus,Aves
4071,Oreortyx pictus,Oreortyx pictus,Aves
4072,Oreoscoptes montanus,Oreoscoptes montanus,Aves
4073,Oreoscopus gutturalis,Oreoscopus gutturalis,Aves
4074,Oreothlypis gutturalis,Oreothlypis gutturalis,Aves
4075,Oreothlypis superciliosa,Oreothlypis superciliosa,Aves
4076,Oreothraupis arremonops,Oreothraupis arremonops,Aves
4077,Oreotrochilus estella,Oreotrochilus estella,Aves
4078,Oressochen jubatus,Neochen jubata,Aves
4079,Oressochen melanopterus,Chloephaga melanoptera,Aves
4080,Oriolus auratus,Oriolus auratus,Aves
4081,Oriolus brachyrynchus,Oriolus brachyrynchus,Aves
4082,Oriolus chinensis,Oriolus chinensis,Aves
4083,Oriolus chlorocephalus,Oriolus chlorocephalus,Aves
4084,Oriolus cruentus,Oriolus cruentus,Aves
4085,Oriolus flavocinctus,Oriolus flavocinctus,Aves
4086,Oriolus kundoo,Oriolus kundoo,Aves
4087,Oriolus larvatus,Oriolus larvatus,Aves
4088,Oriolus monacha,Oriolus monacha,Aves
4089,Oriolus nigripennis,Oriolus nigripennis,Aves
4090,Oriolus oriolus,Oriolus oriolus,Aves
4091,Oriolus percivali,Oriolus percivali,Aves
4092,Oriolus phaeochromus,Oriolus phaeochromus,Aves
4093,Oriolus sagittatus,Oriolus sagittatus,Aves
4094,Oriolus steerii,Oriolus steerii,Aves
4095,Oriolus szalayi,Oriolus szalayi,Aves
4096,Oriolus tenuirostris,Oriolus tenuirostris,Aves
4097,Oriolus traillii,Oriolus traillii,Aves
4098,Oriolus xanthonotus,Oriolus xanthonotus,Aves
4099,Oriolus xanthornus,Oriolus xanthornus,Aves
4100,Oriturus superciliosus,Oriturus superciliosus,Aves
4101,Ornithion brunneicapillus,Ornithion brunneicapillus,Aves
4102,Ornithion inerme,Ornithion inerme,Aves
4103,Ornithion semiflavum,Ornithion semiflavum,Aves
4104,Orocharis saltator,Orocharis saltator,Aves
4105,Orochelidon flavipes,Orochelidon flavipes,Aves
4106,Orochelidon murina,Orochelidon murina,Aves
4107,Ortalis araucuan,Ortalis araucuan,Aves
4108,Ortalis canicollis,Ortalis canicollis,Aves
4109,Ortalis cinereiceps,Ortalis cinereiceps,Aves
4110,Ortalis columbiana,Ortalis columbiana,Aves
4111,Ortalis erythroptera,Ortalis erythroptera,Aves
4112,Ortalis garrula,Ortalis garrula,Aves
4113,Ortalis guttata,Ortalis guttata,Aves
4114,Ortalis leucogastra,Ortalis leucogastra,Aves
4115,Ortalis motmot,Ortalis motmot,Aves
4116,Ortalis poliocephala,Ortalis poliocephala,Aves
4117,Ortalis ruficauda,Ortalis ruficauda,Aves
4118,Ortalis squamata,Ortalis squamata,Aves
4119,Ortalis vetula,Ortalis vetula,Aves
4120,Ortalis wagleri,Ortalis wagleri,Aves
4121,Orthogonys chloricterus,Orthogonys chloricterus,Aves
4122,Orthonyx novaeguineae,Orthonyx novaeguineae,Aves
4123,Orthonyx spaldingii,Orthonyx spaldingii,Aves
4124,Orthonyx temminckii,Orthonyx temminckii,Aves
4125,Orthopsittaca manilatus,Orthopsittaca manilatus,Aves
4126,Orthotomus atrogularis,Orthotomus atrogularis,Aves
4127,Orthotomus chaktomuk,Orthotomus chaktomuk,Aves
4128,Orthotomus chloronotus,Orthotomus chloronotus,Aves
4129,Orthotomus derbianus,Orthotomus derbianus,Aves
4130,Orthotomus frontalis,Orthotomus frontalis,Aves
4131,Orthotomus nigriceps,Orthotomus nigriceps,Aves
4132,Orthotomus ruficeps,Orthotomus ruficeps,Aves
4133,Orthotomus sepium,Orthotomus sepium,Aves
4134,Orthotomus sericeus,Orthotomus sericeus,Aves
4135,Orthotomus sutorius,Orthotomus sutorius,Aves
4136,Ortygornis pondicerianus,Ortygornis pondicerianus,Aves
4137,Ortygornis sephaena,Ortygornis sephaena,Aves
4138,Ortygospiza atricollis,Ortygospiza atricollis,Aves
4139,Otidiphaps nobilis,Otidiphaps nobilis,Aves
4140,Otocichla mupinensis,Turdus mupinensis,Aves
4141,Otus bakkamoena,Otus bakkamoena,Aves
4142,Otus cyprius,Otus cyprius,Aves
4143,Otus elegans,Otus elegans,Aves
4144,Otus lempiji,Otus lempiji,Aves
4145,Otus lettia,Otus lettia,Aves
4146,Otus madagascariensis,Otus madagascariensis,Aves
4147,Otus magicus,Otus magicus,Aves
4148,Otus manadensis,Otus manadensis,Aves
4149,Otus mantananensis,Otus mantananensis,Aves
4150,Otus pamelae,Otus pamelae,Aves
4151,Otus rufescens,Otus rufescens,Aves
4152,Otus rutilus,Otus rutilus,Aves
4153,Otus sagittatus,Otus sagittatus,Aves
4154,Otus scops,Otus scops,Aves
4155,Otus semitorques,Otus semitorques,Aves
4156,Otus senegalensis,Otus senegalensis,Aves
4157,Otus spilocephalus,Otus spilocephalus,Aves
4158,Otus sunia,Otus sunia,Aves
4159,Oxylabes madagascariensis,Oxylabes madagascariensis,Aves
4160,Oxyruncus cristatus,Oxyruncus cristatus,Aves
4161,Oxyura ferruginea,Oxyura ferruginea,Aves
4162,Oxyura jamaicensis,Oxyura jamaicensis,Aves
4163,Pachycare flavogriseum,Pachycare flavogriseum,Aves
4164,Pachycephala chlorura,Pachycephala chlorura,Aves
4165,Pachycephala cinerea,Pachycephala cinerea,Aves
4166,Pachycephala flavifrons,Pachycephala flavifrons,Aves
4167,Pachycephala fuliginosa,Pachycephala fuliginosa,Aves
4168,Pachycephala fulvotincta,,
4169,Pachycephala griseonota,Pachycephala griseonota,Aves
4170,Pachycephala homeyeri,Pachycephala homeyeri,Aves
4171,Pachycephala hypoxantha,Pachycephala hypoxantha,Aves
4172,Pachycephala inornata,Pachycephala inornata,Aves
4173,Pachycephala lanioides,Pachycephala lanioides,Aves
4174,Pachycephala macrorhyncha,Pachycephala macrorhyncha,Aves
4175,Pachycephala mentalis,Pachycephala mentalis,Aves
4176,Pachycephala nudigula,Pachycephala nudigula,Aves
4177,Pachycephala olivacea,Pachycephala olivacea,Aves
4178,Pachycephala orioloides,Pachycephala orioloides,Aves
4179,Pachycephala pectoralis,Pachycephala pectoralis,Aves
4180,Pachycephala philippinensis,Pachycephala philippinensis,Aves
4181,Pachycephala rufiventris,Pachycephala rufiventris,Aves
4182,Pachycephala schlegelii,Pachycephala schlegelii,Aves
4183,Pachycephala simplex,Pachycephala simplex,Aves
4184,Pachycephala soror,Pachycephala soror,Aves
4185,Pachycephala sulfuriventer,Pachycephala sulfuriventer,Aves
4186,Pachycephala vitiensis,Pachycephala vitiensis,Aves
4187,Pachyphantes superciliosus,Ploceus superciliosus,Aves
4188,Pachyramphus aglaiae,Pachyramphus aglaiae,Aves
4189,Pachyramphus albogriseus,Pachyramphus albogriseus,Aves
4190,Pachyramphus castaneus,Pachyramphus castaneus,Aves
4191,Pachyramphus cinnamomeus,Pachyramphus cinnamomeus,Aves
4192,Pachyramphus homochrous,Pachyramphus homochrous,Aves
4193,Pachyramphus major,Pachyramphus major,Aves
4194,Pachyramphus marginatus,Pachyramphus marginatus,Aves
4195,Pachyramphus minor,Pachyramphus minor,Aves
4196,Pachyramphus niger,Pachyramphus niger,Aves
4197,Pachyramphus polychopterus,Pachyramphus polychopterus,Aves
4198,Pachyramphus rufus,Pachyramphus rufus,Aves
4199,Pachyramphus surinamus,Pachyramphus surinamus,Aves
4200,Pachyramphus validus,Pachyramphus validus,Aves
4201,Pachyramphus versicolor,Pachyramphus versicolor,Aves
4202,Pachyramphus viridis,Pachyramphus viridis,Aves
4203,Pachysylvia aurantiifrons,Pachysylvia aurantiifrons,Aves
4204,Pachysylvia decurtata,Pachysylvia decurtata,Aves
4205,Pachysylvia hypoxantha,Pachysylvia hypoxantha,Aves
4206,Pachysylvia muscicapina,Pachysylvia muscicapina,Aves
4207,Pachysylvia semibrunnea,Pachysylvia semibrunnea,Aves
4208,Padda oryzivora,Padda oryzivora,Aves
4209,Palmeria dolei,Palmeria dolei,Aves
4210,Pampa curvipennis,Pampa curvipennis,Aves
4211,Pandion haliaetus,Pandion haliaetus,Aves
4212,Panterpe insignis,Panterpe insignis,Aves
4213,Panurus biarmicus,Panurus biarmicus,Aves
4214,Panyptila sanctihieronymi,Panyptila sanctihieronymi,Aves
4215,Parabuteo leucorrhous,Parabuteo leucorrhous,Aves
4216,Parabuteo unicinctus,Parabuteo unicinctus,Aves
4217,Paraclaravis mondetoura,Paraclaravis mondetoura,Aves
4218,Paradisaea minor,Paradisaea minor,Aves
4219,Paradisaea rubra,Paradisaea rubra,Aves
4220,Paradoxornis flavirostris,Paradoxornis flavirostris,Aves
4221,Paradoxornis guttaticollis,Paradoxornis guttaticollis,Aves
4222,Pardalotus punctatus,Pardalotus punctatus,Aves
4223,Pardalotus rubricatus,Pardalotus rubricatus,Aves
4224,Pardalotus striatus,Pardalotus striatus,Aves
4225,Pardirallus maculatus,Pardirallus maculatus,Aves
4226,Pardirallus nigricans,Pardirallus nigricans,Aves
4227,Pardirallus sanguinolentus,Pardirallus sanguinolentus,Aves
4228,Parkerthraustes humeralis,Parkerthraustes humeralis,Aves
4229,Parkesia motacilla,Parkesia motacilla,Aves
4230,Parkesia noveboracensis,Parkesia noveboracensis,Aves
4231,Paroaria capitata,Paroaria capitata,Aves
4232,Paroaria coronata,Paroaria coronata,Aves
4233,Paroaria dominicana,Paroaria dominicana,Aves
4234,Paroaria gularis,Paroaria gularis,Aves
4235,Paroreomyza montana,Paroreomyza montana,Aves
4236,Parus cinereus,Parus cinereus,Aves
4237,Parus major,Parus major,Aves
4238,Parus minor,,
4239,Parus monticolus,Parus monticolus,Aves
4240,Parvipsitta porphyrocephala,Parvipsitta porphyrocephala,Aves
4241,Parvipsitta pusilla,Parvipsitta pusilla,Aves
4242,Passer ammodendri,Passer ammodendri,Aves
4243,Passer cinnamomeus,Passer cinnamomeus,Aves
4244,Passer diffusus,Passer diffusus,Aves
4245,Passer domesticus,Passer domesticus,Aves
4246,Passer flaveolus,Passer flaveolus,Aves
4247,Passer griseus,Passer griseus,Aves
4248,Passer hispaniolensis,Passer hispaniolensis,Aves
4249,Passer italiae,Passer italiae,Aves
4250,Passer melanurus,Passer melanurus,Aves
4251,Passer moabiticus,Passer moabiticus,Aves
4252,Passer montanus,Passer montanus,Aves
4253,Passer pyrrhonotus,Passer pyrrhonotus,Aves
4254,Passer rufocinctus,Passer rufocinctus,Aves
4255,Passer simplex,Passer simplex,Aves
4256,Passer swainsonii,Passer swainsonii,Aves
4257,Passerculus sandwichensis,Passerculus sandwichensis,Aves
4258,Passerella iliaca,Passerella iliaca,Aves
4259,Passerina amoena,Passerina amoena,Aves
4260,Passerina caerulea,Passerina caerulea,Aves
4261,Passerina ciris,Passerina ciris,Aves
4262,Passerina cyanea,Passerina cyanea,Aves
4263,Passerina leclancherii,Passerina leclancherii,Aves
4264,Passerina rositae,Passerina rositae,Aves
4265,Passerina versicolor,Passerina versicolor,Aves
4266,Pastor roseus,Pastor roseus,Aves
4267,Patagioenas araucana,Patagioenas araucana,Aves
4268,Patagioenas cayennensis,Patagioenas cayennensis,Aves
4269,Patagioenas corensis,Patagioenas corensis,Aves
4270,Patagioenas fasciata,Patagioenas fasciata,Aves
4271,Patagioenas flavirostris,Patagioenas flavirostris,Aves
4272,Patagioenas goodsoni,Patagioenas goodsoni,Aves
4273,Patagioenas leucocephala,Patagioenas leucocephala,Aves
4274,Patagioenas maculosa,Patagioenas maculosa,Aves
4275,Patagioenas nigrirostris,Patagioenas nigrirostris,Aves
4276,Patagioenas picazuro,Patagioenas picazuro,Aves
4277,Patagioenas plumbea,Patagioenas plumbea,Aves
4278,Patagioenas speciosa,Patagioenas speciosa,Aves
4279,Patagioenas squamosa,Patagioenas squamosa,Aves
4280,Patagioenas subvinacea,Patagioenas subvinacea,Aves
4281,Patagona gigas,Patagona gigas,Aves
4282,Pauxi pauxi,Pauxi pauxi,Aves
4283,Pavo cristatus,Pavo cristatus,Aves
4284,Pelargopsis amauroptera,Pelargopsis amauroptera,Aves
4285,Pelargopsis capensis,Pelargopsis capensis,Aves
4286,Pelecanus conspicillatus,Pelecanus conspicillatus,Aves
4287,Pelecanus erythrorhynchos,Pelecanus erythrorhynchos,Aves
4288,Pelecanus occidentalis,Pelecanus occidentalis,Aves
4289,Pellorneum albiventre,Pellorneum albiventre,Aves
4290,Pellorneum bicolor,Pellorneum bicolor,Aves
4291,Pellorneum capistratum,Pellorneum capistratum,Aves
4292,Pellorneum celebense,Pellorneum celebense,Aves
4293,Pellorneum fuscocapillus,Pellorneum fuscocapillus,Aves
4294,Pellorneum malaccense,Pellorneum malaccense,Aves
4295,Pellorneum palustre,Pellorneum palustre,Aves
4296,Pellorneum pyrrogenys,Pellorneum pyrrogenys,Aves
4297,Pellorneum rostratum,Pellorneum rostratum,Aves
4298,Pellorneum ruficeps,Pellorneum ruficeps,Aves
4299,Pellorneum tickelli,Pellorneum tickelli,Aves
4300,Peltops montanus,Peltops montanus,Aves
4301,Penelope albipennis,Penelope albipennis,Aves
4302,Penelope argyrotis,Penelope argyrotis,Aves
4303,Penelope barbata,Penelope barbata,Aves
4304,Penelope dabbenei,Penelope dabbenei,Aves
4305,Penelope jacquacu,Penelope jacquacu,Aves
4306,Penelope marail,Penelope marail,Aves
4307,Penelope montagnii,Penelope montagnii,Aves
4308,Penelope obscura,Penelope obscura,Aves
4309,Penelope perspicax,Penelope perspicax,Aves
4310,Penelope purpurascens,Penelope purpurascens,Aves
4311,Penelope superciliaris,Penelope superciliaris,Aves
4312,Penelopides affinis,Penelopides affinis,Aves
4313,Penelopina nigra,Penelopina nigra,Aves
4314,Peneothello cyanus,Peneothello cyanus,Aves
4315,Peneothello sigillata,Peneothello sigillata,Aves
4316,Percnostola arenarum,Percnostola arenarum,Aves
4317,Percnostola rufifrons,Percnostola rufifrons,Aves
4318,Perdicula argoondah,Perdicula argoondah,Aves
4319,Perdicula asiatica,Perdicula asiatica,Aves
4320,Perdicula erythrorhyncha,Perdicula erythrorhyncha,Aves
4321,Perdix perdix,Perdix perdix,Aves
4322,Pericrocotus cantonensis,Pericrocotus cantonensis,Aves
4323,Pericrocotus cinnamomeus,Pericrocotus cinnamomeus,Aves
4324,Pericrocotus divaricatus,Pericrocotus divaricatus,Aves
4325,Pericrocotus erythropygius,Pericrocotus erythropygius,Aves
4326,Pericrocotus ethologus,Pericrocotus ethologus,Aves
4327,Pericrocotus flammeus,Pericrocotus flammeus,Aves
4328,Pericrocotus solaris,Pericrocotus solaris,Aves
4329,Pericrocotus speciosus,Pericrocotus speciosus,Aves
4330,Pericrocotus tegimae,Pericrocotus tegimae,Aves
4331,Periparus ater,Periparus ater,Aves
4332,Periparus elegans,Pardaliparus elegans,Aves
4333,Periparus rubidiventris,Periparus rubidiventris,Aves
4334,Periparus rufonuchalis,Periparus rufonuchalis,Aves
4335,Periparus venustulus,Pardaliparus venustulus,Aves
4336,Periporphyrus erythromelas,Periporphyrus erythromelas,Aves
4337,Perisoreus canadensis,Perisoreus canadensis,Aves
4338,Perisoreus infaustus,Perisoreus infaustus,Aves
4339,Perissocephalus tricolor,Perissocephalus tricolor,Aves
4340,Pernis apivorus,Pernis apivorus,Aves
4341,Pernis ptilorhynchus,Pernis ptilorhynchus,Aves
4342,Petrochelidon ariel,Petrochelidon ariel,Aves
4343,Petrochelidon fluvicola,Petrochelidon fluvicola,Aves
4344,Petrochelidon fulva,Petrochelidon fulva,Aves
4345,Petrochelidon nigricans,Petrochelidon nigricans,Aves
4346,Petrochelidon pyrrhonota,Petrochelidon pyrrhonota,Aves
4347,Petrochelidon spilodera,Petrochelidon spilodera,Aves
4348,Petroica australis,Petroica australis,Aves
4349,Petroica boodang,Petroica boodang,Aves
4350,Petroica goodenovii,Petroica goodenovii,Aves
4351,Petroica longipes,Petroica longipes,Aves
4352,Petroica macrocephala,Petroica macrocephala,Aves
4353,Petroica phoenicea,Petroica phoenicea,Aves
4354,Petroica pusilla,Petroica pusilla,Aves
4355,Petroica rodinogaster,Petroica rodinogaster,Aves
4356,Petroica rosea,Petroica rosea,Aves
4357,Petronia petronia,Petronia petronia,Aves
4358,Peucaea aestivalis,Peucaea aestivalis,Aves
4359,Peucaea botterii,Peucaea botterii,Aves
4360,Peucaea carpalis,Peucaea carpalis,Aves
4361,Peucaea cassinii,Peucaea cassinii,Aves
4362,Peucaea humeralis,Peucaea humeralis,Aves
4363,Peucaea mystacalis,Peucaea mystacalis,Aves
4364,Peucaea ruficauda,Peucaea ruficauda,Aves
4365,Peucaea sumichrasti,Peucaea sumichrasti,Aves
4366,Peucedramus taeniatus,Peucedramus taeniatus,Aves
4367,Pezopetes capitalis,Pezopetes capitalis,Aves
4368,Pezoporus wallicus,Pezoporus wallicus,Aves
4369,Phacellodomus dorsalis,Phacellodomus dorsalis,Aves
4370,Phacellodomus erythrophthalmus,Phacellodomus erythrophthalmus,Aves
4371,Phacellodomus ferrugineigula,Phacellodomus ferrugineigula,Aves
4372,Phacellodomus maculipectus,Phacellodomus maculipectus,Aves
4373,Phacellodomus ruber,Phacellodomus ruber,Aves
4374,Phacellodomus rufifrons,Phacellodomus rufifrons,Aves
4375,Phacellodomus sibilatrix,Phacellodomus sibilatrix,Aves
4376,Phacellodomus striaticeps,Phacellodomus striaticeps,Aves
4377,Phacellodomus striaticollis,Phacellodomus striaticollis,Aves
4378,Phaenicophaeus sumatranus,Phaenicophaeus sumatranus,Aves
4379,Phaenicophaeus tristis,Phaenicophaeus tristis,Aves
4380,Phaenicophaeus viridirostris,Phaenicophaeus viridirostris,Aves
4381,Phaenicophilus palmarum,Phaenicophilus palmarum,Aves
4382,Phaenostictus mcleannani,Phaenostictus mcleannani,Aves
4383,Phaeochroa cuvierii,Phaeochroa cuvierii,Aves
4384,Phaeomyias murina,Nesotriccus murinus,Aves
4385,Phaethon aethereus,Phaethon aethereus,Aves
4386,Phaethon lepturus,Phaethon lepturus,Aves
4387,Phaethon rubricauda,Phaethon rubricauda,Aves
4388,Phaethornis atrimentalis,Phaethornis atrimentalis,Aves
4389,Phaethornis bourcieri,Phaethornis bourcieri,Aves
4390,Phaethornis eurynome,Phaethornis eurynome,Aves
4391,Phaethornis griseogularis,Phaethornis griseogularis,Aves
4392,Phaethornis guy,Phaethornis guy,Aves
4393,Phaethornis hispidus,Phaethornis hispidus,Aves
4394,Phaethornis longirostris,Phaethornis longirostris,Aves
4395,Phaethornis longuemareus,Phaethornis longuemareus,Aves
4396,Phaethornis malaris,Phaethornis malaris,Aves
4397,Phaethornis nattereri,Phaethornis nattereri,Aves
4398,Phaethornis pretrei,Phaethornis pretrei,Aves
4399,Phaethornis ruber,Phaethornis ruber,Aves
4400,Phaethornis rupurumii,Phaethornis rupurumii,Aves
4401,Phaethornis squalidus,Phaethornis squalidus,Aves
4402,Phaethornis striigularis,Phaethornis striigularis,Aves
4403,Phaethornis superciliosus,Phaethornis superciliosus,Aves
4404,Phaethornis syrmatophorus,Phaethornis syrmatophorus,Aves
4405,Phaethornis yaruqui,Phaethornis yaruqui,Aves
4406,Phaetusa simplex,Phaetusa simplex,Aves
4407,Phainopepla nitens,Phainopepla nitens,Aves
4408,Phalacrocorax carbo,Phalacrocorax carbo,Aves
4409,Phalaenoptilus nuttallii,Phalaenoptilus nuttallii,Aves
4410,Phalaropus fulicarius,Phalaropus fulicarius,Aves
4411,Phalaropus lobatus,Phalaropus lobatus,Aves
4412,Phalaropus tricolor,Phalaropus tricolor,Aves
4413,Phapitreron amethystinus,Phapitreron amethystinus,Aves
4414,Phapitreron leucotis,Phapitreron leucotis,Aves
4415,Phaps chalcoptera,Phaps chalcoptera,Aves
4416,Phaps elegans,Phaps elegans,Aves
4417,Pharomachrus antisianus,Pharomachrus antisianus,Aves
4418,Pharomachrus auriceps,Pharomachrus auriceps,Aves
4419,Pharomachrus fulgidus,Pharomachrus fulgidus,Aves
4420,Pharomachrus mocinno,Pharomachrus mocinno,Aves
4421,Pharomachrus pavoninus,Pharomachrus pavoninus,Aves
4422,Phasianus colchicus,Phasianus colchicus,Aves
4423,Phedina borbonica,Phedina borbonica,Aves
4424,Phegornis mitchellii,Phegornis mitchellii,Aves
4425,Phelpsia inornata,Phelpsia inornata,Aves
4426,Pheucticus aureoventris,Pheucticus aureoventris,Aves
4427,Pheucticus chrysogaster,Pheucticus chrysogaster,Aves
4428,Pheucticus chrysopeplus,Pheucticus chrysopeplus,Aves
4429,Pheucticus ludovicianus,Pheucticus ludovicianus,Aves
4430,Pheucticus melanocephalus,Pheucticus melanocephalus,Aves
4431,Pheucticus tibialis,Pheucticus tibialis,Aves
4432,Pheugopedius atrogularis,Pheugopedius atrogularis,Aves
4433,Pheugopedius coraya,Pheugopedius coraya,Aves
4434,Pheugopedius eisenmanni,Pheugopedius eisenmanni,Aves
4435,Pheugopedius euophrys,Pheugopedius euophrys,Aves
4436,Pheugopedius fasciatoventris,Pheugopedius fasciatoventris,Aves
4437,Pheugopedius felix,Pheugopedius felix,Aves
4438,Pheugopedius genibarbis,Pheugopedius genibarbis,Aves
4439,Pheugopedius maculipectus,Pheugopedius maculipectus,Aves
4440,Pheugopedius mystacalis,Pheugopedius mystacalis,Aves
4441,Pheugopedius rutilus,Pheugopedius rutilus,Aves
4442,Pheugopedius sclateri,Pheugopedius sclateri,Aves
4443,Pheugopedius spadix,Pheugopedius spadix,Aves
4444,Philemon buceroides,Philemon buceroides,Aves
4445,Philemon citreogularis,Philemon citreogularis,Aves
4446,Philemon corniculatus,Philemon corniculatus,Aves
4447,Philentoma pyrhoptera,Philentoma pyrhoptera,Aves
4448,Philentoma velata,Philentoma velata,Aves
4449,Philepitta schlegeli,Philepitta schlegeli,Aves
4450,Philesturnus rufusater,Philesturnus rufusater,Aves
4451,Philetairus socius,Philetairus socius,Aves
4452,Philortyx fasciatus,Philortyx fasciatus,Aves
4453,Philydor atricapillus,Philydor atricapillus,Aves
4454,Philydor erythrocercum,Neophilydor erythrocercum,Aves
4455,Philydor fuscipenne,Neophilydor fuscipenne,Aves
4456,Philydor pyrrhodes,Philydor pyrrhodes,Aves
4457,Phimosus infuscatus,Phimosus infuscatus,Aves
4458,Phlegopsis erythroptera,Phlegopsis erythroptera,Aves
4459,Phlegopsis nigromaculata,Phlegopsis nigromaculata,Aves
4460,Phleocryptes melanops,Phleocryptes melanops,Aves
4461,Phlogophilus hemileucurus,Phlogophilus hemileucurus,Aves
4462,Phodilus assimilis,Phodilus assimilis,Aves
4463,Phodilus badius,Phodilus badius,Aves
4464,Phoebastria immutabilis,Phoebastria immutabilis,Aves
4465,Phoebastria nigripes,Phoebastria nigripes,Aves
4466,Phoenicircus carnifex,Phoenicircus carnifex,Aves
4467,Phoenicircus nigricollis,Phoenicircus nigricollis,Aves
4468,Phoeniconaias minor,Phoeniconaias minor,Aves
4469,Phoenicoparrus andinus,Phoenicoparrus andinus,Aves
4470,Phoenicoparrus jamesi,Phoenicoparrus jamesi,Aves
4471,Phoenicopterus chilensis,Phoenicopterus chilensis,Aves
4472,Phoenicopterus roseus,Phoenicopterus roseus,Aves
4473,Phoenicopterus ruber,Phoenicopterus ruber,Aves
4474,Phoeniculus bollei,Phoeniculus bollei,Aves
4475,Phoeniculus purpureus,Phoeniculus purpureus,Aves
4476,Phoenicurus auroreus,Phoenicurus auroreus,Aves
4477,Phoenicurus frontalis,Phoenicurus frontalis,Aves
4478,Phoenicurus fuliginosus,Phoenicurus fuliginosus,Aves
4479,Phoenicurus hodgsoni,Phoenicurus hodgsoni,Aves
4480,Phoenicurus leucocephalus,Phoenicurus leucocephalus,Aves
4481,Phoenicurus moussieri,Phoenicurus moussieri,Aves
4482,Phoenicurus ochruros,Phoenicurus ochruros,Aves
4483,Phoenicurus phoenicurus,Phoenicurus phoenicurus,Aves
4484,Pholia sharpii,Pholia sharpii,Aves
4485,Phonygammus keraudrenii,Phonygammus keraudrenii,Aves
4486,Phragmacia substriata,Phragmacia substriata,Aves
4487,Phrygilus atriceps,Phrygilus atriceps,Aves
4488,Phrygilus gayi,Phrygilus gayi,Aves
4489,Phrygilus patagonicus,Phrygilus patagonicus,Aves
4490,Phylidonyris niger,Phylidonyris niger,Aves
4491,Phylidonyris novaehollandiae,Phylidonyris novaehollandiae,Aves
4492,Phylidonyris pyrrhopterus,Phylidonyris pyrrhopterus,Aves
4493,Phyllastrephus cabanisi,Phyllastrephus cabanisi,Aves
4494,Phyllastrephus cerviniventris,Phyllastrephus cerviniventris,Aves
4495,Phyllastrephus fischeri,Phyllastrephus fischeri,Aves
4496,Phyllastrephus flavostriatus,Phyllastrephus flavostriatus,Aves
4497,Phyllastrephus strepitans,Phyllastrephus strepitans,Aves
4498,Phyllastrephus terrestris,Phyllastrephus terrestris,Aves
4499,Phyllergates cucullatus,Phyllergates cucullatus,Aves
4500,Phyllergates heterolaemus,Phyllergates heterolaemus,Aves
4501,Phyllolais pulchella,Phyllolais pulchella,Aves
4502,Phyllomyias burmeisteri,Acrochordopus burmeisteri,Aves
4503,Phyllomyias cinereiceps,Tyranniscus cinereiceps,Aves
4504,Phyllomyias fasciatus,Phyllomyias fasciatus,Aves
4505,Phyllomyias griseiceps,Phyllomyias griseiceps,Aves
4506,Phyllomyias griseocapilla,Phyllomyias griseocapilla,Aves
4507,Phyllomyias nigrocapillus,Tyranniscus nigrocapillus,Aves
4508,Phyllomyias plumbeiceps,Phyllomyias plumbeiceps,Aves
4509,Phyllomyias sclateri,Phyllomyias sclateri,Aves
4510,Phyllomyias uropygialis,Tyranniscus uropygialis,Aves
4511,Phyllomyias virescens,Phyllomyias virescens,Aves
4512,Phyllopalpus pulchellus,Phyllopalpus pulchellus,Aves
4513,Phylloscartes ceciliae,Phylloscartes ceciliae,Aves
4514,Phylloscartes difficilis,Pogonotriccus difficilis,Aves
4515,Phylloscartes eximius,Pogonotriccus eximius,Aves
4516,Phylloscartes gualaquizae,Phylloscartes gualaquizae,Aves
4517,Phylloscartes kronei,Phylloscartes kronei,Aves
4518,Phylloscartes lanyoni,Pogonotriccus lanyoni,Aves
4519,Phylloscartes ophthalmicus,Pogonotriccus ophthalmicus,Aves
4520,Phylloscartes oustaleti,Phylloscartes oustaleti,Aves
4521,Phylloscartes parkeri,Phylloscartes parkeri,Aves
4522,Phylloscartes paulista,Pogonotriccus paulista,Aves
4523,Phylloscartes poecilotis,Pogonotriccus poecilotis,Aves
4524,Phylloscartes roquettei,Phylloscartes roquettei,Aves
4525,Phylloscartes superciliaris,Phylloscartes superciliaris,Aves
4526,Phylloscartes sylviolus,Phylloscartes sylviolus,Aves
4527,Phylloscartes ventralis,Phylloscartes ventralis,Aves
4528,Phylloscartes virescens,Phylloscartes virescens,Aves
4529,Phylloscopus affinis,Phylloscopus affinis,Aves
4530,Phylloscopus armandii,Phylloscopus armandii,Aves
4531,Phylloscopus bonelli,Phylloscopus bonelli,Aves
4532,Phylloscopus borealis,Phylloscopus borealis,Aves
4533,Phylloscopus borealoides,Phylloscopus borealoides,Aves
4534,Phylloscopus budongoensis,Phylloscopus budongoensis,Aves
4535,Phylloscopus burkii,Phylloscopus burkii,Aves
4536,Phylloscopus calciatilis,Phylloscopus calciatilis,Aves
4537,Phylloscopus cantator,Phylloscopus cantator,Aves
4538,Phylloscopus castaniceps,Phylloscopus castaniceps,Aves
4539,Phylloscopus chloronotus,Phylloscopus chloronotus,Aves
4540,Phylloscopus claudiae,Phylloscopus claudiae,Aves
4541,Phylloscopus collybita,Phylloscopus collybita,Aves
4542,Phylloscopus coronatus,Phylloscopus coronatus,Aves
4543,Phylloscopus emeiensis,Phylloscopus emeiensis,Aves
4544,Phylloscopus examinandus,Phylloscopus examinandus,Aves
4545,Phylloscopus forresti,Phylloscopus forresti,Aves
4546,Phylloscopus fuligiventer,Phylloscopus fuligiventer,Aves
4547,Phylloscopus fuscatus,Phylloscopus fuscatus,Aves
4548,Phylloscopus goodsoni,Phylloscopus goodsoni,Aves
4549,Phylloscopus grammiceps,Phylloscopus grammiceps,Aves
4550,Phylloscopus griseolus,Phylloscopus griseolus,Aves
4551,Phylloscopus humei,Phylloscopus humei,Aves
4552,Phylloscopus ibericus,Phylloscopus ibericus,Aves
4553,Phylloscopus ijimae,Phylloscopus ijimae,Aves
4554,Phylloscopus inornatus,Phylloscopus inornatus,Aves
4555,Phylloscopus intensior,Phylloscopus intensior,Aves
4556,Phylloscopus intermedius,Phylloscopus intermedius,Aves
4557,Phylloscopus kansuensis,Phylloscopus kansuensis,Aves
4558,Phylloscopus maculipennis,Phylloscopus maculipennis,Aves
4559,Phylloscopus magnirostris,Phylloscopus magnirostris,Aves
4560,Phylloscopus montis,Phylloscopus montis,Aves
4561,Phylloscopus neglectus,Phylloscopus neglectus,Aves
4562,Phylloscopus nitidus,Phylloscopus nitidus,Aves
4563,Phylloscopus occipitalis,Phylloscopus occipitalis,Aves
4564,Phylloscopus occisinensis,,
4565,Phylloscopus ogilviegranti,Phylloscopus ogilviegranti,Aves
4566,Phylloscopus olivaceus,Phylloscopus olivaceus,Aves
4567,Phylloscopus omeiensis,Phylloscopus omeiensis,Aves
4568,Phylloscopus orientalis,Phylloscopus orientalis,Aves
4569,Phylloscopus plumbeitarsus,Phylloscopus plumbeitarsus,Aves
4570,Phylloscopus poliocephalus,Phylloscopus poliocephalus,Aves
4571,Phylloscopus poliogenys,Phylloscopus poliogenys,Aves
4572,Phylloscopus proregulus,Phylloscopus proregulus,Aves
4573,Phylloscopus pulcher,Phylloscopus pulcher,Aves
4574,Phylloscopus reguloides,Phylloscopus reguloides,Aves
4575,Phylloscopus ruficapilla,Phylloscopus ruficapilla,Aves
4576,Phylloscopus sarasinorum,Phylloscopus sarasinorum,Aves
4577,Phylloscopus schwarzi,Phylloscopus schwarzi,Aves
4578,Phylloscopus sibilatrix,Phylloscopus sibilatrix,Aves
4579,Phylloscopus sindianus,Phylloscopus sindianus,Aves
4580,Phylloscopus soror,Phylloscopus soror,Aves
4581,Phylloscopus subaffinis,Phylloscopus subaffinis,Aves
4582,Phylloscopus subviridis,Phylloscopus subviridis,Aves
4583,Phylloscopus tenellipes,Phylloscopus tenellipes,Aves
4584,Phylloscopus tephrocephalus,Phylloscopus tephrocephalus,Aves
4585,Phylloscopus trivirgatus,Phylloscopus trivirgatus,Aves
4586,Phylloscopus trochiloides,Phylloscopus trochiloides,Aves
4587,Phylloscopus trochilus,Phylloscopus trochilus,Aves
4588,Phylloscopus tytleri,Phylloscopus tytleri,Aves
4589,Phylloscopus umbrovirens,Phylloscopus umbrovirens,Aves
4590,Phylloscopus valentini,Phylloscopus valentini,Aves
4591,Phylloscopus whistleri,Phylloscopus whistleri,Aves
4592,Phylloscopus xanthodryas,Phylloscopus xanthodryas,Aves
4593,Phylloscopus xanthoschistos,Phylloscopus xanthoschistos,Aves
4594,Phylloscopus yunnanensis,Phylloscopus yunnanensis,Aves
4595,Phytotoma raimondii,Phytotoma raimondii,Aves
4596,Phytotoma rara,Phytotoma rara,Aves
4597,Phytotoma rutila,Phytotoma rutila,Aves
4598,Piaya cayana,Piaya cayana,Aves
4599,Piaya melanogaster,Piaya melanogaster,Aves
4600,Pica bottanensis,Pica bottanensis,Aves
4601,Pica hudsonia,Pica hudsonia,Aves
4602,Pica nuttalli,Pica nuttalli,Aves
4603,Pica pica,Pica pica,Aves
4604,Pica serica,Pica serica,Aves
4605,Picoides arcticus,Picoides arcticus,Aves
4606,Picoides dorsalis,Picoides dorsalis,Aves
4607,Picoides tridactylus,Picoides tridactylus,Aves
4608,Piculus aurulentus,Piculus aurulentus,Aves
4609,Piculus callopterus,Piculus callopterus,Aves
4610,Piculus chrysochloros,Piculus chrysochloros,Aves
4611,Piculus flavigula,Piculus flavigula,Aves
4612,Piculus leucolaemus,Piculus leucolaemus,Aves
4613,Picumnus albosquamatus,Picumnus albosquamatus,Aves
4614,Picumnus aurifrons,Picumnus aurifrons,Aves
4615,Picumnus cinnamomeus,Picumnus cinnamomeus,Aves
4616,Picumnus cirratus,Picumnus cirratus,Aves
4617,Picumnus dorbignyanus,Picumnus dorbignyanus,Aves
4618,Picumnus exilis,Picumnus exilis,Aves
4619,Picumnus granadensis,Picumnus granadensis,Aves
4620,Picumnus innominatus,Picumnus innominatus,Aves
4621,Picumnus lafresnayi,Picumnus lafresnayi,Aves
4622,Picumnus limae,Picumnus limae,Aves
4623,Picumnus nebulosus,Picumnus nebulosus,Aves
4624,Picumnus olivaceus,Picumnus olivaceus,Aves
4625,Picumnus pygmaeus,Picumnus pygmaeus,Aves
4626,Picumnus rufiventris,Picumnus rufiventris,Aves
4627,Picumnus sclateri,Picumnus sclateri,Aves
4628,Picumnus spilogaster,Picumnus spilogaster,Aves
4629,Picumnus squamulatus,Picumnus squamulatus,Aves
4630,Picumnus temminckii,Picumnus temminckii,Aves
4631,Picus awokera,Picus awokera,Aves
4632,Picus canus,Picus canus,Aves
4633,Picus chlorolophus,Picus chlorolophus,Aves
4634,Picus erythropygius,Picus erythropygius,Aves
4635,Picus puniceus,Picus puniceus,Aves
4636,Picus sharpei,Picus sharpei,Aves
4637,Picus squamatus,Picus squamatus,Aves
4638,Picus vaillantii,Picus vaillantii,Aves
4639,Picus viridis,Picus viridis,Aves
4640,Picus vittatus,Picus vittatus,Aves
4641,Picus xanthopygaeus,Picus xanthopygaeus,Aves
4642,Pinicola enucleator,Pinicola enucleator,Aves
4643,Pionites leucogaster,Pionites leucogaster,Aves
4644,Pionites melanocephalus,Pionites melanocephalus,Aves
4645,Pionopsitta pileata,Pionopsitta pileata,Aves
4646,Pionus chalcopterus,Pionus chalcopterus,Aves
4647,Pionus fuscus,Pionus fuscus,Aves
4648,Pionus maximiliani,Pionus maximiliani,Aves
4649,Pionus menstruus,Pionus menstruus,Aves
4650,Pionus senilis,Pionus senilis,Aves
4651,Pionus sordidus,Pionus sordidus,Aves
4652,Pionus tumultuosus,Pionus tumultuosus,Aves
4653,Pipile cujubi,Pipile cujubi,Aves
4654,Pipile cumanensis,Pipile cumanensis,Aves
4655,Pipilo chlorurus,Pipilo chlorurus,Aves
4656,Pipilo erythrophthalmus,Pipilo erythrophthalmus,Aves
4657,Pipilo maculatus,Pipilo maculatus,Aves
4658,Pipilo ocai,Pipilo ocai,Aves
4659,Pipra aureola,Pipra aureola,Aves
4660,Pipra fasciicauda,Pipra fasciicauda,Aves
4661,Pipra filicauda,Pipra filicauda,Aves
4662,Pipraeidea melanonota,Pipraeidea melanonota,Aves
4663,Pipreola arcuata,Pipreola arcuata,Aves
4664,Pipreola aureopectus,Pipreola aureopectus,Aves
4665,Pipreola formosa,Pipreola formosa,Aves
4666,Pipreola frontalis,Pipreola frontalis,Aves
4667,Pipreola intermedia,Pipreola intermedia,Aves
4668,Pipreola jucunda,Pipreola jucunda,Aves
4669,Pipreola lubomirskii,Pipreola lubomirskii,Aves
4670,Pipreola riefferii,Pipreola riefferii,Aves
4671,Pipreola whitelyi,Pipreola whitelyi,Aves
4672,Piprites chloris,Piprites chloris,Aves
4673,Piprites griseiceps,Piprites griseiceps,Aves
4674,Piprites pileata,Piprites pileata,Aves
4675,Piranga bidentata,Piranga bidentata,Aves
4676,Piranga erythrocephala,Piranga erythrocephala,Aves
4677,Piranga flava,Piranga flava,Aves
4678,Piranga leucoptera,Piranga leucoptera,Aves
4679,Piranga ludoviciana,Piranga ludoviciana,Aves
4680,Piranga olivacea,Piranga olivacea,Aves
4681,Piranga roseogularis,Piranga roseogularis,Aves
4682,Piranga rubra,Piranga rubra,Aves
4683,Piranga rubriceps,Piranga rubriceps,Aves
4684,Pitangus lictor,Philohydor lictor,Aves
4685,Pitangus sulphuratus,Pitangus sulphuratus,Aves
4686,Pithecophaga jefferyi,Pithecophaga jefferyi,Aves
4687,Pithys albifrons,Pithys albifrons,Aves
4688,Pitohui kirhocephalus,Pitohui kirhocephalus,Aves
4689,Pitta brachyura,Pitta brachyura,Aves
4690,Pitta elegans,Pitta elegans,Aves
4691,Pitta maxima,Pitta maxima,Aves
4692,Pitta megarhyncha,Pitta megarhyncha,Aves
4693,Pitta moluccensis,Pitta moluccensis,Aves
4694,Pitta nympha,Pitta nympha,Aves
4695,Pitta sordida,Pitta sordida,Aves
4696,Pitta steerii,Pitta steerii,Aves
4697,Pitta versicolor,Pitta versicolor,Aves
4698,Pittasoma michleri,Pittasoma michleri,Aves
4699,Pittasoma rufopileatum,Pittasoma rufopileatum,Aves
4700,Pityriasis gymnocephala,Pityriasis gymnocephala,Aves
4701,Platalea ajaja,Platalea ajaja,Aves
4702,Platalea leucorodia,Platalea leucorodia,Aves
4703,Platycercus adscitus,Platycercus adscitus,Aves
4704,Platycercus caledonicus,Platycercus caledonicus,Aves
4705,Platycercus elegans,Platycercus elegans,Aves
4706,Platycercus eximius,Platycercus eximius,Aves
4707,Platylophus galericulatus,Platylophus galericulatus,Aves
4708,Platyrinchus cancrominus,Platyrinchus cancrominus,Aves
4709,Platyrinchus coronatus,Platyrinchus coronatus,Aves
4710,Platyrinchus flavigularis,Platyrinchus flavigularis,Aves
4711,Platyrinchus leucoryphus,Platyrinchus leucoryphus,Aves
4712,Platyrinchus mystaceus,Platyrinchus mystaceus,Aves
4713,Platyrinchus platyrhynchos,Platyrinchus platyrhynchos,Aves
4714,Platyrinchus saturatus,Platyrinchus saturatus,Aves
4715,Platysmurus leucopterus,Platysmurus leucopterus,Aves
4716,Platysteira blissetti,Platysteira blissetti,Aves
4717,Platysteira castanea,Platysteira castanea,Aves
4718,Platysteira concreta,Platysteira concreta,Aves
4719,Platysteira cyanea,Platysteira cyanea,Aves
4720,Platysteira peltata,Platysteira peltata,Aves
4721,Plectorhyncha lanceolata,Plectorhyncha lanceolata,Aves
4722,Plectrophenax hyperboreus,Plectrophenax hyperboreus,Aves
4723,Plectrophenax nivalis,Plectrophenax nivalis,Aves
4724,Plegadis chihi,Plegadis chihi,Aves
4725,Plegadis falcinellus,Plegadis falcinellus,Aves
4726,Plegadis ridgwayi,Plegadis ridgwayi,Aves
4727,Plocepasser mahali,Plocepasser mahali,Aves
4728,Plocepasser superciliosus,Plocepasser superciliosus,Aves
4729,Ploceus baglafecht,Ploceus baglafecht,Aves
4730,Ploceus bicolor,Ploceus bicolor,Aves
4731,Ploceus capensis,Ploceus capensis,Aves
4732,Ploceus cucullatus,Ploceus cucullatus,Aves
4733,Ploceus galbula,Ploceus galbula,Aves
4734,Ploceus hypoxanthus,Ploceus hypoxanthus,Aves
4735,Ploceus intermedius,Ploceus intermedius,Aves
4736,Ploceus jacksoni,Ploceus jacksoni,Aves
4737,Ploceus luteolus,Ploceus luteolus,Aves
4738,Ploceus manyar,Ploceus manyar,Aves
4739,Ploceus melanocephalus,Ploceus melanocephalus,Aves
4740,Ploceus nelicourvi,Ploceus nelicourvi,Aves
4741,Ploceus nigerrimus,Ploceus nigerrimus,Aves
4742,Ploceus nigricollis,Ploceus nigricollis,Aves
4743,Ploceus ocularis,Ploceus ocularis,Aves
4744,Ploceus philippinus,Ploceus philippinus,Aves
4745,Ploceus sakalava,Ploceus sakalava,Aves
4746,Ploceus spekei,Ploceus spekei,Aves
4747,Ploceus subaureus,Ploceus subaureus,Aves
4748,Ploceus velatus,Ploceus velatus,Aves
4749,Ploceus vitellinus,Ploceus vitellinus,Aves
4750,Ploceus xanthops,Ploceus xanthops,Aves
4751,Ploceus xanthopterus,Ploceus xanthopterus,Aves
4752,Pluvialis apricaria,Pluvialis apricaria,Aves
4753,Pluvialis dominica,Pluvialis dominica,Aves
4754,Pluvialis fulva,Pluvialis fulva,Aves
4755,Pluvialis squatarola,Pluvialis squatarola,Aves
4756,Pnoepyga albiventer,Pnoepyga albiventer,Aves
4757,Pnoepyga formosana,Pnoepyga formosana,Aves
4758,Pnoepyga immaculata,Pnoepyga immaculata,Aves
4759,Pnoepyga pusilla,Pnoepyga pusilla,Aves
4760,Podargus ocellatus,Podargus ocellatus,Aves
4761,Podargus strigoides,Podargus strigoides,Aves
4762,Podiceps auritus,Podiceps auritus,Aves
4763,Podiceps cristatus,Podiceps cristatus,Aves
4764,Podiceps gallardoi,Podiceps gallardoi,Aves
4765,Podiceps grisegena,Podiceps grisegena,Aves
4766,Podiceps major,Podiceps major,Aves
4767,Podiceps nigricollis,Podiceps nigricollis,Aves
4768,Podiceps occipitalis,Podiceps occipitalis,Aves
4769,Podilymbus podiceps,Podilymbus podiceps,Aves
4770,Podoces hendersoni,Podoces hendersoni,Aves
4771,Poecile atricapillus,Poecile atricapillus,Aves
4772,Poecile carolinensis,Poecile carolinensis,Aves
4773,Poecile cinctus,Poecile cinctus,Aves
4774,Poecile gambeli,Poecile gambeli,Aves
4775,Poecile hudsonicus,Poecile hudsonicus,Aves
4776,Poecile lugubris,Poecile lugubris,Aves
4777,Poecile montanus,Poecile montanus,Aves
4778,Poecile palustris,Poecile palustris,Aves
4779,Poecile rufescens,Poecile rufescens,Aves
4780,Poecile sclateri,Poecile sclateri,Aves
4781,Poecile weigoldicus,Poecile weigoldicus,Aves
4782,Poecilodryas hypoleuca,Poecilodryas hypoleuca,Aves
4783,Poecilostreptus cabanisi,Poecilostreptus cabanisi,Aves
4784,Poecilostreptus palmeri,Poecilostreptus palmeri,Aves
4785,Poecilotriccus albifacies,Poecilotriccus albifacies,Aves
4786,Poecilotriccus calopterus,Poecilotriccus calopterus,Aves
4787,Poecilotriccus capitalis,Poecilotriccus capitalis,Aves
4788,Poecilotriccus fumifrons,Poecilotriccus fumifrons,Aves
4789,Poecilotriccus latirostris,Poecilotriccus latirostris,Aves
4790,Poecilotriccus luluae,Poecilotriccus luluae,Aves
4791,Poecilotriccus plumbeiceps,Poecilotriccus plumbeiceps,Aves
4792,Poecilotriccus ruficeps,Poecilotriccus ruficeps,Aves
4793,Poecilotriccus russatus,Poecilotriccus russatus,Aves
4794,Poecilotriccus sylvia,Poecilotriccus sylvia,Aves
4795,Pogoniulus atroflavus,Pogoniulus atroflavus,Aves
4796,Pogoniulus bilineatus,Pogoniulus bilineatus,Aves
4797,Pogoniulus chrysoconus,Pogoniulus chrysoconus,Aves
4798,Pogoniulus leucomystax,Pogoniulus leucomystax,Aves
4799,Pogoniulus pusillus,Pogoniulus pusillus,Aves
4800,Pogoniulus scolopaceus,Pogoniulus scolopaceus,Aves
4801,Pogoniulus simplex,Pogoniulus simplex,Aves
4802,Pogoniulus subsulphureus,Pogoniulus subsulphureus,Aves
4803,Pogonocichla stellata,Pogonocichla stellata,Aves
4804,Poicephalus cryptoxanthus,Poicephalus cryptoxanthus,Aves
4805,Poicephalus fuscicollis,Poicephalus fuscicollis,Aves
4806,Poicephalus meyeri,Poicephalus meyeri,Aves
4807,Poicephalus robustus,Poicephalus robustus,Aves
4808,Poicephalus rufiventris,Poicephalus rufiventris,Aves
4809,Poicephalus senegalus,Poicephalus senegalus,Aves
4810,Poliocrania exsul,Poliocrania exsul,Aves
4811,Poliolimnas cinereus,Poliolimnas cinereus,Aves
4812,Polioptila albiloris,Polioptila albiloris,Aves
4813,Polioptila bilineata,Polioptila bilineata,Aves
4814,Polioptila caerulea,Polioptila caerulea,Aves
4815,Polioptila californica,Polioptila californica,Aves
4816,Polioptila dumicola,Polioptila dumicola,Aves
4817,Polioptila lactea,Polioptila lactea,Aves
4818,Polioptila lembeyei,Polioptila lembeyei,Aves
4819,Polioptila melanura,Polioptila melanura,Aves
4820,Polioptila nigriceps,Polioptila nigriceps,Aves
4821,Polioptila plumbea,Polioptila plumbea,Aves
4822,Polioptila schistaceigula,Polioptila schistaceigula,Aves
4823,Polyboroides typus,Polyboroides typus,Aves
4824,Polyerata amabilis,Polyerata amabilis,Aves
4825,Polyerata decora,Polyerata decora,Aves
4826,Polyplectron bicalcaratum,Polyplectron bicalcaratum,Aves
4827,Polyplectron chalcurum,Polyplectron chalcurum,Aves
4828,Polyplectron germaini,Polyplectron germaini,Aves
4829,Polyplectron malacense,Polyplectron malacense,Aves
4830,Polystictus pectoralis,Polystictus pectoralis,Aves
4831,Polystictus superciliaris,Polystictus superciliaris,Aves
4832,Polytelis anthopeplus,Polytelis anthopeplus,Aves
4833,Polytelis swainsonii,Polytelis swainsonii,Aves
4834,Polytmus guainumbi,Polytmus guainumbi,Aves
4835,Polytmus theresiae,Polytmus theresiae,Aves
4836,Pomatorhinus ferruginosus,Pomatorhinus ferruginosus,Aves
4837,Pomatorhinus horsfieldii,Pomatorhinus horsfieldii,Aves
4838,Pomatorhinus melanurus,Pomatorhinus melanurus,Aves
4839,Pomatorhinus montanus,Pomatorhinus montanus,Aves
4840,Pomatorhinus musicus,Pomatorhinus musicus,Aves
4841,Pomatorhinus ochraceiceps,Pomatorhinus ochraceiceps,Aves
4842,Pomatorhinus ruficollis,Pomatorhinus ruficollis,Aves
4843,Pomatorhinus schisticeps,Pomatorhinus schisticeps,Aves
4844,Pomatorhinus superciliaris,Pomatorhinus superciliaris,Aves
4845,Pomatostomus ruficeps,Pomatostomus ruficeps,Aves
4846,Pomatostomus superciliosus,Pomatostomus superciliosus,Aves
4847,Pomatostomus temporalis,Pomatostomus temporalis,Aves
4848,Poodytes gramineus,Poodytes gramineus,Aves
4849,Poodytes punctatus,Poodytes punctatus,Aves
4850,Pooecetes gramineus,Pooecetes gramineus,Aves
4851,Poospiza nigrorufa,Poospiza nigrorufa,Aves
4852,Porphyrio flavirostris,Porphyrio flavirostris,Aves
4853,Porphyrio madagascariensis,Porphyrio madagascariensis,Aves
4854,Porphyrio martinica,Porphyrio martinica,Aves
4855,Porphyrio melanotus,Porphyrio melanotus,Aves
4856,Porphyrio poliocephalus,Porphyrio poliocephalus,Aves
4857,Porphyrio porphyrio,Porphyrio porphyrio,Aves
4858,Porphyriops melanops,Porphyriops melanops,Aves
4859,Porzana carolina,Porzana carolina,Aves
4860,Porzana porzana,Porzana porzana,Aves
4861,Porzana spiloptera,Laterallus spiloptera,Aves
4862,Power tools,,
4863,Premnoplex brunnescens,Premnoplex brunnescens,Aves
4864,Premnornis guttuliger,Premnornis guttuliger,Aves
4865,Primolius auricollis,Primolius auricollis,Aves
4866,Primolius couloni,Primolius couloni,Aves
4867,Primolius maracana,Primolius maracana,Aves
4868,Prinia atrogularis,Prinia atrogularis,Aves
4869,Prinia bairdii,Prinia bairdii,Aves
4870,Prinia buchanani,Prinia buchanani,Aves
4871,Prinia crinigera,Prinia crinigera,Aves
4872,Prinia erythroptera,Prinia erythroptera,Aves
4873,Prinia familiaris,Prinia familiaris,Aves
4874,Prinia flavicans,Prinia flavicans,Aves
4875,Prinia flaviventris,Prinia flaviventris,Aves
4876,Prinia gracilis,Prinia gracilis,Aves
4877,Prinia hodgsonii,Prinia hodgsonii,Aves
4878,Prinia hypoxantha,Prinia hypoxantha,Aves
4879,Prinia inornata,Prinia inornata,Aves
4880,Prinia lepida,Prinia lepida,Aves
4881,Prinia maculosa,Prinia maculosa,Aves
4882,Prinia polychroa,Prinia polychroa,Aves
4883,Prinia rufescens,Prinia rufescens,Aves
4884,Prinia rufifrons,Prinia rufifrons,Aves
4885,Prinia socialis,Prinia socialis,Aves
4886,Prinia striata,Prinia striata,Aves
4887,Prinia subflava,Prinia subflava,Aves
4888,Prinia superciliaris,Prinia superciliaris,Aves
4889,Prinia sylvatica,Prinia sylvatica,Aves
4890,Prionochilus maculatus,Prionochilus maculatus,Aves
4891,Prionochilus thoracicus,Prionochilus thoracicus,Aves
4892,Prionochilus xanthopygius,Prionochilus xanthopygius,Aves
4893,Prionops plumatus,Prionops plumatus,Aves
4894,Prionops retzii,Prionops retzii,Aves
4895,Priotelus roseigaster,Priotelus roseigaster,Aves
4896,Priotelus temnurus,Priotelus temnurus,Aves
4897,Probosciger aterrimus,Probosciger aterrimus,Aves
4898,Procarduelis nipalensis,Procarduelis nipalensis,Aves
4899,Procnias albus,Procnias albus,Aves
4900,Procnias averano,Procnias averano,Aves
4901,Procnias nudicollis,Procnias nudicollis,Aves
4902,Procnias tricarunculatus,Procnias tricarunculatus,Aves
4903,Progne chalybea,Progne chalybea,Aves
4904,Progne elegans,Progne elegans,Aves
4905,Progne subis,Progne subis,Aves
4906,Progne tapera,Progne tapera,Aves
4907,Promerops cafer,Promerops cafer,Aves
4908,Prosopeia personata,Prosopeia personata,Aves
4909,Prosopeia tabuensis,Prosopeia tabuensis,Aves
4910,Prosthemadera novaeseelandiae,Prosthemadera novaeseelandiae,Aves
4911,Protonotaria citrea,Protonotaria citrea,Aves
4912,Prunella collaris,Prunella collaris,Aves
4913,Prunella fulvescens,Prunella fulvescens,Aves
4914,Prunella modularis,Prunella modularis,Aves
4915,Prunella montanella,Prunella montanella,Aves
4916,Prunella ocularis,Prunella ocularis,Aves
4917,Prunella rubeculoides,Prunella rubeculoides,Aves
4918,Prunella strophiata,Prunella strophiata,Aves
4919,Psalidoprocne pristoptera,Psalidoprocne pristoptera,Aves
4920,Psaltriparus minimus,Psaltriparus minimus,Aves
4921,Psarisomus dalhousiae,Psarisomus dalhousiae,Aves
4922,Psarocolius angustifrons,Psarocolius angustifrons,Aves
4923,Psarocolius atrovirens,Psarocolius atrovirens,Aves
4924,Psarocolius bifasciatus,Psarocolius bifasciatus,Aves
4925,Psarocolius decumanus,Psarocolius decumanus,Aves
4926,Psarocolius montezuma,Psarocolius montezuma,Aves
4927,Psarocolius viridis,Psarocolius viridis,Aves
4928,Psarocolius wagleri,Psarocolius wagleri,Aves
4929,Psephotus haematonotus,Psephotus haematonotus,Aves
4930,Psephotus varius,Psephotellus varius,Aves
4931,Pseudacris brimleyi,,
4932,Pseudacris clarkii,,
4933,Pseudacris crucifer,Pseudacris crucifer,Aves
4934,Pseudacris feriarum,Pseudacris feriarum,Aves
4935,Pseudacris nigrita,,
4936,Pseudacris ocularis,,
4937,Pseudacris ornata,,
4938,Pseudacris streckeri,,
4939,Pseudacris triseriata,Pseudacris triseriata,Aves
4940,Pseudasthenes humicola,Pseudasthenes humicola,Aves
4941,Pseudastur albicollis,Pseudastur albicollis,Aves
4942,Pseudastur occidentalis,Pseudastur occidentalis,Aves
4943,Pseudelaenia leucospodia,Pseudelaenia leucospodia,Aves
4944,Pseudeos cardinalis,Pseudeos cardinalis,Aves
4945,Pseudibis papillosa,Pseudibis papillosa,Aves
4946,Pseudocolaptes boissonneautii,Pseudocolaptes boissonneautii,Aves
4947,Pseudocolaptes lawrencii,Pseudocolaptes lawrencii,Aves
4948,Pseudocolopteryx citreola,Pseudocolopteryx citreola,Aves
4949,Pseudocolopteryx dinelliana,Pseudocolopteryx dinelliana,Aves
4950,Pseudocolopteryx flaviventris,Pseudocolopteryx flaviventris,Aves
4951,Pseudocolopteryx sclateri,Pseudocolopteryx sclateri,Aves
4952,Pseudoleistes guirahuro,Pseudoleistes guirahuro,Aves
4953,Pseudoleistes virescens,Pseudoleistes virescens,Aves
4954,Pseudonestor xanthophrys,Pseudonestor xanthophrys,Aves
4955,Pseudonigrita arnaudi,Pseudonigrita arnaudi,Aves
4956,Pseudopipra pipra,Pseudopipra pipra,Aves
4957,Pseudopodoces humilis,Pseudopodoces humilis,Aves
4958,Pseudorectes ferrugineus,Pseudorectes ferrugineus,Aves
4959,Pseudoseisura cristata,Pseudoseisura cristata,Aves
4960,Pseudoseisura gutturalis,Pseudoseisura gutturalis,Aves
4961,Pseudoseisura lophotes,Pseudoseisura lophotes,Aves
4962,Pseudoseisura unirufa,Pseudoseisura unirufa,Aves
4963,Pseudospingus verticalis,Pseudospingus verticalis,Aves
4964,Pseudotriccus pelzelni,Pseudotriccus pelzelni,Aves
4965,Pseudotriccus ruficeps,Pseudotriccus ruficeps,Aves
4966,Psilopogon annamensis,Psilopogon annamensis,Aves
4967,Psilopogon armillaris,Psilopogon armillaris,Aves
4968,Psilopogon asiaticus,Psilopogon asiaticus,Aves
4969,Psilopogon auricularis,Psilopogon auricularis,Aves
4970,Psilopogon australis,Psilopogon australis,Aves
4971,Psilopogon chrysopogon,Psilopogon chrysopogon,Aves
4972,Psilopogon corvinus,Psilopogon corvinus,Aves
4973,Psilopogon duvaucelii,Psilopogon duvaucelii,Aves
4974,Psilopogon eximius,Psilopogon eximius,Aves
4975,Psilopogon faber,Psilopogon faber,Aves
4976,Psilopogon faiostrictus,Psilopogon faiostrictus,Aves
4977,Psilopogon flavifrons,Psilopogon flavifrons,Aves
4978,Psilopogon franklinii,Psilopogon franklinii,Aves
4979,Psilopogon haemacephalus,Psilopogon haemacephalus,Aves
4980,Psilopogon henricii,Psilopogon henricii,Aves
4981,Psilopogon incognitus,Psilopogon incognitus,Aves
4982,Psilopogon lagrandieri,Psilopogon lagrandieri,Aves
4983,Psilopogon lineatus,Psilopogon lineatus,Aves
4984,Psilopogon malabaricus,Psilopogon malabaricus,Aves
4985,Psilopogon monticola,Psilopogon monticola,Aves
4986,Psilopogon mystacophanos,Psilopogon mystacophanos,Aves
4987,Psilopogon nuchalis,Psilopogon nuchalis,Aves
4988,Psilopogon oorti,Psilopogon oorti,Aves
4989,Psilopogon pulcherrimus,Psilopogon pulcherrimus,Aves
4990,Psilopogon pyrolophus,Psilopogon pyrolophus,Aves
4991,Psilopogon rafflesii,Psilopogon rafflesii,Aves
4992,Psilopogon rubricapillus,Psilopogon rubricapillus,Aves
4993,Psilopogon virens,Psilopogon virens,Aves
4994,Psilopogon viridis,Psilopogon viridis,Aves
4995,Psilopogon zeylanicus,Psilopogon zeylanicus,Aves
4996,Psilopsiagon aurifrons,Psilopsiagon aurifrons,Aves
4997,Psilopsiagon aymara,Psilopsiagon aymara,Aves
4998,Psilorhamphus guttatus,Psilorhamphus guttatus,Aves
4999,Psilorhinus morio,Cyanocorax morio,Aves
5000,Psiloscops flammeolus,Psiloscops flammeolus,Aves
5001,Psittacara erythrogenys,Psittacara erythrogenys,Aves
5002,Psittacara finschi,Psittacara finschi,Aves
5003,Psittacara holochlorus,Psittacara holochlorus,Aves
5004,Psittacara leucophthalmus,Psittacara leucophthalmus,Aves
5005,Psittacara mitratus,Psittacara mitratus,Aves
5006,Psittacara strenuus,Psittacara strenuus,Aves
5007,Psittacara wagleri,Psittacara wagleri,Aves
5008,Psittacula alexandri,Psittacula alexandri,Aves
5009,Psittacula calthrapae,Psittacula calthrapae,Aves
5010,Psittacula columboides,Psittacula columboides,Aves
5011,Psittacula cyanocephala,Psittacula cyanocephala,Aves
5012,Psittacula eques,Psittacula eques,Aves
5013,Psittacula eupatria,Psittacula eupatria,Aves
5014,Psittacula finschii,Psittacula finschii,Aves
5015,Psittacula himalayana,Psittacula himalayana,Aves
5016,Psittacula krameri,Psittacula krameri,Aves
5017,Psittacula longicauda,Psittacula longicauda,Aves
5018,Psittacus erithacus,Psittacus erithacus,Aves
5019,Psittinus cyanurus,Psittinus cyanurus,Aves
5020,Psittiparus gularis,Paradoxornis gularis,Aves
5021,Psophia crepitans,Psophia crepitans,Aves
5022,Psophia leucoptera,Psophia leucoptera,Aves
5023,Psophia viridis,Psophia viridis,Aves
5024,Psophocichla litsitsirupa,Turdus litsitsirupa,Aves
5025,Psophodes cristatus,Psophodes cristatus,Aves
5026,Psophodes nigrogularis,Psophodes nigrogularis,Aves
5027,Psophodes occidentalis,Psophodes occidentalis,Aves
5028,Psophodes olivaceus,Psophodes olivaceus,Aves
5029,Pteridophora alberti,Pteridophora alberti,Aves
5030,Pternistis adspersus,Pternistis adspersus,Aves
5031,Pternistis afer,Pternistis afer,Aves
5032,Pternistis ahantensis,Pternistis ahantensis,Aves
5033,Pternistis bicalcaratus,Pternistis bicalcaratus,Aves
5034,Pternistis capensis,Pternistis capensis,Aves
5035,Pternistis erckelii,Pternistis erckelii,Aves
5036,Pternistis hildebrandti,Pternistis hildebrandti,Aves
5037,Pternistis leucoscepus,Pternistis leucoscepus,Aves
5038,Pternistis natalensis,Pternistis natalensis,Aves
5039,Pternistis squamatus,Pternistis squamatus,Aves
5040,Pternistis swainsonii,Pternistis swainsonii,Aves
5041,Pterocles alchata,Pterocles alchata,Aves
5042,Pterocles exustus,Pterocles exustus,Aves
5043,Pterocles namaqua,Pterocles namaqua,Aves
5044,Pterocles orientalis,Pterocles orientalis,Aves
5045,Pterocles senegallus,Pterocles senegallus,Aves
5046,Pterodroma cervicalis,Pterodroma cervicalis,Aves
5047,Pterodroma cookii,Pterodroma cookii,Aves
5048,Pterodroma externa,Pterodroma externa,Aves
5049,Pterodroma hypoleuca,Pterodroma hypoleuca,Aves
5050,Pterodroma inexpectata,Pterodroma inexpectata,Aves
5051,Pterodroma madeira,Pterodroma madeira,Aves
5052,Pterodroma neglecta,Pterodroma neglecta,Aves
5053,Pterodroma nigripennis,Pterodroma nigripennis,Aves
5054,Pterodroma phaeopygia,Pterodroma phaeopygia,Aves
5055,Pterodroma sandwichensis,Pterodroma sandwichensis,Aves
5056,Pteroglossus aracari,Pteroglossus aracari,Aves
5057,Pteroglossus azara,Pteroglossus azara,Aves
5058,Pteroglossus bailloni,Pteroglossus bailloni,Aves
5059,Pteroglossus beauharnaisii,Pteroglossus beauharnaisii,Aves
5060,Pteroglossus bitorquatus,Pteroglossus bitorquatus,Aves
5061,Pteroglossus castanotis,Pteroglossus castanotis,Aves
5062,Pteroglossus frantzii,Pteroglossus frantzii,Aves
5063,Pteroglossus inscriptus,Pteroglossus inscriptus,Aves
5064,Pteroglossus pluricinctus,Pteroglossus pluricinctus,Aves
5065,Pteroglossus torquatus,Pteroglossus torquatus,Aves
5066,Pterophylla camellifolia,Pterophylla camellifolia,Aves
5067,Pteroptochos castaneus,Pteroptochos castaneus,Aves
5068,Pteroptochos megapodius,Pteroptochos megapodius,Aves
5069,Pteroptochos tarnii,Pteroptochos tarnii,Aves
5070,Pterorhinus albogularis,Pterorhinus albogularis,Aves
5071,Pterorhinus berthemyi,Pterorhinus berthemyi,Aves
5072,Pterorhinus chinensis,Pterorhinus chinensis,Aves
5073,Pterorhinus davidi,Pterorhinus davidi,Aves
5074,Pterorhinus delesserti,Pterorhinus delesserti,Aves
5075,Pterorhinus mitratus,Pterorhinus mitratus,Aves
5076,Pterorhinus pectoralis,Pterorhinus pectoralis,Aves
5077,Pterorhinus perspicillatus,Pterorhinus perspicillatus,Aves
5078,Pterorhinus poecilorhynchus,Pterorhinus poecilorhynchus,Aves
5079,Pterorhinus ruficollis,Pterorhinus ruficollis,Aves
5080,Pterorhinus sannio,Pterorhinus sannio,Aves
5081,Pterorhinus treacheri,Pterorhinus treacheri,Aves
5082,Pteruthius aeralatus,Pteruthius aeralatus,Aves
5083,Pteruthius intermedius,Pteruthius intermedius,Aves
5084,Pteruthius melanotis,Pteruthius melanotis,Aves
5085,Pteruthius ripleyi,,
5086,Pteruthius rufiventer,Pteruthius rufiventer,Aves
5087,Pteruthius xanthochlorus,Pteruthius xanthochlorus,Aves
5088,Ptilinopus iozonus,Ptilinopus iozonus,Aves
5089,Ptilinopus magnificus,Ptilinopus magnificus,Aves
5090,Ptilinopus melanospilus,Ptilinopus melanospilus,Aves
5091,Ptilinopus occipitalis,Ptilinopus occipitalis,Aves
5092,Ptilinopus pelewensis,Ptilinopus pelewensis,Aves
5093,Ptilinopus porphyraceus,Ptilinopus porphyraceus,Aves
5094,Ptilinopus regina,Ptilinopus regina,Aves
5095,Ptilinopus rivoli,Ptilinopus rivoli,Aves
5096,Ptilinopus solomonensis,Ptilinopus solomonensis,Aves
5097,Ptilinopus superbus,Ptilinopus superbus,Aves
5098,Ptilinopus viridis,Ptilinopus viridis,Aves
5099,Ptiliogonys caudatus,Ptiliogonys caudatus,Aves
5100,Ptiliogonys cinereus,Ptiliogonys cinereus,Aves
5101,Ptilocichla falcata,Ptilocichla falcata,Aves
5102,Ptilocichla leucogrammica,Ptilocichla leucogrammica,Aves
5103,Ptilocichla mindanensis,Ptilocichla mindanensis,Aves
5104,Ptilonorhynchus violaceus,Ptilonorhynchus violaceus,Aves
5105,Ptilopachus petrosus,Ptilopachus petrosus,Aves
5106,Ptiloprora guisei,Ptiloprora guisei,Aves
5107,Ptiloprora perstriata,Ptiloprora perstriata,Aves
5108,Ptilopsis leucotis,Ptilopsis leucotis,Aves
5109,Ptiloris magnificus,Ptiloris magnificus,Aves
5110,Ptiloris paradiseus,Ptiloris paradiseus,Aves
5111,Ptiloris victoriae,Ptiloris victoriae,Aves
5112,Ptilorrhoa caerulescens,Ptilorrhoa caerulescens,Aves
5113,Ptilorrhoa castanonota,Ptilorrhoa castanonota,Aves
5114,Ptilorrhoa leucosticta,Ptilorrhoa leucosticta,Aves
5115,Ptilostomus afer,Ptilostomus afer,Aves
5116,Ptilotula fusca,Ptilotula fusca,Aves
5117,Ptilotula ornata,Ptilotula ornata,Aves
5118,Ptilotula penicillata,Ptilotula penicillata,Aves
5119,Ptiloxena atroviolacea,Ptiloxena atroviolacea,Aves
5120,Ptyonoprogne concolor,Ptyonoprogne concolor,Aves
5121,Ptyonoprogne fuligula,Ptyonoprogne fuligula,Aves
5122,Ptyonoprogne rupestris,Ptyonoprogne rupestris,Aves
5123,Pucrasia macrolopha,Pucrasia macrolopha,Aves
5124,Puffinus bailloni,Puffinus bailloni,Aves
5125,Puffinus nativitatis,Puffinus nativitatis,Aves
5126,Puffinus newelli,Puffinus newelli,Aves
5127,Puffinus puffinus,Puffinus puffinus,Aves
5128,Pulsatrix koeniswaldiana,Pulsatrix koeniswaldiana,Aves
5129,Pulsatrix melanota,Pulsatrix melanota,Aves
5130,Pulsatrix perspicillata,Pulsatrix perspicillata,Aves
5131,Purnella albifrons,Purnella albifrons,Aves
5132,Purpureicephalus spurius,Purpureicephalus spurius,Aves
5133,Pycnonotus aurigaster,Pycnonotus aurigaster,Aves
5134,Pycnonotus barbatus,Pycnonotus barbatus,Aves
5135,Pycnonotus brunneus,Pycnonotus brunneus,Aves
5136,Pycnonotus cafer,Pycnonotus cafer,Aves
5137,Pycnonotus capensis,Pycnonotus capensis,Aves
5138,Pycnonotus conradi,Pycnonotus conradi,Aves
5139,Pycnonotus finlaysoni,Pycnonotus finlaysoni,Aves
5140,Pycnonotus flavescens,Pycnonotus flavescens,Aves
5141,Pycnonotus goiavier,Pycnonotus goiavier,Aves
5142,Pycnonotus jocosus,Pycnonotus jocosus,Aves
5143,Pycnonotus leucogenys,Pycnonotus leucogenys,Aves
5144,Pycnonotus leucotis,Pycnonotus leucotis,Aves
5145,Pycnonotus luteolus,Pycnonotus luteolus,Aves
5146,Pycnonotus nigricans,Pycnonotus nigricans,Aves
5147,Pycnonotus plumosus,Pycnonotus plumosus,Aves
5148,Pycnonotus simplex,Pycnonotus simplex,Aves
5149,Pycnonotus sinensis,Pycnonotus sinensis,Aves
5150,Pycnonotus striatus,Alcurus striatus,Aves
5151,Pycnonotus taivanus,Pycnonotus taivanus,Aves
5152,Pycnonotus xantholaemus,Pycnonotus xantholaemus,Aves
5153,Pycnonotus xanthopygos,Pycnonotus xanthopygos,Aves
5154,Pycnonotus xanthorrhous,Pycnonotus xanthorrhous,Aves
5155,Pycnonotus zeylanicus,Pycnonotus zeylanicus,Aves
5156,Pycnoptilus floccosus,Pycnoptilus floccosus,Aves
5157,Pygarrhichas albogularis,Pygarrhichas albogularis,Aves
5158,Pygiptila stellaris,Pygiptila stellaris,Aves
5159,Pygochelidon cyanoleuca,Pygochelidon cyanoleuca,Aves
5160,Pygoscelis adeliae,Pygoscelis adeliae,Aves
5161,Pygoscelis antarcticus,Pygoscelis antarcticus,Aves
5162,Pygoscelis papua,Pygoscelis papua,Aves
5163,Pyriglena atra,Pyriglena atra,Aves
5164,Pyriglena leuconota,Pyriglena leuconota,Aves
5165,Pyriglena leucoptera,Pyriglena leucoptera,Aves
5166,Pyriglena maura,Pyriglena maura,Aves
5167,Pyrilia barrabandi,Pyrilia barrabandi,Aves
5168,Pyrilia caica,Pyrilia caica,Aves
5169,Pyrilia haematotis,Pyrilia haematotis,Aves
5170,Pyrilia pulchra,Pyrilia pulchra,Aves
5171,Pyrilia pyrilia,Pyrilia pyrilia,Aves
5172,Pyrocephalus rubinus,Pyrocephalus rubinus,Aves
5173,Pyroderus scutatus,Pyroderus scutatus,Aves
5174,Pyrope pyrope,Pyrope pyrope,Aves
5175,Pyrrhocorax graculus,Pyrrhocorax graculus,Aves
5176,Pyrrhocorax pyrrhocorax,Pyrrhocorax pyrrhocorax,Aves
5177,Pyrrholaemus brunneus,Pyrrholaemus brunneus,Aves
5178,Pyrrholaemus sagittatus,Pyrrholaemus sagittatus,Aves
5179,Pyrrhomyias cinnamomeus,Pyrrhomyias cinnamomeus,Aves
5180,Pyrrhula erythaca,Pyrrhula erythaca,Aves
5181,Pyrrhula nipalensis,Pyrrhula nipalensis,Aves
5182,Pyrrhula pyrrhula,Pyrrhula pyrrhula,Aves
5183,Pyrrhura albipectus,Pyrrhura albipectus,Aves
5184,Pyrrhura amazonum,Pyrrhura amazonum,Aves
5185,Pyrrhura calliptera,Pyrrhura calliptera,Aves
5186,Pyrrhura cruentata,Pyrrhura cruentata,Aves
5187,Pyrrhura frontalis,Pyrrhura frontalis,Aves
5188,Pyrrhura hoematotis,Pyrrhura hoematotis,Aves
5189,Pyrrhura hoffmanni,Pyrrhura hoffmanni,Aves
5190,Pyrrhura leucotis,Pyrrhura leucotis,Aves
5191,Pyrrhura melanura,Pyrrhura melanura,Aves
5192,Pyrrhura molinae,Pyrrhura molinae,Aves
5193,Pyrrhura orcesi,Pyrrhura orcesi,Aves
5194,Pyrrhura perlata,Pyrrhura perlata,Aves
5195,Pyrrhura picta,Pyrrhura picta,Aves
5196,Pyrrhura rhodocephala,Pyrrhura rhodocephala,Aves
5197,Pyrrhura roseifrons,Pyrrhura roseifrons,Aves
5198,Pyrrhura rupicola,Pyrrhura rupicola,Aves
5199,Pyrrhura viridicata,Pyrrhura viridicata,Aves
5200,Pytilia melba,Pytilia melba,Aves
5201,Quelea quelea,Quelea quelea,Aves
5202,Querula purpurata,Querula purpurata,Aves
5203,Quiscalus lugubris,Quiscalus lugubris,Aves
5204,Quiscalus major,Quiscalus major,Aves
5205,Quiscalus mexicanus,Quiscalus mexicanus,Aves
5206,Quiscalus nicaraguensis,Quiscalus nicaraguensis,Aves
5207,Quiscalus niger,Quiscalus niger,Aves
5208,Quiscalus quiscula,Quiscalus quiscula,Aves
5209,Radjah radjah,Radjah radjah,Aves
5210,Rallina eurizonoides,Rallina eurizonoides,Aves
5211,Rallina fasciata,Rallina fasciata,Aves
5212,Rallina tricolor,Rallina tricolor,Aves
5213,Rallus antarcticus,Rallus antarcticus,Aves
5214,Rallus aquaticus,Rallus aquaticus,Aves
5215,Rallus caerulescens,Rallus caerulescens,Aves
5216,Rallus crepitans,Rallus crepitans,Aves
5217,Rallus elegans,Rallus elegans,Aves
5218,Rallus indicus,Rallus indicus,Aves
5219,Rallus limicola,Rallus limicola,Aves
5220,Rallus longirostris,Rallus longirostris,Aves
5221,Rallus obsoletus,Rallus obsoletus,Aves
5222,Rallus semiplumbeus,Rallus semiplumbeus,Aves
5223,Rallus tenuirostris,Rallus tenuirostris,Aves
5224,Ramphastos ambiguus,Ramphastos ambiguus,Aves
5225,Ramphastos brevis,Ramphastos brevis,Aves
5226,Ramphastos dicolorus,Ramphastos dicolorus,Aves
5227,Ramphastos sulfuratus,Ramphastos sulfuratus,Aves
5228,Ramphastos toco,Ramphastos toco,Aves
5229,Ramphastos tucanus,Ramphastos tucanus,Aves
5230,Ramphastos vitellinus,Ramphastos vitellinus,Aves
5231,Ramphocaenus melanurus,Ramphocaenus melanurus,Aves
5232,Ramphocaenus sticturus,Ramphocaenus sticturus,Aves
5233,Ramphocelus bresilius,Ramphocelus bresilia,Aves
5234,Ramphocelus carbo,Ramphocelus carbo,Aves
5235,Ramphocelus dimidiatus,Ramphocelus dimidiatus,Aves
5236,Ramphocelus flammigerus,Ramphocelus flammigerus,Aves
5237,Ramphocelus melanogaster,Ramphocelus melanogaster,Aves
5238,Ramphocelus nigrogularis,Ramphocelus nigrogularis,Aves
5239,Ramphocelus passerinii,Ramphocelus passerinii,Aves
5240,Ramphocelus sanguinolentus,Ramphocelus sanguinolentus,Aves
5241,Ramphodon naevius,Ramphodon naevius,Aves
5242,Ramphomicron microrhynchum,Ramphomicron microrhynchum,Aves
5243,Ramphotrigon flammulatum,Ramphotrigon flammulatum,Aves
5244,Ramphotrigon fuscicauda,Ramphotrigon fuscicauda,Aves
5245,Ramphotrigon megacephalum,Ramphotrigon megacephalum,Aves
5246,Ramphotrigon ruficauda,Ramphotrigon ruficauda,Aves
5247,Ramsayornis modestus,Ramsayornis modestus,Aves
5248,Rauenia bonariensis,Rauenia bonariensis,Aves
5249,Recurvirostra americana,Recurvirostra americana,Aves
5250,Recurvirostra andina,Recurvirostra andina,Aves
5251,Recurvirostra avosetta,Recurvirostra avosetta,Aves
5252,Regulus goodfellowi,Regulus goodfellowi,Aves
5253,Regulus ignicapilla,Regulus ignicapilla,Aves
5254,Regulus madeirensis,Regulus madeirensis,Aves
5255,Regulus regulus,Regulus regulus,Aves
5256,Regulus satrapa,Regulus satrapa,Aves
5257,Reinwardtipicus validus,Chrysocolaptes validus,Aves
5258,Reinwardtoena reinwardti,Reinwardtoena reinwardti,Aves
5259,Remiz consobrinus,Remiz consobrinus,Aves
5260,Remiz coronatus,Remiz coronatus,Aves
5261,Remiz pendulinus,Remiz pendulinus,Aves
5262,Rhabdotorrhinus corrugatus,Rhabdotorrhinus corrugatus,Aves
5263,Rhabdotorrhinus exarhatus,Rhabdotorrhinus exarhatus,Aves
5264,Rhaphidura leucopygialis,Rhaphidura leucopygialis,Aves
5265,Rhea americana,Rhea americana,Aves
5266,Rhegmatorhina cristata,Rhegmatorhina cristata,Aves
5267,Rhegmatorhina gymnops,Rhegmatorhina gymnops,Aves
5268,Rhegmatorhina hoffmannsi,Rhegmatorhina hoffmannsi,Aves
5269,Rhegmatorhina melanosticta,Rhegmatorhina melanosticta,Aves
5270,Rhinocrypta lanceolata,Rhinocrypta lanceolata,Aves
5271,Rhinopomastus cyanomelas,Rhinopomastus cyanomelas,Aves
5272,Rhinortha chlorophaea,Rhinortha chlorophaea,Aves
5273,Rhipidura albicollis,Rhipidura albicollis,Aves
5274,Rhipidura albiscapa,Rhipidura albiscapa,Aves
5275,Rhipidura albogularis,Rhipidura albogularis,Aves
5276,Rhipidura albolimbata,Rhipidura albolimbata,Aves
5277,Rhipidura atra,Rhipidura atra,Aves
5278,Rhipidura aureola,Rhipidura aureola,Aves
5279,Rhipidura brachyrhyncha,Rhipidura brachyrhyncha,Aves
5280,Rhipidura cyaniceps,Rhipidura cyaniceps,Aves
5281,Rhipidura dryas,Rhipidura dryas,Aves
5282,Rhipidura fuliginosa,Rhipidura fuliginosa,Aves
5283,Rhipidura javanica,Rhipidura javanica,Aves
5284,Rhipidura leucophrys,Rhipidura leucophrys,Aves
5285,Rhipidura leucothorax,Rhipidura leucothorax,Aves
5286,Rhipidura maculipectus,Rhipidura maculipectus,Aves
5287,Rhipidura nigritorquis,Rhipidura nigritorquis,Aves
5288,Rhipidura perlata,Rhipidura perlata,Aves
5289,Rhipidura rufifrons,Rhipidura rufifrons,Aves
5290,Rhipidura rufiventris,Rhipidura rufiventris,Aves
5291,Rhipidura teysmanni,Rhipidura teysmanni,Aves
5292,Rhipidura threnothorax,Rhipidura threnothorax,Aves
5293,Rhipidura verreauxi,Rhipidura verreauxi,Aves
5294,Rhodinocichla rosea,Rhodinocichla rosea,Aves
5295,Rhodophoneus cruentus,Telophorus cruentus,Aves
5296,Rhodospingus cruentus,Rhodospingus cruentus,Aves
5297,Rhodospiza obsoleta,Rhodospiza obsoleta,Aves
5298,Rhodostethia rosea,Rhodostethia rosea,Aves
5299,Rhodothraupis celaeno,Periporphyrus celaeno,Aves
5300,Rhopias gularis,Rhopias gularis,Aves
5301,Rhopophilus pekinensis,Rhopophilus pekinensis,Aves
5302,Rhopornis ardesiacus,Rhopornis ardesiacus,Aves
5303,Rhopospina alaudina,Rhopospina alaudina,Aves
5304,Rhopospina caerulescens,Rhopospina caerulescens,Aves
5305,Rhopospina fruticeti,Rhopospina fruticeti,Aves
5306,Rhynchocyclus brevirostris,Rhynchocyclus brevirostris,Aves
5307,Rhynchocyclus olivaceus,Rhynchocyclus olivaceus,Aves
5308,Rhynchophanes mccownii,Rhynchophanes mccownii,Aves
5309,Rhynchopsitta pachyrhyncha,Rhynchopsitta pachyrhyncha,Aves
5310,Rhynchopsitta terrisi,Rhynchopsitta terrisi,Aves
5311,Rhynchortyx cinctus,Rhynchortyx cinctus,Aves
5312,Rhynchospiza stolzmanni,Rhynchospiza stolzmanni,Aves
5313,Rhynchospiza strigiceps,Rhynchospiza strigiceps,Aves
5314,Rhynchotus rufescens,Rhynchotus rufescens,Aves
5315,Rhynochetos jubatus,Rhynochetos jubatus,Aves
5316,Rhyticeros cassidix,Rhyticeros cassidix,Aves
5317,Rhyticeros plicatus,Rhyticeros plicatus,Aves
5318,Rhyticeros undulatus,Rhyticeros undulatus,Aves
5319,Rhytipterna holerythra,Rhytipterna holerythra,Aves
5320,Rhytipterna immunda,Rhytipterna immunda,Aves
5321,Rhytipterna simplex,Rhytipterna simplex,Aves
5322,Riparia chinensis,Riparia chinensis,Aves
5323,Riparia diluta,Riparia diluta,Aves
5324,Riparia paludicola,Riparia paludicola,Aves
5325,Riparia riparia,Riparia riparia,Aves
5326,Rissa tridactyla,Rissa tridactyla,Aves
5327,Rollulus rouloul,Rollulus rouloul,Aves
5328,Roraimia adusta,Roraimia adusta,Aves
5329,Rostratula benghalensis,Rostratula benghalensis,Aves
5330,Rostrhamus sociabilis,Rostrhamus sociabilis,Aves
5331,Rubigula erythropthalmos,Ixodia erythropthalmos,Aves
5332,Rubigula flaviventris,Rubigula flaviventris,Aves
5333,Rubigula gularis,Rubigula gularis,Aves
5334,Rupicola peruvianus,Rupicola peruvianus,Aves
5335,Rupicola rupicola,Rupicola rupicola,Aves
5336,Rupornis magnirostris,Rupornis magnirostris,Aves
5337,Rynchops niger,Rynchops niger,Aves
5338,Sakesphorus canadensis,Sakesphorus canadensis,Aves
5339,Sakesphorus cristatus,Sakesphoroides cristatus,Aves
5340,Sakesphorus luctuosus,Sakesphorus luctuosus,Aves
5341,Salpinctes obsoletus,Salpinctes obsoletus,Aves
5342,Salpornis salvadori,Salpornis salvadori,Aves
5343,Saltator albicollis,Saltator albicollis,Aves
5344,Saltator atriceps,Saltator atriceps,Aves
5345,Saltator atripennis,Saltator atripennis,Aves
5346,Saltator aurantiirostris,Saltator aurantiirostris,Aves
5347,Saltator cinctus,Saltator cinctus,Aves
5348,Saltator coerulescens,Saltator coerulescens,Aves
5349,Saltator fuliginosus,Saltator fuliginosus,Aves
5350,Saltator grandis,Saltator grandis,Aves
5351,Saltator grossus,Saltator grossus,Aves
5352,Saltator maxillosus,Saltator maxillosus,Aves
5353,Saltator maximus,Saltator maximus,Aves
5354,Saltator nigriceps,Saltator nigriceps,Aves
5355,Saltator olivascens,Saltator olivascens,Aves
5356,Saltator orenocensis,Saltator orenocensis,Aves
5357,Saltator similis,Saltator similis,Aves
5358,Saltator striatipectus,Saltator striatipectus,Aves
5359,Saltatricula atricollis,Saltatricula atricollis,Aves
5360,Saltatricula multicolor,Saltatricula multicolor,Aves
5361,Sapayoa aenigma,Sapayoa aenigma,Aves
5362,Sappho sparganurus,Sappho sparganurus,Aves
5363,Sarcops calvus,Sarcops calvus,Aves
5364,Sarothrura elegans,Sarothrura elegans,Aves
5365,Sarothrura insularis,Sarothrura insularis,Aves
5366,Sarothrura pulchra,Sarothrura pulchra,Aves
5367,Sarothrura rufa,Sarothrura rufa,Aves
5368,Sasia abnormis,Sasia abnormis,Aves
5369,Sasia ochracea,Sasia ochracea,Aves
5370,Saucerottia beryllina,Saucerottia beryllina,Aves
5371,Saucerottia cyanocephala,Saucerottia cyanocephala,Aves
5372,Saucerottia tobaci,Saucerottia tobaci,Aves
5373,Saundersilarus saundersi,Saundersilarus saundersi,Aves
5374,Saxicola caprata,Saxicola caprata,Aves
5375,Saxicola ferreus,Saxicola ferreus,Aves
5376,Saxicola maurus,Saxicola maurus,Aves
5377,Saxicola rubetra,Saxicola rubetra,Aves
5378,Saxicola rubicola,Saxicola rubicola,Aves
5379,Saxicola stejnegeri,Saxicola stejnegeri,Aves
5380,Saxicola torquatus,Saxicola torquatus,Aves
5381,Sayornis nigricans,Sayornis nigricans,Aves
5382,Sayornis phoebe,Sayornis phoebe,Aves
5383,Sayornis saya,Sayornis saya,Aves
5384,Scaphiopus couchii,,
5385,Scelorchilus albicollis,Scelorchilus albicollis,Aves
5386,Scelorchilus rubecula,Scelorchilus rubecula,Aves
5387,Scenopoeetes dentirostris,Scenopoeetes dentirostris,Aves
5388,Schetba rufa,Schetba rufa,Aves
5389,Schiffornis aenea,Schiffornis aenea,Aves
5390,Schiffornis major,Schiffornis major,Aves
5391,Schiffornis olivacea,Schiffornis olivacea,Aves
5392,Schiffornis stenorhyncha,Schiffornis stenorhyncha,Aves
5393,Schiffornis turdina,Schiffornis turdina,Aves
5394,Schiffornis veraepacis,Schiffornis veraepacis,Aves
5395,Schiffornis virescens,Schiffornis virescens,Aves
5396,Schistes geoffroyi,Schistes geoffroyi,Aves
5397,Schistochlamys melanopis,Schistochlamys melanopis,Aves
5398,Schistochlamys ruficapillus,Schistochlamys ruficapillus,Aves
5399,Schoenicola platyurus,Schoenicola platyurus,Aves
5400,Schoenicola striatus,Schoenicola striatus,Aves
5401,Schoeniophylax phryganophilus,Schoeniophylax phryganophilus,Aves
5402,Schoeniparus brunneus,Schoeniparus brunneus,Aves
5403,Schoeniparus castaneceps,Schoeniparus castaneceps,Aves
5404,Schoeniparus cinereus,Schoeniparus cinereus,Aves
5405,Schoeniparus dubius,Schoeniparus dubius,Aves
5406,Schoeniparus rufogularis,Schoeniparus rufogularis,Aves
5407,Sciaphylax castanea,Sciaphylax castanea,Aves
5408,Sciaphylax hemimelaena,Sciaphylax hemimelaena,Aves
5409,Sciurus carolinensis,Sciurus carolinensis,Aves
5410,Sclateria naevia,Sclateria naevia,Aves
5411,Scleroptila afra,Scleroptila afra,Aves
5412,Scleroptila gutturalis,Scleroptila gutturalis,Aves
5413,Scleroptila levaillantii,Scleroptila levaillantii,Aves
5414,Scleroptila shelleyi,Scleroptila shelleyi,Aves
5415,Sclerurus albigularis,Sclerurus albigularis,Aves
5416,Sclerurus caudacutus,Sclerurus caudacutus,Aves
5417,Sclerurus guatemalensis,Sclerurus guatemalensis,Aves
5418,Sclerurus mexicanus,Sclerurus mexicanus,Aves
5419,Sclerurus obscurior,Sclerurus obscurior,Aves
5420,Sclerurus rufigularis,Sclerurus rufigularis,Aves
5421,Sclerurus scansor,Sclerurus scansor,Aves
5422,Scolopax bukidnonensis,Scolopax bukidnonensis,Aves
5423,Scolopax minor,Scolopax minor,Aves
5424,Scolopax rusticola,Scolopax rusticola,Aves
5425,Scopus umbretta,Scopus umbretta,Aves
5426,Scotocerca inquieta,Scotocerca inquieta,Aves
5427,Scudderia curvicauda,,
5428,Scudderia furcata,,
5429,Scudderia texensis,Scudderia texensis,Aves
5430,Scytalopus acutirostris,Scytalopus acutirostris,Aves
5431,Scytalopus affinis,Scytalopus affinis,Aves
5432,Scytalopus altirostris,Scytalopus altirostris,Aves
5433,Scytalopus alvarezlopezi,Scytalopus alvarezlopezi,Aves
5434,Scytalopus androstictus,Scytalopus androstictus,Aves
5435,Scytalopus argentifrons,Scytalopus argentifrons,Aves
5436,Scytalopus atratus,Scytalopus atratus,Aves
5437,Scytalopus bolivianus,Scytalopus bolivianus,Aves
5438,Scytalopus canus,Scytalopus canus,Aves
5439,Scytalopus caracae,Scytalopus caracae,Aves
5440,Scytalopus chocoensis,Scytalopus chocoensis,Aves
5441,Scytalopus diamantinensis,Scytalopus diamantinensis,Aves
5442,Scytalopus femoralis,Scytalopus femoralis,Aves
5443,Scytalopus frankeae,Scytalopus frankeae,Aves
5444,Scytalopus fuscus,Scytalopus fuscus,Aves
5445,Scytalopus griseicollis,Scytalopus griseicollis,Aves
5446,Scytalopus intermedius,Scytalopus intermedius,Aves
5447,Scytalopus iraiensis,Scytalopus iraiensis,Aves
5448,Scytalopus latebricola,Scytalopus latebricola,Aves
5449,Scytalopus latrans,Scytalopus latrans,Aves
5450,Scytalopus macropus,Scytalopus macropus,Aves
5451,Scytalopus magellanicus,Scytalopus magellanicus,Aves
5452,Scytalopus meridanus,Scytalopus meridanus,Aves
5453,Scytalopus micropterus,Scytalopus micropterus,Aves
5454,Scytalopus novacapitalis,Scytalopus novacapitalis,Aves
5455,Scytalopus opacus,Scytalopus opacus,Aves
5456,Scytalopus pachecoi,Scytalopus pachecoi,Aves
5457,Scytalopus parkeri,Scytalopus parkeri,Aves
5458,Scytalopus parvirostris,Scytalopus parvirostris,Aves
5459,Scytalopus perijanus,Scytalopus perijanus,Aves
5460,Scytalopus petrophilus,Scytalopus petrophilus,Aves
5461,Scytalopus robbinsi,Scytalopus robbinsi,Aves
5462,Scytalopus rodriguezi,Scytalopus rodriguezi,Aves
5463,Scytalopus sanctaemartae,Scytalopus sanctaemartae,Aves
5464,Scytalopus schulenbergi,Scytalopus schulenbergi,Aves
5465,Scytalopus simonsi,Scytalopus simonsi,Aves
5466,Scytalopus speluncae,Scytalopus speluncae,Aves
5467,Scytalopus spillmanni,Scytalopus spillmanni,Aves
5468,Scytalopus stilesi,Scytalopus stilesi,Aves
5469,Scytalopus superciliaris,Scytalopus superciliaris,Aves
5470,Scytalopus unicolor,Scytalopus unicolor,Aves
5471,Scytalopus urubambae,Scytalopus urubambae,Aves
5472,Scytalopus vicinior,Scytalopus vicinior,Aves
5473,Scytalopus zimmeri,Scytalopus zimmeri,Aves
5474,Scythrops novaehollandiae,Scythrops novaehollandiae,Aves
5475,Seiurus aurocapilla,Seiurus aurocapilla,Aves
5476,Selasphorus calliope,Selasphorus calliope,Aves
5477,Selasphorus ellioti,Selasphorus ellioti,Aves
5478,Selasphorus heloisa,Selasphorus heloisa,Aves
5479,Selasphorus platycercus,Selasphorus platycercus,Aves
5480,Selasphorus rufus,Selasphorus rufus,Aves
5481,Selasphorus sasin,Selasphorus sasin,Aves
5482,Selenidera gouldii,Selenidera gouldii,Aves
5483,Selenidera maculirostris,Selenidera maculirostris,Aves
5484,Selenidera piperivora,Selenidera piperivora,Aves
5485,Selenidera reinwardtii,Selenidera reinwardtii,Aves
5486,Selenidera spectabilis,Selenidera spectabilis,Aves
5487,Seleucidis melanoleucus,Seleucidis melanoleucus,Aves
5488,Semioptera wallacii,Semioptera wallacii,Aves
5489,Semnornis frantzii,Semnornis frantzii,Aves
5490,Semnornis ramphastinus,Semnornis ramphastinus,Aves
5491,Sephanoides sephaniodes,Sephanoides sephaniodes,Aves
5492,Sericornis citreogularis,Neosericornis citreogularis,Aves
5493,Sericornis frontalis,Sericornis frontalis,Aves
5494,Sericornis humilis,Sericornis humilis,Aves
5495,Sericornis magnirostra,Sericornis magnirostra,Aves
5496,Sericornis papuensis,Aethomyias papuensis,Aves
5497,Sericossypha albocristata,Sericossypha albocristata,Aves
5498,Serilophus lunatus,Serilophus lunatus,Aves
5499,Serinus alario,Serinus alario,Aves
5500,Serinus canaria,Serinus canaria,Aves
5501,Serinus canicollis,Serinus canicollis,Aves
5502,Serinus flavivertex,Serinus flavivertex,Aves
5503,Serinus pusillus,Serinus pusillus,Aves
5504,Serinus serinus,Serinus serinus,Aves
5505,Serpophaga cinerea,Serpophaga cinerea,Aves
5506,Serpophaga griseicapilla,Serpophaga griseicapilla,Aves
5507,Serpophaga hypoleuca,Serpophaga hypoleuca,Aves
5508,Serpophaga munda,,
5509,Serpophaga nigricans,Serpophaga nigricans,Aves
5510,Serpophaga subcristata,Serpophaga subcristata,Aves
5511,Setopagis parvula,Setopagis parvula,Aves
5512,Setophaga adelaidae,Setophaga adelaidae,Aves
5513,Setophaga americana,Setophaga americana,Aves
5514,Setophaga caerulescens,Setophaga caerulescens,Aves
5515,Setophaga castanea,Setophaga castanea,Aves
5516,Setophaga cerulea,Setophaga cerulea,Aves
5517,Setophaga chrysoparia,Setophaga chrysoparia,Aves
5518,Setophaga citrina,Setophaga citrina,Aves
5519,Setophaga coronata,Setophaga coronata,Aves
5520,Setophaga discolor,Setophaga discolor,Aves
5521,Setophaga dominica,Setophaga dominica,Aves
5522,Setophaga fusca,Setophaga fusca,Aves
5523,Setophaga graciae,Setophaga graciae,Aves
5524,Setophaga kirtlandii,Setophaga kirtlandii,Aves
5525,Setophaga magnolia,Setophaga magnolia,Aves
5526,Setophaga nigrescens,Setophaga nigrescens,Aves
5527,Setophaga occidentalis,Setophaga occidentalis,Aves
5528,Setophaga palmarum,Setophaga palmarum,Aves
5529,Setophaga pensylvanica,Setophaga pensylvanica,Aves
5530,Setophaga petechia,Setophaga petechia,Aves
5531,Setophaga pinus,Setophaga pinus,Aves
5532,Setophaga pitiayumi,Setophaga pitiayumi,Aves
5533,Setophaga pityophila,Setophaga pityophila,Aves
5534,Setophaga ruticilla,Setophaga ruticilla,Aves
5535,Setophaga striata,Setophaga striata,Aves
5536,Setophaga tigrina,Setophaga tigrina,Aves
5537,Setophaga townsendi,Setophaga townsendi,Aves
5538,Setophaga virens,Setophaga virens,Aves
5539,Sheppardia gunningi,Sheppardia gunningi,Aves
5540,Sheppardia sharpei,Sheppardia sharpei,Aves
5541,Sholicola albiventris,Sholicola albiventris,Aves
5542,Sholicola major,Sholicola major,Aves
5543,Sialia currucoides,Sialia currucoides,Aves
5544,Sialia mexicana,Sialia mexicana,Aves
5545,Sialia sialis,Sialia sialis,Aves
5546,Sicalis auriventris,Sicalis auriventris,Aves
5547,Sicalis citrina,Sicalis citrina,Aves
5548,Sicalis flaveola,Sicalis flaveola,Aves
5549,Sicalis lebruni,Sicalis lebruni,Aves
5550,Sicalis luteocephala,Sicalis luteocephala,Aves
5551,Sicalis luteola,Sicalis luteola,Aves
5552,Sicalis olivascens,Sicalis olivascens,Aves
5553,Sicalis uropygialis,Sicalis uropigyalis,Aves
5554,Sinosuthora webbiana,Suthora webbiana,Aves
5555,Siphonorhis brewsteri,Siphonorhis brewsteri,Aves
5556,Sipia berlepschi,Sipia berlepschi,Aves
5557,Sipia laemosticta,Sipia laemosticta,Aves
5558,Sipia nigricauda,Sipia nigricauda,Aves
5559,Sipia palliata,Sipia palliata,Aves
5560,Siren,,
5561,Sirystes albocinereus,Sirystes albocinereus,Aves
5562,Sirystes albogriseus,Sirystes albogriseus,Aves
5563,Sirystes sibilator,Sirystes sibilator,Aves
5564,Sitta canadensis,Sitta canadensis,Aves
5565,Sitta carolinensis,Sitta carolinensis,Aves
5566,Sitta cinnamoventris,Sitta cinnamoventris,Aves
5567,Sitta europaea,Sitta europaea,Aves
5568,Sitta frontalis,Sitta frontalis,Aves
5569,Sitta himalayensis,Sitta himalayensis,Aves
5570,Sitta krueperi,Sitta krueperi,Aves
5571,Sitta magna,Sitta magna,Aves
5572,Sitta nagaensis,Sitta nagaensis,Aves
5573,Sitta neumayer,Sitta neumayer,Aves
5574,Sitta pusilla,Sitta pusilla,Aves
5575,Sitta pygmaea,Sitta pygmaea,Aves
5576,Sitta tephronota,Sitta tephronota,Aves
5577,Sitta villosa,Sitta villosa,Aves
5578,Sitta whiteheadi,Sitta whiteheadi,Aves
5579,Sitta yunnanensis,Sitta yunnanensis,Aves
5580,Sittasomus griseicapillus,Sittasomus griseicapillus,Aves
5581,Sittiparus castaneoventris,Sittiparus castaneoventris,Aves
5582,Sittiparus owstoni,Sittiparus owstoni,Aves
5583,Sittiparus varius,Sittiparus varius,Aves
5584,Smicrornis brevirostris,Smicrornis brevirostris,Aves
5585,Smithornis capensis,Smithornis capensis,Aves
5586,Smithornis rufolateralis,Smithornis rufolateralis,Aves
5587,Snowornis subalaris,Snowornis subalaris,Aves
5588,Somateria mollissima,Somateria mollissima,Aves
5589,Somateria spectabilis,Somateria spectabilis,Aves
5590,Spartonoica maluroides,Spartonoica maluroides,Aves
5591,Spatula clypeata,Spatula clypeata,Aves
5592,Spatula cyanoptera,Spatula cyanoptera,Aves
5593,Spatula discors,Spatula discors,Aves
5594,Spatula platalea,Spatula platalea,Aves
5595,Spatula puna,Spatula puna,Aves
5596,Spatula querquedula,Spatula querquedula,Aves
5597,Spea bombifrons,,
5598,Spelaeornis caudatus,Spelaeornis caudatus,Aves
5599,Spelaeornis oatesi,Spelaeornis oatesi,Aves
5600,Spelaeornis troglodytoides,Spelaeornis troglodytoides,Aves
5601,Spermestes cucullata,Spermestes cucullata,Aves
5602,Spermophaga haematina,Spermophaga haematina,Aves
5603,Sphecotheres vieilloti,Sphecotheres vieilloti,Aves
5604,Spheniscus demersus,Spheniscus demersus,Aves
5605,Spheniscus magellanicus,Spheniscus magellanicus,Aves
5606,Sphenoeacus afer,Sphenoeacus afer,Aves
5607,Sphenopsis frontalis,Sphenopsis frontalis,Aves
5608,Sphenopsis melanotis,Sphenopsis melanotis,Aves
5609,Sphyrapicus nuchalis,Sphyrapicus nuchalis,Aves
5610,Sphyrapicus ruber,Sphyrapicus ruber,Aves
5611,Sphyrapicus thyroideus,Sphyrapicus thyroideus,Aves
5612,Sphyrapicus varius,Sphyrapicus varius,Aves
5613,Spiloptila clamans,Spiloptila clamans,Aves
5614,Spilornis cheela,Spilornis cheela,Aves
5615,Spilornis holospilus,Spilornis holospilus,Aves
5616,Spindalis zena,Spindalis zena,Aves
5617,Spinus atratus,Spinus atratus,Aves
5618,Spinus barbatus,Spinus barbatus,Aves
5619,Spinus crassirostris,Spinus crassirostris,Aves
5620,Spinus cucullatus,Spinus cucullatus,Aves
5621,Spinus lawrencei,Spinus lawrencei,Aves
5622,Spinus magellanicus,Spinus magellanicus,Aves
5623,Spinus notatus,Spinus notatus,Aves
5624,Spinus olivaceus,Spinus olivaceus,Aves
5625,Spinus pinus,Spinus pinus,Aves
5626,Spinus psaltria,Spinus psaltria,Aves
5627,Spinus spinescens,Spinus spinescens,Aves
5628,Spinus spinus,Spinus spinus,Aves
5629,Spinus tristis,Spinus tristis,Aves
5630,Spinus xanthogastrus,Spinus xanthogastrus,Aves
5631,Spiza americana,Spiza americana,Aves
5632,Spizaetus isidori,Spizaetus isidori,Aves
5633,Spizaetus melanoleucus,Spizaetus melanoleucus,Aves
5634,Spizaetus ornatus,Spizaetus ornatus,Aves
5635,Spizaetus tyrannus,Spizaetus tyrannus,Aves
5636,Spizella atrogularis,Spizella atrogularis,Aves
5637,Spizella breweri,Spizella breweri,Aves
5638,Spizella pallida,Spizella pallida,Aves
5639,Spizella passerina,Spizella passerina,Aves
5640,Spizella pusilla,Spizella pusilla,Aves
5641,Spizella wortheni,Spizella wortheni,Aves
5642,Spizelloides arborea,Spizelloides arborea,Aves
5643,Spiziapteryx circumcincta,Spiziapteryx circumcincta,Aves
5644,Spizixos canifrons,Spizixos canifrons,Aves
5645,Spizixos semitorques,Spizixos semitorques,Aves
5646,Spodiopsar cineraceus,Spodiopsar cineraceus,Aves
5647,Spodiopsar sericeus,Spodiopsar sericeus,Aves
5648,Spodiornis rusticus,Haplospiza rustica,Aves
5649,Sporathraupis cyanocephala,Sporathraupis cyanocephala,Aves
5650,Sporophila albogularis,Sporophila albogularis,Aves
5651,Sporophila angolensis,Sporophila angolensis,Aves
5652,Sporophila atrirostris,Sporophila atrirostris,Aves
5653,Sporophila bouvreuil,Sporophila bouvreuil,Aves
5654,Sporophila bouvronides,Sporophila bouvronides,Aves
5655,Sporophila caerulescens,Sporophila caerulescens,Aves
5656,Sporophila castaneiventris,Sporophila castaneiventris,Aves
5657,Sporophila cinnamomea,Sporophila cinnamomea,Aves
5658,Sporophila collaris,Sporophila collaris,Aves
5659,Sporophila corvina,Sporophila corvina,Aves
5660,Sporophila crassirostris,Sporophila crassirostris,Aves
5661,Sporophila falcirostris,Sporophila falcirostris,Aves
5662,Sporophila fringilloides,Sporophila fringilloides,Aves
5663,Sporophila frontalis,Sporophila frontalis,Aves
5664,Sporophila funerea,Sporophila funerea,Aves
5665,Sporophila hypochroma,Sporophila hypochroma,Aves
5666,Sporophila hypoxantha,Sporophila hypoxantha,Aves
5667,Sporophila intermedia,Sporophila intermedia,Aves
5668,Sporophila leucoptera,Sporophila leucoptera,Aves
5669,Sporophila lineola,Sporophila lineola,Aves
5670,Sporophila luctuosa,Sporophila luctuosa,Aves
5671,Sporophila minuta,Sporophila minuta,Aves
5672,Sporophila morelleti,Sporophila morelleti,Aves
5673,Sporophila murallae,,
5674,Sporophila nigricollis,Sporophila nigricollis,Aves
5675,Sporophila nuttingi,Sporophila nuttingi,Aves
5676,Sporophila palustris,Sporophila palustris,Aves
5677,Sporophila peruviana,Sporophila peruviana,Aves
5678,Sporophila pileata,Sporophila pileata,Aves
5679,Sporophila plumbea,Sporophila plumbea,Aves
5680,Sporophila ruficollis,Sporophila ruficollis,Aves
5681,Sporophila schistacea,Sporophila schistacea,Aves
5682,Sporophila simplex,Sporophila simplex,Aves
5683,Sporophila telasco,Sporophila telasco,Aves
5684,Sporophila torqueola,Sporophila torqueola,Aves
5685,Sporopipes frontalis,Sporopipes frontalis,Aves
5686,Sporopipes squamifrons,Sporopipes squamifrons,Aves
5687,Stachyris maculata,Stachyris maculata,Aves
5688,Stachyris nigriceps,Stachyris nigriceps,Aves
5689,Stachyris nigricollis,Stachyris nigricollis,Aves
5690,Stachyris poliocephala,Stachyris poliocephala,Aves
5691,Stachyris strialata,Stachyris strialata,Aves
5692,Stachyris thoracica,Stachyris thoracica,Aves
5693,Stactolaema leucotis,Stactolaema leucotis,Aves
5694,Stactolaema olivacea,Cryptolybia olivacea,Aves
5695,Stagonopleura bella,Stagonopleura bella,Aves
5696,Staphida torqueola,Staphida torqueola,Aves
5697,Steatornis caripensis,Steatornis caripensis,Aves
5698,Stelgidillas gracilirostris,Stelgidillas gracilirostris,Aves
5699,Stelgidopteryx ruficollis,Stelgidopteryx ruficollis,Aves
5700,Stelgidopteryx serripennis,Stelgidopteryx serripennis,Aves
5701,Stenostira scita,Stenostira scita,Aves
5702,Stephanoaetus coronatus,Stephanoaetus coronatus,Aves
5703,Stephanophorus diadematus,Stephanophorus diadematus,Aves
5704,Stephanoxis lalandi,Stephanoxis lalandi,Aves
5705,Stephanoxis loddigesii,Stephanoxis loddigesii,Aves
5706,Stercorarius antarcticus,Stercorarius antarcticus,Aves
5707,Stercorarius longicaudus,Stercorarius longicaudus,Aves
5708,Stercorarius maccormicki,Stercorarius maccormicki,Aves
5709,Stercorarius parasiticus,Stercorarius parasiticus,Aves
5710,Stercorarius pomarinus,Stercorarius pomarinus,Aves
5711,Stercorarius skua,Stercorarius skua,Aves
5712,Sterna aurantia,Sterna aurantia,Aves
5713,Sterna dougallii,Sterna dougallii,Aves
5714,Sterna forsteri,Sterna forsteri,Aves
5715,Sterna hirundinacea,Sterna hirundinacea,Aves
5716,Sterna hirundo,Sterna hirundo,Aves
5717,Sterna paradisaea,Sterna paradisaea,Aves
5718,Sterna repressa,Sterna repressa,Aves
5719,Sterna striata,Sterna striata,Aves
5720,Sterna sumatrana,Sterna sumatrana,Aves
5721,Sterna trudeaui,Sterna trudeaui,Aves
5722,Sterna vittata,Sterna vittata,Aves
5723,Sternula albifrons,Sternula albifrons,Aves
5724,Sternula antillarum,Sternula antillarum,Aves
5725,Sternula saundersi,Sternula saundersi,Aves
5726,Sternula superciliaris,Sternula superciliaris,Aves
5727,Stigmatura budytoides,Stigmatura budytoides,Aves
5728,Stigmatura napensis,Stigmatura napensis,Aves
5729,Stilpnia cayana,Stilpnia cayana,Aves
5730,Stilpnia cyanicollis,Stilpnia cyanicollis,Aves
5731,Stilpnia cyanoptera,Stilpnia cyanoptera,Aves
5732,Stilpnia heinei,Stilpnia heinei,Aves
5733,Stilpnia larvata,Stilpnia larvata,Aves
5734,Stilpnia nigrocincta,Stilpnia nigrocincta,Aves
5735,Stilpnia peruviana,Stilpnia peruviana,Aves
5736,Stilpnia preciosa,Stilpnia preciosa,Aves
5737,Stilpnia vitriolina,Stilpnia vitriolina,Aves
5738,Stiphrornis erythrothorax,Stiphrornis erythrothorax,Aves
5739,Stipiturus malachurus,Stipiturus malachurus,Aves
5740,Stizoptera bichenovii,Stizoptera bichenovii,Aves
5741,Stomiopera unicolor,Stomiopera unicolor,Aves
5742,Strepera fuliginosa,Strepera fuliginosa,Aves
5743,Strepera graculina,Strepera graculina,Aves
5744,Strepera versicolor,Strepera versicolor,Aves
5745,Streptopelia capicola,Streptopelia capicola,Aves
5746,Streptopelia chinensis,Spilopelia chinensis,Aves
5747,Streptopelia decaocto,Streptopelia decaocto,Aves
5748,Streptopelia decipiens,Streptopelia decipiens,Aves
5749,Streptopelia lugens,Streptopelia lugens,Aves
5750,Streptopelia orientalis,Streptopelia orientalis,Aves
5751,Streptopelia roseogrisea,Streptopelia roseogrisea,Aves
5752,Streptopelia semitorquata,Streptopelia semitorquata,Aves
5753,Streptopelia senegalensis,Spilopelia senegalensis,Aves
5754,Streptopelia tranquebarica,Streptopelia tranquebarica,Aves
5755,Streptopelia turtur,Streptopelia turtur,Aves
5756,Streptopelia vinacea,Streptopelia vinacea,Aves
5757,Streptoprocne biscutata,Streptoprocne biscutata,Aves
5758,Streptoprocne rutila,Streptoprocne rutila,Aves
5759,Streptoprocne zonaris,Streptoprocne zonaris,Aves
5760,Strix aluco,Strix aluco,Aves
5761,Strix chacoensis,Strix chacoensis,Aves
5762,Strix fulvescens,Strix fulvescens,Aves
5763,Strix hadorami,Strix hadorami,Aves
5764,Strix hylophila,Strix hylophila,Aves
5765,Strix leptogrammica,Strix leptogrammica,Aves
5766,Strix nebulosa,Strix nebulosa,Aves
5767,Strix nivicolum,Strix nivicolum,Aves
5768,Strix occidentalis,Strix occidentalis,Aves
5769,Strix ocellata,Strix ocellata,Aves
5770,Strix rufipes,Strix rufipes,Aves
5771,Strix seloputo,Strix seloputo,Aves
5772,Strix uralensis,Strix uralensis,Aves
5773,Strix varia,Strix varia,Aves
5774,Strix woodfordii,Strix woodfordii,Aves
5775,Struthidea cinerea,Struthidea cinerea,Aves
5776,Sturnella magna,Sturnella magna,Aves
5777,Sturnella neglecta,Sturnella neglecta,Aves
5778,Sturnia blythii,Sturnia blythii,Aves
5779,Sturnia malabarica,Sturnia malabarica,Aves
5780,Sturnia pagodarum,Sturnia pagodarum,Aves
5781,Sturnia sinensis,Sturnia sinensis,Aves
5782,Sturnus unicolor,Sturnus unicolor,Aves
5783,Sturnus vulgaris,Sturnus vulgaris,Aves
5784,Sublegatus arenarum,Sublegatus arenarum,Aves
5785,Sublegatus modestus,Sublegatus modestus,Aves
5786,Sublegatus obscurior,Sublegatus obscurior,Aves
5787,Sugomel nigrum,Sugomel nigrum,Aves
5788,Suiriri suiriri,Suiriri suiriri,Aves
5789,Sula dactylatra,Sula dactylatra,Aves
5790,Sula leucogaster,Sula leucogaster,Aves
5791,Sula nebouxii,Sula nebouxii,Aves
5792,Sula sula,Sula sula,Aves
5793,Surnia ulula,Surnia ulula,Aves
5794,Surniculus dicruroides,Surniculus dicruroides,Aves
5795,Surniculus lugubris,Surniculus lugubris,Aves
5796,Surniculus velutinus,Surniculus velutinus,Aves
5797,Suthora nipalensis,Suthora nipalensis,Aves
5798,Suthora verreauxi,Suthora verreauxi,Aves
5799,Swynnertonia swynnertoni,Swynnertonia swynnertoni,Aves
5800,Sylvia abyssinica,Sylvia abyssinica,Aves
5801,Sylvia atricapilla,Sylvia atricapilla,Aves
5802,Sylvia atriceps,Sylvia atriceps,Aves
5803,Sylvia borin,Sylvia borin,Aves
5804,Sylvia nigricapillus,Sylvia nigricapillus,Aves
5805,Sylvietta brachyura,Sylvietta brachyura,Aves
5806,Sylvietta rufescens,Sylvietta rufescens,Aves
5807,Sylvietta ruficapilla,Sylvietta ruficapilla,Aves
5808,Sylvietta virens,Sylvietta virens,Aves
5809,Sylvietta whytii,Sylvietta whytii,Aves
5810,Sylviorthorhynchus desmursii,Sylviorthorhynchus desmurii,Aves
5811,Sylviorthorhynchus yanacensis,Sylviorthorhynchus yanacensis,Aves
5812,Sylviparus modestus,Sylviparus modestus,Aves
5813,Syma torotoro,Syma torotoro,Aves
5814,Symposiachrus trivirgatus,Symposiachrus trivirgatus,Aves
5815,Synallaxis albescens,Synallaxis albescens,Aves
5816,Synallaxis albigularis,Synallaxis albigularis,Aves
5817,Synallaxis albilora,Synallaxis albilora,Aves
5818,Synallaxis azarae,Synallaxis azarae,Aves
5819,Synallaxis brachyura,Synallaxis brachyura,Aves
5820,Synallaxis cabanisi,Synallaxis cabanisi,Aves
5821,Synallaxis candei,Synallaxis candei,Aves
5822,Synallaxis castanea,Synallaxis castanea,Aves
5823,Synallaxis cherriei,Synallaxis cherriei,Aves
5824,Synallaxis cinerascens,Synallaxis cinerascens,Aves
5825,Synallaxis cinerea,Synallaxis cinerea,Aves
5826,Synallaxis cinnamomea,Synallaxis cinnamomea,Aves
5827,Synallaxis courseni,Synallaxis courseni,Aves
5828,Synallaxis erythrothorax,Synallaxis erythrothorax,Aves
5829,Synallaxis frontalis,Synallaxis frontalis,Aves
5830,Synallaxis fuscorufa,Synallaxis fuscorufa,Aves
5831,Synallaxis gujanensis,Synallaxis gujanensis,Aves
5832,Synallaxis hellmayri,Synallaxis hellmayri,Aves
5833,Synallaxis hypochondriaca,Synallaxis hypochondriaca,Aves
5834,Synallaxis hypospodia,Synallaxis hypospodia,Aves
5835,Synallaxis infuscata,Synallaxis infuscata,Aves
5836,Synallaxis kollari,Synallaxis kollari,Aves
5837,Synallaxis macconnelli,Synallaxis macconnelli,Aves
5838,Synallaxis maranonica,Synallaxis maranonica,Aves
5839,Synallaxis moesta,Synallaxis moesta,Aves
5840,Synallaxis ruficapilla,Synallaxis ruficapilla,Aves
5841,Synallaxis rutilans,Synallaxis rutilans,Aves
5842,Synallaxis scutata,Synallaxis scutata,Aves
5843,Synallaxis spixi,Synallaxis spixi,Aves
5844,Synallaxis stictothorax,Synallaxis stictothorax,Aves
5845,Synallaxis subpudica,Synallaxis subpudica,Aves
5846,Synallaxis tithys,Synallaxis tithys,Aves
5847,Synallaxis unirufa,Synallaxis unirufa,Aves
5848,Syndactyla dimidiata,Syndactyla dimidiata,Aves
5849,Syndactyla guttulata,Syndactyla guttulata,Aves
5850,Syndactyla ruficollis,Syndactyla ruficollis,Aves
5851,Syndactyla rufosuperciliata,Syndactyla rufosuperciliata,Aves
5852,Syndactyla striata,Syndactyla striata,Aves
5853,Syndactyla subalaris,Syndactyla subalaris,Aves
5854,Syndactyla ucayalae,Syndactyla ucayalae,Aves
5855,Synoicus chinensis,Synoicus chinensis,Aves
5856,Synoicus ypsilophorus,Synoicus ypsilophorus,Aves
5857,Syrigma sibilatrix,Syrigma sibilatrix,Aves
5858,Syrrhaptes paradoxus,Syrrhaptes paradoxus,Aves
5859,Systellura decussata,Systellura decussata,Aves
5860,Systellura longirostris,Systellura longirostris,Aves
5861,Taccocua leschenaultii,Taccocua leschenaultii,Aves
5862,Tachornis phoenicobia,Tachornis phoenicobia,Aves
5863,Tachornis squamata,Tachornis squamata,Aves
5864,Tachuris rubrigastra,Tachuris rubrigastra,Aves
5865,Tachybaptus dominicus,Tachybaptus dominicus,Aves
5866,Tachybaptus novaehollandiae,Tachybaptus novaehollandiae,Aves
5867,Tachybaptus ruficollis,Tachybaptus ruficollis,Aves
5868,Tachycineta albilinea,Tachycineta albilinea,Aves
5869,Tachycineta albiventer,Tachycineta albiventer,Aves
5870,Tachycineta bicolor,Tachycineta bicolor,Aves
5871,Tachycineta euchrysea,Tachycineta euchrysea,Aves
5872,Tachycineta leucopyga,Tachycineta leucopyga,Aves
5873,Tachycineta leucorrhoa,Tachycineta leucorrhoa,Aves
5874,Tachycineta thalassina,Tachycineta thalassina,Aves
5875,Tachyeres patachonicus,Tachyeres patachonicus,Aves
5876,Tachyphonus coronatus,Tachyphonus coronatus,Aves
5877,Tachyphonus delatrii,Tachyphonus delatrii,Aves
5878,Tachyphonus phoenicius,Tachyphonus phoenicius,Aves
5879,Tachyphonus rufus,Tachyphonus rufus,Aves
5880,Tachyphonus surinamus,Tachyphonus surinamus,Aves
5881,Tadorna cana,Tadorna cana,Aves
5882,Tadorna ferruginea,Tadorna ferruginea,Aves
5883,Tadorna tadorna,Tadorna tadorna,Aves
5884,Tadorna tadornoides,Tadorna tadornoides,Aves
5885,Tadorna variegata,Tadorna variegata,Aves
5886,Taenioptynx brodiei,Taenioptynx brodiei,Aves
5887,Taeniopygia guttata,Taeniopygia guttata,Aves
5888,Taeniotriccus andrei,Taeniotriccus andrei,Aves
5889,Talaphorus chlorocercus,Talaphorus chlorocercus,Aves
5890,Talegalla fuscirostris,Talegalla fuscirostris,Aves
5891,Talegalla jobiensis,Talegalla jobiensis,Aves
5892,Tamias striatus,Tamias striatus,Aves
5893,Tamiasciurus hudsonicus,Tamiasciurus hudsonicus,Aves
5894,Tangara arthus,Tangara arthus,Aves
5895,Tangara chilensis,Tangara chilensis,Aves
5896,Tangara cyanocephala,Tangara cyanocephala,Aves
5897,Tangara cyanoventris,Tangara cyanoventris,Aves
5898,Tangara desmaresti,Tangara desmaresti,Aves
5899,Tangara dowii,Tangara dowii,Aves
5900,Tangara florida,Tangara florida,Aves
5901,Tangara gyrola,Tangara gyrola,Aves
5902,Tangara icterocephala,Tangara icterocephala,Aves
5903,Tangara inornata,Tangara inornata,Aves
5904,Tangara labradorides,Tangara labradorides,Aves
5905,Tangara lavinia,Tangara lavinia,Aves
5906,Tangara mexicana,Tangara mexicana,Aves
5907,Tangara nigroviridis,Tangara nigroviridis,Aves
5908,Tangara parzudakii,Tangara parzudakii,Aves
5909,Tangara schrankii,Tangara schrankii,Aves
5910,Tangara seledon,Tangara seledon,Aves
5911,Tangara vassorii,Tangara vassorii,Aves
5912,Tangara velia,Tangara velia,Aves
5913,Tangara xanthocephala,Tangara xanthocephala,Aves
5914,Tanygnathus sumatranus,Tanygnathus sumatranus,Aves
5915,Tanysiptera galatea,Tanysiptera galatea,Aves
5916,Tanysiptera sylvia,Tanysiptera sylvia,Aves
5917,Tapera naevia,Tapera naevia,Aves
5918,Taraba major,Taraba major,Aves
5919,Tarphonomus certhioides,Tarphonomus certhioides,Aves
5920,Tarphonomus harterti,Tarphonomus harterti,Aves
5921,Tarsiger chrysaeus,Tarsiger chrysaeus,Aves
5922,Tarsiger cyanurus,Tarsiger cyanurus,Aves
5923,Tarsiger indicus,Tarsiger indicus,Aves
5924,Tarsiger johnstoniae,Tarsiger johnstoniae,Aves
5925,Tarsiger rufilatus,Tarsiger rufilatus,Aves
5926,Tauraco corythaix,Tauraco corythaix,Aves
5927,Tauraco fischeri,Tauraco fischeri,Aves
5928,Tauraco hartlaubi,Tauraco hartlaubi,Aves
5929,Tauraco leucotis,Menelikornis leucotis,Aves
5930,Tauraco livingstonii,Tauraco livingstonii,Aves
5931,Tauraco macrorhynchus,Tauraco macrorhynchus,Aves
5932,Tauraco persa,Tauraco persa,Aves
5933,Tauraco porphyreolophus,Gallirex porphyreolophus,Aves
5934,Tauraco schalowi,Tauraco schalowi,Aves
5935,Tchagra australis,Tchagra australis,Aves
5936,Tchagra senegalus,Tchagra senegalus,Aves
5937,Tchagra tchagra,Tchagra tchagra,Aves
5938,Teledromas fuscus,Teledromas fuscus,Aves
5939,Telespiza ultima,Telespiza ultima,Aves
5940,Telophorus bocagei,Chlorophoneus bocagei,Aves
5941,Telophorus dohertyi,Telophorus dohertyi,Aves
5942,Telophorus nigrifrons,Chlorophoneus nigrifrons,Aves
5943,Telophorus olivaceus,Chlorophoneus olivaceus,Aves
5944,Telophorus sulfureopectus,Chlorophoneus sulfureopectus,Aves
5945,Telophorus viridis,Telophorus viridis,Aves
5946,Telophorus zeylonus,Telophorus zeylonus,Aves
5947,Temnurus temnurus,Temnurus temnurus,Aves
5948,Tephrodornis pondicerianus,Tephrodornis pondicerianus,Aves
5949,Tephrodornis sylvicola,Tephrodornis sylvicola,Aves
5950,Tephrodornis virgatus,Tephrodornis virgatus,Aves
5951,Terenotriccus erythrurus,Terenotriccus erythrurus,Aves
5952,Terenura maculata,Terenura maculata,Aves
5953,Terenura sicki,Terenura sicki,Aves
5954,Teretistris fernandinae,Teretistris fernandinae,Aves
5955,Teretistris fornsi,Teretistris fornsi,Aves
5956,Terpsiphone affinis,Terpsiphone affinis,Aves
5957,Terpsiphone atrocaudata,Terpsiphone atrocaudata,Aves
5958,Terpsiphone bourbonnensis,Terpsiphone bourbonnensis,Aves
5959,Terpsiphone cinnamomea,Terpsiphone cinnamomea,Aves
5960,Terpsiphone incei,Terpsiphone incei,Aves
5961,Terpsiphone mutata,Terpsiphone mutata,Aves
5962,Terpsiphone paradisi,Terpsiphone paradisi,Aves
5963,Terpsiphone rufiventer,Terpsiphone rufiventer,Aves
5964,Terpsiphone viridis,Terpsiphone viridis,Aves
5965,Tersina viridis,Tersina viridis,Aves
5966,Tesia cyaniventer,Tesia cyaniventer,Aves
5967,Tesia everetti,Tesia everetti,Aves
5968,Tesia olivea,Tesia olivea,Aves
5969,Tesia superciliaris,Tesia superciliaris,Aves
5970,Tetrao urogallus,Tetrao urogallus,Aves
5971,Tetraogallus caucasicus,Tetraogallus caucasicus,Aves
5972,Tetraogallus tibetanus,Tetraogallus tibetanus,Aves
5973,Tetrastes bonasia,Tetrastes bonasia,Aves
5974,Tetrax tetrax,Tetrax tetrax,Aves
5975,Thalassarche melanophris,Thalassarche melanophris,Aves
5976,Thalasseus bengalensis,Thalasseus bengalensis,Aves
5977,Thalasseus bergii,Thalasseus bergii,Aves
5978,Thalasseus elegans,Thalasseus elegans,Aves
5979,Thalasseus maximus,Thalasseus maximus,Aves
5980,Thalasseus sandvicensis,Thalasseus sandvicensis,Aves
5981,Thalurania colombica,Thalurania colombica,Aves
5982,Thalurania furcata,Thalurania furcata,Aves
5983,Thalurania glaucopis,Thalurania glaucopis,Aves
5984,Thamnistes anabatinus,Thamnistes anabatinus,Aves
5985,Thamnolaea cinnamomeiventris,Thamnolaea cinnamomeiventris,Aves
5986,Thamnomanes ardesiacus,Thamnomanes ardesiacus,Aves
5987,Thamnomanes caesius,Thamnomanes caesius,Aves
5988,Thamnomanes saturninus,Thamnomanes saturninus,Aves
5989,Thamnomanes schistogynus,Thamnomanes schistogynus,Aves
5990,Thamnophilus aethiops,Thamnophilus aethiops,Aves
5991,Thamnophilus amazonicus,Thamnophilus amazonicus,Aves
5992,Thamnophilus ambiguus,Thamnophilus ambiguus,Aves
5993,Thamnophilus aroyae,Thamnophilus aroyae,Aves
5994,Thamnophilus atrinucha,Thamnophilus atrinucha,Aves
5995,Thamnophilus bernardi,Thamnophilus bernardi,Aves
5996,Thamnophilus bridgesi,Thamnophilus bridgesi,Aves
5997,Thamnophilus caerulescens,Thamnophilus caerulescens,Aves
5998,Thamnophilus cryptoleucus,Thamnophilus cryptoleucus,Aves
5999,Thamnophilus doliatus,Thamnophilus doliatus,Aves
6000,Thamnophilus melanonotus,Thamnophilus melanonotus,Aves
6001,Thamnophilus multistriatus,Thamnophilus multistriatus,Aves
6002,Thamnophilus murinus,Thamnophilus murinus,Aves
6003,Thamnophilus nigriceps,Thamnophilus nigriceps,Aves
6004,Thamnophilus nigrocinereus,Thamnophilus nigrocinereus,Aves
6005,Thamnophilus palliatus,Thamnophilus palliatus,Aves
6006,Thamnophilus pelzelni,Thamnophilus pelzelni,Aves
6007,Thamnophilus praecox,Thamnophilus praecox,Aves
6008,Thamnophilus punctatus,Thamnophilus punctatus,Aves
6009,Thamnophilus ruficapillus,Thamnophilus ruficapillus,Aves
6010,Thamnophilus schistaceus,Thamnophilus schistaceus,Aves
6011,Thamnophilus stictocephalus,Thamnophilus stictocephalus,Aves
6012,Thamnophilus sticturus,Thamnophilus sticturus,Aves
6013,Thamnophilus tenuepunctatus,Thamnophilus tenuepunctatus,Aves
6014,Thamnophilus torquatus,Thamnophilus torquatus,Aves
6015,Thamnophilus unicolor,Thamnophilus unicolor,Aves
6016,Thamnophilus zarumae,Thamnophilus zarumae,Aves
6017,Thectocercus acuticaudatus,Thectocercus acuticaudatus,Aves
6018,Theristicus caerulescens,Theristicus caerulescens,Aves
6019,Theristicus caudatus,Theristicus caudatus,Aves
6020,Theristicus melanopis,Theristicus melanopis,Aves
6021,Thescelocichla leucopleura,Thescelocichla leucopleura,Aves
6022,Thinocorus orbignyianus,Thinocorus orbignyianus,Aves
6023,Thinocorus rumicivorus,Thinocorus rumicivorus,Aves
6024,Thlypopsis ornata,Thlypopsis ornata,Aves
6025,Thlypopsis pyrrhocoma,Thlypopsis pyrrhocoma,Aves
6026,Thlypopsis sordida,Thlypopsis sordida,Aves
6027,Thlypopsis superciliaris,Thlypopsis superciliaris,Aves
6028,Thraupis abbas,Thraupis abbas,Aves
6029,Thraupis cyanoptera,Thraupis cyanoptera,Aves
6030,Thraupis episcopus,Thraupis episcopus,Aves
6031,Thraupis ornata,Thraupis ornata,Aves
6032,Thraupis palmarum,Thraupis palmarum,Aves
6033,Thraupis sayaca,Thraupis sayaca,Aves
6034,Threnetes leucurus,Threnetes leucurus,Aves
6035,Threnetes ruckeri,Threnetes ruckeri,Aves
6036,Threskiornis melanocephalus,Threskiornis melanocephalus,Aves
6037,Threskiornis molucca,Threskiornis molucca,Aves
6038,Thripadectes flammulatus,Thripadectes flammulatus,Aves
6039,Thripadectes holostictus,Thripadectes holostictus,Aves
6040,Thripadectes ignobilis,Thripadectes ignobilis,Aves
6041,Thripadectes melanorhynchus,Thripadectes melanorhynchus,Aves
6042,Thripadectes rufobrunneus,Thripadectes rufobrunneus,Aves
6043,Thripadectes scrutator,Thripadectes scrutator,Aves
6044,Thripadectes virgaticeps,Thripadectes virgaticeps,Aves
6045,Thripophaga cherriei,Thripophaga cherriei,Aves
6046,Thripophaga fusciceps,Thripophaga fusciceps,Aves
6047,Thripophaga macroura,Thripophaga macroura,Aves
6048,Thryomanes bewickii,Thryomanes bewickii,Aves
6049,Thryophilus nicefori,Thryophilus nicefori,Aves
6050,Thryophilus pleurostictus,Thryophilus pleurostictus,Aves
6051,Thryophilus rufalbus,Thryophilus rufalbus,Aves
6052,Thryophilus sernai,Thryophilus sernai,Aves
6053,Thryophilus sinaloa,Thryophilus sinaloa,Aves
6054,Thryothorus ludovicianus,Thryothorus ludovicianus,Aves
6055,Tiaris olivaceus,Tiaris olivaceus,Aves
6056,Tichodroma muraria,Tichodroma muraria,Aves
6057,Tickellia hodgsoni,Tickellia hodgsoni,Aves
6058,Tigrisoma lineatum,Tigrisoma lineatum,Aves
6059,Tigrisoma mexicanum,Tigrisoma mexicanum,Aves
6060,Timalia pileata,Timalia pileata,Aves
6061,Tinamotis pentlandii,Tinamotis pentlandii,Aves
6062,Tinamus guttatus,Tinamus guttatus,Aves
6063,Tinamus major,Tinamus major,Aves
6064,Tinamus solitarius,Tinamus solitarius,Aves
6065,Tinamus tao,Tinamus tao,Aves
6066,Tityra cayana,Tityra cayana,Aves
6067,Tityra inquisitor,Tityra inquisitor,Aves
6068,Tityra semifasciata,Tityra semifasciata,Aves
6069,Tockus deckeni,Tockus deckeni,Aves
6070,Tockus erythrorhynchus,Tockus erythrorhynchus,Aves
6071,Tockus kempi,Tockus kempi,Aves
6072,Tockus leucomelas,Tockus leucomelas,Aves
6073,Tockus rufirostris,Tockus rufirostris,Aves
6074,Todiramphus australasia,Todiramphus australasia,Aves
6075,Todiramphus chloris,Todiramphus chloris,Aves
6076,Todiramphus funebris,Todiramphus funebris,Aves
6077,Todiramphus macleayii,Todiramphus macleayii,Aves
6078,Todiramphus sacer,Todiramphus sacer,Aves
6079,Todiramphus sanctus,Todiramphus sanctus,Aves
6080,Todiramphus sordidus,Todiramphus sordidus,Aves
6081,Todiramphus tristrami,Todiramphus tristrami,Aves
6082,Todiramphus winchelli,Todiramphus winchelli,Aves
6083,Todirostrum chrysocrotaphum,Todirostrum chrysocrotaphum,Aves
6084,Todirostrum cinereum,Todirostrum cinereum,Aves
6085,Todirostrum maculatum,Todirostrum maculatum,Aves
6086,Todirostrum nigriceps,Todirostrum nigriceps,Aves
6087,Todirostrum pictum,Todirostrum pictum,Aves
6088,Todirostrum poliocephalum,Todirostrum poliocephalum,Aves
6089,Todus angustirostris,Todus angustirostris,Aves
6090,Todus mexicanus,Todus mexicanus,Aves
6091,Todus multicolor,Todus multicolor,Aves
6092,Todus subulatus,Todus subulatus,Aves
6093,Todus todus,Todus todus,Aves
6094,Tolmomyias assimilis,Tolmomyias assimilis,Aves
6095,Tolmomyias flaviventris,Tolmomyias flaviventris,Aves
6096,Tolmomyias poliocephalus,Tolmomyias poliocephalus,Aves
6097,Tolmomyias sulphurescens,Tolmomyias sulphurescens,Aves
6098,Tolmomyias traylori,Tolmomyias traylori,Aves
6099,Topaza pella,Topaza pella,Aves
6100,Topaza pyra,Topaza pyra,Aves
6101,Torreornis inexpectata,Torreornis inexpectata,Aves
6102,Touit batavicus,Touit batavicus,Aves
6103,Touit dilectissimus,Touit dilectissimus,Aves
6104,Touit huetii,Touit huetii,Aves
6105,Touit melanonotus,Touit melanonotus,Aves
6106,Touit purpuratus,Touit purpuratus,Aves
6107,Touit stictopterus,Touit stictopterus,Aves
6108,Touit surdus,Touit surdus,Aves
6109,Toxorhamphus novaeguineae,Toxorhamphus novaeguineae,Aves
6110,Toxostoma bendirei,Toxostoma bendirei,Aves
6111,Toxostoma cinereum,Toxostoma cinereum,Aves
6112,Toxostoma crissale,Toxostoma crissale,Aves
6113,Toxostoma curvirostre,Toxostoma curvirostre,Aves
6114,Toxostoma lecontei,Toxostoma lecontei,Aves
6115,Toxostoma longirostre,Toxostoma longirostre,Aves
6116,Toxostoma ocellatum,Toxostoma ocellatum,Aves
6117,Toxostoma redivivum,Toxostoma redivivum,Aves
6118,Toxostoma rufum,Toxostoma rufum,Aves
6119,Trachyphonus darnaudii,Trachyphonus darnaudii,Aves
6120,Trachyphonus erythrocephalus,Trachyphonus erythrocephalus,Aves
6121,Trachyphonus purpuratus,Trachylaemus purpuratus,Aves
6122,Trachyphonus vaillantii,Trachyphonus vaillantii,Aves
6123,Tregellasia capito,Tregellasia capito,Aves
6124,Treron affinis,Treron affinis,Aves
6125,Treron bicinctus,Treron bicinctus,Aves
6126,Treron calvus,Treron calvus,Aves
6127,Treron curvirostra,Treron curvirostra,Aves
6128,Treron formosae,Treron formosae,Aves
6129,Treron fulvicollis,Treron fulvicollis,Aves
6130,Treron olax,Treron olax,Aves
6131,Treron phayrei,Treron phayrei,Aves
6132,Treron phoenicopterus,Treron phoenicopterus,Aves
6133,Treron sieboldii,Treron sieboldii,Aves
6134,Treron sphenurus,Treron sphenurus,Aves
6135,Treron vernans,Treron vernans,Aves
6136,Tribonyx mortierii,Tribonyx mortierii,Aves
6137,Tribonyx ventralis,Tribonyx ventralis,Aves
6138,Trichoglossus chlorolepidotus,Trichoglossus chlorolepidotus,Aves
6139,Trichoglossus haematodus,Trichoglossus haematodus,Aves
6140,Trichoglossus moluccanus,Trichoglossus moluccanus,Aves
6141,Trichoglossus rubritorquis,Trichoglossus rubritorquis,Aves
6142,Tricholaema diademata,Tricholaema diademata,Aves
6143,Tricholaema hirsuta,Tricholaema hirsuta,Aves
6144,Tricholaema lacrymosa,Tricholaema lacrymosa,Aves
6145,Tricholaema leucomelas,Tricholaema leucomelas,Aves
6146,Tricholaema melanocephala,Tricholaema melanocephala,Aves
6147,Tricholestes criniger,Tricholestes criniger,Aves
6148,Trichothraupis melanops,Trichothraupis melanops,Aves
6149,Triclaria malachitacea,Triclaria malachitacea,Aves
6150,Tringa brevipes,Tringa brevipes,Aves
6151,Tringa erythropus,Tringa erythropus,Aves
6152,Tringa flavipes,Tringa flavipes,Aves
6153,Tringa glareola,Tringa glareola,Aves
6154,Tringa guttifer,Tringa guttifer,Aves
6155,Tringa incana,Tringa incana,Aves
6156,Tringa melanoleuca,Tringa melanoleuca,Aves
6157,Tringa nebularia,Tringa nebularia,Aves
6158,Tringa ochropus,Tringa ochropus,Aves
6159,Tringa semipalmata,Tringa semipalmata,Aves
6160,Tringa solitaria,Tringa solitaria,Aves
6161,Tringa stagnatilis,Tringa stagnatilis,Aves
6162,Tringa totanus,Tringa totanus,Aves
6163,Trochalopteron affine,Trochalopteron affine,Aves
6164,Trochalopteron chrysopterum,Trochalopteron chrysopterum,Aves
6165,Trochalopteron elliotii,Trochalopteron elliotii,Aves
6166,Trochalopteron erythrocephalum,Trochalopteron erythrocephalum,Aves
6167,Trochalopteron henrici,Trochalopteron henrici,Aves
6168,Trochalopteron imbricatum,Trochalopteron imbricatum,Aves
6169,Trochalopteron lineatum,Trochalopteron lineatum,Aves
6170,Trochalopteron melanostigma,Trochalopteron melanostigma,Aves
6171,Trochalopteron milnei,Trochalopteron milnei,Aves
6172,Trochalopteron morrisonianum,Trochalopteron morrisonianum,Aves
6173,Trochalopteron peninsulae,Trochalopteron peninsulae,Aves
6174,Trochalopteron squamatum,Trochalopteron squamatum,Aves
6175,Trochalopteron subunicolor,Trochalopteron subunicolor,Aves
6176,Trochalopteron variegatum,Trochalopteron variegatum,Aves
6177,Trochalopteron virgatum,Trochalopteron virgatum,Aves
6178,Trochocercus cyanomelas,Trochocercus cyanomelas,Aves
6179,Trochocercus nitens,Trochocercus nitens,Aves
6180,Troglodytes aedon,Troglodytes aedon,Aves
6181,Troglodytes hiemalis,Troglodytes hiemalis,Aves
6182,Troglodytes ochraceus,Troglodytes ochraceus,Aves
6183,Troglodytes pacificus,Troglodytes pacificus,Aves
6184,Troglodytes rufociliatus,Troglodytes rufociliatus,Aves
6185,Troglodytes solstitialis,Troglodytes solstitialis,Aves
6186,Troglodytes troglodytes,Troglodytes troglodytes,Aves
6187,Trogon bairdii,Trogon bairdii,Aves
6188,Trogon caligatus,Trogon caligatus,Aves
6189,Trogon chionurus,Trogon chionurus,Aves
6190,Trogon citreolus,Trogon citreolus,Aves
6191,Trogon clathratus,Trogon clathratus,Aves
6192,Trogon collaris,Trogon collaris,Aves
6193,Trogon comptus,Trogon comptus,Aves
6194,Trogon curucui,Trogon curucui,Aves
6195,Trogon elegans,Trogon elegans,Aves
6196,Trogon massena,Trogon massena,Aves
6197,Trogon melanocephalus,Trogon melanocephalus,Aves
6198,Trogon melanurus,Trogon melanurus,Aves
6199,Trogon mesurus,Trogon mesurus,Aves
6200,Trogon mexicanus,Trogon mexicanus,Aves
6201,Trogon personatus,Trogon personatus,Aves
6202,Trogon ramonianus,Trogon ramonianus,Aves
6203,Trogon rufus,Trogon rufus,Aves
6204,Trogon surrucura,Trogon surrucura,Aves
6205,Trogon violaceus,Trogon violaceus,Aves
6206,Trogon viridis,Trogon viridis,Aves
6207,Tropicoperdix chloropus,Tropicoperdix chloropus,Aves
6208,Tumbezia salvini,Tumbezia salvini,Aves
6209,Tunchiornis ochraceiceps,Tunchiornis ochraceiceps,Aves
6210,Turdinus atrigularis,Turdinus atrigularis,Aves
6211,Turdinus macrodactylus,Turdinus macrodactylus,Aves
6212,Turdinus marmoratus,Turdinus marmoratus,Aves
6213,Turdoides hartlaubii,Turdoides hartlaubii,Aves
6214,Turdoides jardineii,Turdoides jardineii,Aves
6215,Turdoides leucopygia,Turdoides leucopygia,Aves
6216,Turdoides plebejus,Turdoides plebejus,Aves
6217,Turdoides reinwardtii,Turdoides reinwardtii,Aves
6218,Turdoides sharpei,Turdoides sharpei,Aves
6219,Turdus abyssinicus,Turdus abyssinicus,Aves
6220,Turdus albicollis,Turdus albicollis,Aves
6221,Turdus albocinctus,Turdus albocinctus,Aves
6222,Turdus amaurochalinus,Turdus amaurochalinus,Aves
6223,Turdus assimilis,Turdus assimilis,Aves
6224,Turdus atrogularis,Turdus atrogularis,Aves
6225,Turdus aurantius,Turdus aurantius,Aves
6226,Turdus boulboul,Turdus boulboul,Aves
6227,Turdus cardis,Turdus cardis,Aves
6228,Turdus celaenops,Turdus celaenops,Aves
6229,Turdus chiguanco,Turdus chiguanco,Aves
6230,Turdus chrysolaus,Turdus chrysolaus,Aves
6231,Turdus dissimilis,Turdus dissimilis,Aves
6232,Turdus eunomus,Turdus eunomus,Aves
6233,Turdus falcklandii,Turdus falcklandii,Aves
6234,Turdus feae,Turdus feae,Aves
6235,Turdus flavipes,Turdus flavipes,Aves
6236,Turdus fulviventris,Turdus fulviventris,Aves
6237,Turdus fumigatus,Turdus fumigatus,Aves
6238,Turdus fuscater,Turdus fuscater,Aves
6239,Turdus grayi,Turdus grayi,Aves
6240,Turdus hauxwelli,Turdus hauxwelli,Aves
6241,Turdus hortulorum,Turdus hortulorum,Aves
6242,Turdus ignobilis,Turdus ignobilis,Aves
6243,Turdus iliacus,Turdus iliacus,Aves
6244,Turdus infuscatus,Turdus infuscatus,Aves
6245,Turdus lawrencii,Turdus lawrencii,Aves
6246,Turdus leucomelas,Turdus leucomelas,Aves
6247,Turdus leucops,Turdus leucops,Aves
6248,Turdus libonyana,Turdus libonyana,Aves
6249,Turdus maculirostris,Turdus maculirostris,Aves
6250,Turdus mandarinus,Turdus mandarinus,Aves
6251,Turdus maranonicus,Turdus maranonicus,Aves
6252,Turdus menachensis,Turdus menachensis,Aves
6253,Turdus merula,Turdus merula,Aves
6254,Turdus migratorius,Turdus migratorius,Aves
6255,Turdus naumanni,Turdus naumanni,Aves
6256,Turdus nigrescens,Turdus nigrescens,Aves
6257,Turdus nigriceps,Turdus nigriceps,Aves
6258,Turdus nudigenis,Turdus nudigenis,Aves
6259,Turdus obscurus,Turdus obscurus,Aves
6260,Turdus obsoletus,Turdus obsoletus,Aves
6261,Turdus olivaceus,Turdus olivaceus,Aves
6262,Turdus olivater,Turdus olivater,Aves
6263,Turdus pallidus,Turdus pallidus,Aves
6264,Turdus pelios,Turdus pelios,Aves
6265,Turdus philomelos,Turdus philomelos,Aves
6266,Turdus pilaris,Turdus pilaris,Aves
6267,Turdus plebejus,Turdus plebejus,Aves
6268,Turdus plumbeus,Turdus plumbeus,Aves
6269,Turdus poliocephalus,Turdus poliocephalus,Aves
6270,Turdus reevei,Turdus reevei,Aves
6271,Turdus rubrocanus,Turdus rubrocanus,Aves
6272,Turdus ruficollis,Turdus ruficollis,Aves
6273,Turdus rufitorques,Turdus rufitorques,Aves
6274,Turdus rufiventris,Turdus rufiventris,Aves
6275,Turdus rufopalliatus,Turdus rufopalliatus,Aves
6276,Turdus sanchezorum,Turdus sanchezorum,Aves
6277,Turdus serranus,Turdus serranus,Aves
6278,Turdus simillimus,Turdus simillimus,Aves
6279,Turdus smithi,Turdus smithi,Aves
6280,Turdus subalaris,Turdus subalaris,Aves
6281,Turdus swalesi,Turdus swalesi,Aves
6282,Turdus tephronotus,Turdus tephronotus,Aves
6283,Turdus torquatus,Turdus torquatus,Aves
6284,Turdus unicolor,Turdus unicolor,Aves
6285,Turdus viscivorus,Turdus viscivorus,Aves
6286,Turnix maculosus,Turnix maculosus,Aves
6287,Turnix suscitator,Turnix suscitator,Aves
6288,Turnix sylvaticus,Turnix sylvaticus,Aves
6289,Turnix varius,Turnix varius,Aves
6290,Turtur abyssinicus,Turtur abyssinicus,Aves
6291,Turtur afer,Turtur afer,Aves
6292,Turtur brehmeri,Turtur brehmeri,Aves
6293,Turtur chalcospilos,Turtur chalcospilos,Aves
6294,Turtur tympanistria,Turtur tympanistria,Aves
6295,Tylas eduardi,Tylas eduardi,Aves
6296,Tympanuchus cupido,Tympanuchus cupido,Aves
6297,Tympanuchus pallidicinctus,Tympanuchus pallidicinctus,Aves
6298,Tympanuchus phasianellus,Tympanuchus phasianellus,Aves
6299,Tyranneutes stolzmanni,Tyranneutes stolzmanni,Aves
6300,Tyranneutes virescens,Tyranneutes virescens,Aves
6301,Tyrannopsis sulphurea,Tyrannopsis sulphurea,Aves
6302,Tyrannulus elatus,Tyrannulus elatus,Aves
6303,Tyrannus albogularis,Tyrannus albogularis,Aves
6304,Tyrannus caudifasciatus,Tyrannus caudifasciatus,Aves
6305,Tyrannus couchii,Tyrannus couchii,Aves
6306,Tyrannus crassirostris,Tyrannus crassirostris,Aves
6307,Tyrannus dominicensis,Tyrannus dominicensis,Aves
6308,Tyrannus forficatus,Tyrannus forficatus,Aves
6309,Tyrannus melancholicus,Tyrannus melancholicus,Aves
6310,Tyrannus niveigularis,Tyrannus niveigularis,Aves
6311,Tyrannus savana,Tyrannus savana,Aves
6312,Tyrannus tyrannus,Tyrannus tyrannus,Aves
6313,Tyrannus verticalis,Tyrannus verticalis,Aves
6314,Tyrannus vociferans,Tyrannus vociferans,Aves
6315,Tyto alba,Tyto alba,Aves
6316,Tyto novaehollandiae,Tyto novaehollandiae,Aves
6317,Tyto tenebricosa,Tyto tenebricosa,Aves
6318,Upucerthia dumetaria,Upucerthia dumetaria,Aves
6319,Upucerthia saturatior,Upucerthia saturatior,Aves
6320,Upucerthia validirostris,Upucerthia validirostris,Aves
6321,Upupa epops,Upupa epops,Aves
6322,Upupa marginata,Upupa marginata,Aves
6323,Uraeginthus angolensis,Uraeginthus angolensis,Aves
6324,Uraeginthus bengalus,Uraeginthus bengalus,Aves
6325,Uranomitra franciae,Uranomitra franciae,Aves
6326,Uria aalge,Uria aalge,Aves
6327,Uria lomvia,Uria lomvia,Aves
6328,Urocissa caerulea,Urocissa caerulea,Aves
6329,Urocissa erythroryncha,Urocissa erythroryncha,Aves
6330,Urocissa flavirostris,Urocissa flavirostris,Aves
6331,Urocissa ornata,Urocissa ornata,Aves
6332,Urocolius indicus,Urocolius indicus,Aves
6333,Urocolius macrourus,Urocolius macrourus,Aves
6334,Urocynchramus pylzowi,Urocynchramus pylzowi,Aves
6335,Urodynamis taitensis,Urodynamis taitensis,Aves
6336,Uromyias agilis,Uromyias agilis,Aves
6337,Uromyias agraphia,Uromyias agraphia,Aves
6338,Uropsalis lyra,Uropsalis lyra,Aves
6339,Uropsalis segmentata,Uropsalis segmentata,Aves
6340,Uropsila leucogastra,Uropsila leucogastra,Aves
6341,Urosphena pallidipes,Hemitesia pallidipes,Aves
6342,Urosphena squameiceps,Urosphena squameiceps,Aves
6343,Urosphena subulata,Urosphena subulata,Aves
6344,Urosphena whiteheadi,Urosphena whiteheadi,Aves
6345,Urothraupis stolzmanni,Urothraupis stolzmanni,Aves
6346,Urotriorchis macrourus,Urotriorchis macrourus,Aves
6347,Vanellus armatus,Vanellus armatus,Aves
6348,Vanellus cayanus,Hoploxypterus cayanus,Aves
6349,Vanellus chilensis,Vanellus chilensis,Aves
6350,Vanellus cinereus,Vanellus cinereus,Aves
6351,Vanellus coronatus,Vanellus coronatus,Aves
6352,Vanellus duvaucelii,Vanellus duvaucelii,Aves
6353,Vanellus indicus,Vanellus indicus,Aves
6354,Vanellus leucurus,Vanellus leucurus,Aves
6355,Vanellus malabaricus,Vanellus malabaricus,Aves
6356,Vanellus melanocephalus,Vanellus melanocephalus,Aves
6357,Vanellus melanopterus,Vanellus melanopterus,Aves
6358,Vanellus miles,Vanellus miles,Aves
6359,Vanellus resplendens,Vanellus resplendens,Aves
6360,Vanellus senegallus,Vanellus senegallus,Aves
6361,Vanellus spinosus,Vanellus spinosus,Aves
6362,Vanellus tectus,Vanellus tectus,Aves
6363,Vanellus tricolor,Vanellus tricolor,Aves
6364,Vanellus vanellus,Vanellus vanellus,Aves
6365,Vanga curvirostris,Vanga curvirostris,Aves
6366,Vermivora chrysoptera,Vermivora chrysoptera,Aves
6367,Vermivora cyanoptera,Vermivora cyanoptera,Aves
6368,Vidua chalybeata,Vidua chalybeata,Aves
6369,Vidua fischeri,Vidua fischeri,Aves
6370,Vidua funerea,Vidua funerea,Aves
6371,Vidua macroura,Vidua macroura,Aves
6372,Vireo altiloquus,Vireo altiloquus,Aves
6373,Vireo atricapilla,Vireo atricapilla,Aves
6374,Vireo bairdi,Vireo bairdi,Aves
6375,Vireo bellii,Vireo bellii,Aves
6376,Vireo brevipennis,Vireo brevipennis,Aves
6377,Vireo carmioli,Vireo carmioli,Aves
6378,Vireo cassinii,Vireo cassinii,Aves
6379,Vireo chivi,Vireo chivi,Aves
6380,Vireo crassirostris,Vireo crassirostris,Aves
6381,Vireo flavifrons,Vireo flavifrons,Aves
6382,Vireo flavoviridis,Vireo flavoviridis,Aves
6383,Vireo gilvus,Vireo gilvus,Aves
6384,Vireo gracilirostris,Vireo gracilirostris,Aves
6385,Vireo griseus,Vireo griseus,Aves
6386,Vireo gundlachii,Vireo gundlachii,Aves
6387,Vireo huttoni,Vireo huttoni,Aves
6388,Vireo hypochryseus,Vireo hypochryseus,Aves
6389,Vireo latimeri,Vireo latimeri,Aves
6390,Vireo leucophrys,Vireo leucophrys,Aves
6391,Vireo magister,Vireo magister,Aves
6392,Vireo masteri,Vireo masteri,Aves
6393,Vireo modestus,Vireo modestus,Aves
6394,Vireo nelsoni,Vireo nelsoni,Aves
6395,Vireo olivaceus,Vireo olivaceus,Aves
6396,Vireo pallens,Vireo pallens,Aves
6397,Vireo philadelphicus,Vireo philadelphicus,Aves
6398,Vireo plumbeus,Vireo plumbeus,Aves
6399,Vireo sclateri,Vireo sclateri,Aves
6400,Vireo solitarius,Vireo solitarius,Aves
6401,Vireo vicinior,Vireo vicinior,Aves
6402,Vireolanius eximius,Vireolanius eximius,Aves
6403,Vireolanius leucotis,Vireolanius leucotis,Aves
6404,Vireolanius melitophrys,Vireolanius melitophrys,Aves
6405,Vireolanius pulchellus,Vireolanius pulchellus,Aves
6406,Volatinia jacarina,Volatinia jacarina,Aves
6407,Wetmorethraupis sterrhopteron,Wetmorethraupis sterrhopteron,Aves
6408,Willisornis poecilinotus,Willisornis poecilinotus,Aves
6409,Willisornis vidua,Willisornis vidua,Aves
6410,Xanthocephalus xanthocephalus,Xanthocephalus xanthocephalus,Aves
6411,Xanthomixis zosterops,Xanthomixis zosterops,Aves
6412,Xanthopsar flavus,Xanthopsar flavus,Aves
6413,Xanthotis macleayanus,Xanthotis macleayanus,Aves
6414,Xema sabini,Xema sabini,Aves
6415,Xenerpestes singularis,Xenerpestes singularis,Aves
6416,Xenodacnis parina,Xenodacnis parina,Aves
6417,Xenoglaux loweryi,Xenoglaux loweryi,Aves
6418,Xenopipo atronitens,Xenopipo atronitens,Aves
6419,Xenopirostris damii,Xenopirostris damii,Aves
6420,Xenopirostris polleni,Xenopirostris polleni,Aves
6421,Xenops minutus,Xenops minutus,Aves
6422,Xenops rutilans,Xenops rutilans,Aves
6423,Xenops tenuirostris,Xenops tenuirostris,Aves
6424,Xenopsaris albinucha,Xenopsaris albinucha,Aves
6425,Xenospiza baileyi,Xenospiza baileyi,Aves
6426,Xenotriccus callizonus,Xenotriccus callizonus,Aves
6427,Xenotriccus mexicanus,Xenotriccus mexicanus,Aves
6428,Xenus cinereus,Xenus cinereus,Aves
6429,Xiphidiopicus percussus,Xiphidiopicus percussus,Aves
6430,Xiphocolaptes albicollis,Xiphocolaptes albicollis,Aves
6431,Xiphocolaptes major,Xiphocolaptes major,Aves
6432,Xiphocolaptes promeropirhynchus,Xiphocolaptes promeropirhynchus,Aves
6433,Xipholena punicea,Xipholena punicea,Aves
6434,Xiphorhynchus elegans,Xiphorhynchus elegans,Aves
6435,Xiphorhynchus erythropygius,Xiphorhynchus erythropygius,Aves
6436,Xiphorhynchus flavigaster,Xiphorhynchus flavigaster,Aves
6437,Xiphorhynchus fuscus,Xiphorhynchus fuscus,Aves
6438,Xiphorhynchus guttatus,Xiphorhynchus guttatus,Aves
6439,Xiphorhynchus lachrymosus,Xiphorhynchus lachrymosus,Aves
6440,Xiphorhynchus obsoletus,Xiphorhynchus obsoletus,Aves
6441,Xiphorhynchus ocellatus,Xiphorhynchus ocellatus,Aves
6442,Xiphorhynchus pardalotus,Xiphorhynchus pardalotus,Aves
6443,Xiphorhynchus spixii,Xiphorhynchus spixii,Aves
6444,Xiphorhynchus susurrans,Xiphorhynchus susurrans,Aves
6445,Xiphorhynchus triangularis,Xiphorhynchus triangularis,Aves
6446,Xolmis irupero,Xolmis irupero,Aves
6447,Yuhina brunneiceps,Yuhina brunneiceps,Aves
6448,Yuhina flavicollis,Yuhina flavicollis,Aves
6449,Yuhina gularis,Yuhina gularis,Aves
6450,Yuhina nigrimenta,Yuhina nigrimenta,Aves
6451,Yuhina occipitalis,Yuhina occipitalis,Aves
6452,Yungipicus canicapillus,Yungipicus canicapillus,Aves
6453,Yungipicus kizuki,Yungipicus kizuki,Aves
6454,Yungipicus moluccensis,Yungipicus moluccensis,Aves
6455,Yungipicus nanus,Yungipicus nanus,Aves
6456,Zapornia bicolor,Zapornia bicolor,Aves
6457,Zapornia flavirostra,Zapornia flavirostra,Aves
6458,Zapornia fusca,Zapornia fusca,Aves
6459,Zapornia parva,Zapornia parva,Aves
6460,Zapornia paykullii,Zapornia paykullii,Aves
6461,Zapornia pusilla,Zapornia pusilla,Aves
6462,Zapornia tabuensis,Zapornia tabuensis,Aves
6463,Zavattariornis stresemanni,Zavattariornis stresemanni,Aves
6464,Zebrilus undulatus,Zebrilus undulatus,Aves
6465,Zeledonia coronata,Zeledonia coronata,Aves
6466,Zenaida asiatica,Zenaida asiatica,Aves
6467,Zenaida auriculata,Zenaida auriculata,Aves
6468,Zenaida aurita,Zenaida aurita,Aves
6469,Zenaida macroura,Zenaida macroura,Aves
6470,Zenaida meloda,Zenaida meloda,Aves
6471,Zentrygon albifacies,Zentrygon albifacies,Aves
6472,Zentrygon carrikeri,Zentrygon carrikeri,Aves
6473,Zentrygon frenata,Zentrygon frenata,Aves
6474,Zentrygon goldmani,Zentrygon goldmani,Aves
6475,Zentrygon lawrencii,Zentrygon lawrencii,Aves
6476,Zentrygon linearis,Zentrygon linearis,Aves
6477,Zimmerius acer,Zimmerius acer,Aves
6478,Zimmerius albigularis,Zimmerius albigularis,Aves
6479,Zimmerius bolivianus,Zimmerius bolivianus,Aves
6480,Zimmerius chrysops,Zimmerius chrysops,Aves
6481,Zimmerius cinereicapilla,Zimmerius cinereicapilla,Aves
6482,Zimmerius gracilipes,Zimmerius gracilipes,Aves
6483,Zimmerius parvus,Zimmerius parvus,Aves
6484,Zimmerius vilissimus,Zimmerius vilissimus,Aves
6485,Zimmerius villarejoi,Zimmerius villarejoi,Aves
6486,Zimmerius viridiflavus,Zimmerius viridiflavus,Aves
6487,Zonotrichia albicollis,Zonotrichia albicollis,Aves
6488,Zonotrichia atricapilla,Zonotrichia atricapilla,Aves
6489,Zonotrichia capensis,Zonotrichia capensis,Aves
6490,Zonotrichia leucophrys,Zonotrichia leucophrys,Aves
6491,Zonotrichia querula,Zonotrichia querula,Aves
6492,Zoothera aurea,Zoothera aurea,Aves
6493,Zoothera heinei,Zoothera heinei,Aves
6494,Zoothera lunulata,Zoothera lunulata,Aves
6495,Zoothera major,Zoothera major,Aves
6496,Zosterops abyssinicus,Zosterops abyssinicus,Aves
6497,Zosterops anderssoni,Zosterops anderssoni,Aves
6498,Zosterops atricapilla,Zosterops atricapilla,Aves
6499,Zosterops atriceps,Zosterops atriceps,Aves
6500,Zosterops atrifrons,Zosterops atrifrons,Aves
6501,Zosterops auriventer,Zosterops auriventer,Aves
6502,Zosterops ceylonensis,Zosterops ceylonensis,Aves
6503,Zosterops chloronothos,Zosterops chloronothos,Aves
6504,Zosterops citrinella,Zosterops citrinella,Aves
6505,Zosterops erythropleurus,Zosterops erythropleurus,Aves
6506,Zosterops eurycricotus,Zosterops eurycricotus,Aves
6507,Zosterops everetti,Zosterops everetti,Aves
6508,Zosterops flavifrons,Zosterops flavifrons,Aves
6509,Zosterops flavilateralis,Zosterops flavilateralis,Aves
6510,Zosterops japonicus,Zosterops japonicus,Aves
6511,Zosterops lateralis,Zosterops lateralis,Aves
6512,Zosterops luteus,Zosterops luteus,Aves
6513,Zosterops maderaspatanus,Zosterops maderaspatanus,Aves
6514,Zosterops mauritianus,Zosterops mauritianus,Aves
6515,Zosterops metcalfii,Zosterops metcalfii,Aves
6516,Zosterops meyeni,Zosterops meyeni,Aves
6517,Zosterops pallidus,Zosterops pallidus,Aves
6518,Zosterops palpebrosus,Zosterops palpebrosus,Aves
6519,Zosterops senegalensis,Zosterops senegalensis,Aves
6520,Zosterops simplex,Zosterops simplex,Aves
6521,Zosterops virens,Zosterops virens,Aves
